iteration,loss,ppl,time
1,10.70036,44371.82611274912,0.00013124768518518517
2,10.70063,44383.808123298215,0.0002493900462962963
3,10.70051,44378.48238587403,0.00035452777777777777
4,10.69778,44257.49435276842,0.00045960416666666665
5,10.69148,43979.54858681378,0.0005647499999999999
6,10.69052,43937.34847946289,0.0006701979166666666
7,10.66211,42706.65321172058,0.0007756747685185184
8,10.65464,42388.82308568234,0.0008811898148148147
9,10.56805,38872.79781378224,0.0009867314814814812
10,10.53885,37754.12423620946,0.001092216435185185
11,10.52394,37195.38598844945,0.001197841435185185
12,10.28143,29185.579105083536,0.001303534722222222
13,10.24844,28238.455551247873,0.001409108796296296
14,10.16716,26034.035015066125,0.0015144814814814812
15,10.12727,25015.97750718196,0.0016198263888888885
16,9.775103,17590.301886891608,0.0017252407407407403
17,9.723961,16713.315232064815,0.0018305659722222217
18,9.642095,15399.572064559343,0.0019357442129629625
19,9.585925,14558.422920727673,0.0020409907407407404
20,9.431158,12470.959744665332,0.002146336805555555
21,9.353638,11540.732350920702,0.002251612268518518
22,9.294805,10881.343540888156,0.002356988425925925
23,9.194643,9844.251896309044,0.0024623668981481476
24,9.145509,9372.254925356347,0.0025679976851851844
25,9.052905,8543.320256148389,0.002673873842592592
26,9.027311,8327.436960498706,0.0027805891203703695
27,8.964254,7818.546916742217,0.0028859837962962953
28,8.914343,7437.893827138243,0.002991145833333332
29,8.881876,7200.2858096427135,0.003096369212962962
30,8.825171,6803.3539669508555,0.003201806712962962
31,8.767784,6423.921270337183,0.003307034722222221
32,8.732671,6202.272275882692,0.0034123287037037026
33,8.694489,5969.921158392325,0.003517474537037036
34,8.677208,5867.641245772563,0.0036227094907407397
35,8.62654,5577.745826441652,0.0037280023148148138
36,8.613191,5503.783258876681,0.0038334363425925914
37,8.580271,5325.548553426742,0.003939269675925925
38,8.567501,5257.973682251956,0.0040450289351851845
39,8.517857,5003.320144767191,0.004150600694444444
40,8.500844,4918.918656176312,0.004256140046296295
41,8.48712,4851.872539323971,0.004361275462962962
42,8.457891,4712.109671514616,0.004466431712962962
43,8.412742,4504.093820109993,0.004571641203703703
44,8.394913,4424.501961348525,0.004676855324074073
45,8.346654,4216.05021192643,0.004782098379629628
46,8.326826,4133.2776869511745,0.00488720023148148
47,8.282503,3954.079066039868,0.00499414236111111
48,8.270737,3907.8280003454265,0.005099177083333332
49,8.210592,3679.7202159565345,0.005204362268518518
50,8.201853,3647.703242914413,0.005309795138888888
51,8.172166,3541.0054810759934,0.005415233796296296
52,8.137469,3420.250250361543,0.005520626157407406
53,8.118586,3356.2716201689946,0.005625943287037036
54,8.085855,3248.195856142345,0.0057312997685185175
55,8.067895,3190.379007978768,0.005836494212962962
56,8.025516,3057.998818116842,0.005941684027777777
57,7.986042,2939.638812810026,0.006048842592592592
58,7.992715,2959.3206179165554,0.006154187499999999
59,7.958686,2860.3120321126985,0.006259560185185184
60,7.925967,2768.239949670093,0.006364913194444443
61,7.900611,2698.930871349705,0.006470107638888887
62,7.879715,2643.1191633871076,0.006575458333333332
63,7.875648,2632.3914273875967,0.0066808553240740726
64,7.861964,2596.61512283419,0.006786388888888887
65,7.847925,2560.4159378538056,0.006891861111111109
66,7.791326,2419.5237445248645,0.006997314814814813
67,7.751246,2324.4668967275434,0.007102552083333331
68,7.754388,2331.7818575025644,0.007207990740740739
69,7.752625,2327.674547745191,0.007313429398148146
70,7.696896,2201.503907234894,0.007418903935185183
71,7.691761,2190.228159929226,0.007524390046296294
72,7.683234,2171.6314840170635,0.007629696759259257
73,7.637821,2075.2169885653025,0.007735206018518516
74,7.640358,2080.4884981477503,0.007840622685185183
75,7.595341,1988.90795348937,0.007945938657407406
76,7.591525,1981.3327434320672,0.008051229166666665
77,7.574216,1947.3329550062742,0.00815665509259259
78,7.530557,1864.1435423889723,0.008261979166666664
79,7.498653,1805.6086208517747,0.00836731134259259
80,7.529287,1861.7775827924868,0.008472767361111109
81,7.478148,1768.961623447615,0.008578131944444442
82,7.484749,1780.6771637244076,0.00868356134259259
83,7.432518,1690.057785607968,0.008788796296296295
84,7.38593,1613.1273060075866,0.008894082175925924
85,7.404392,1643.185475532992,0.008999277777777776
86,7.382192,1607.108691935425,0.00910447222222222
87,7.356995,1567.1202838444092,0.009209886574074072
88,7.337974,1537.5937908515723,0.009315144675925924
89,7.31891,1508.5587442470178,0.009420468749999997
90,7.262517,1425.8408658906578,0.009525935185185182
91,7.257002,1417.9989973437953,0.009631281249999997
92,7.271266,1438.3702776160435,0.009736719907407404
93,7.21374,1357.9615581189955,0.009842109953703701
94,7.18426,1318.5131774273284,0.009947340277777775
95,7.160253,1287.23656256232,0.0100527037037037
96,7.152932,1277.8471156952346,0.010158050925925923
97,7.12297,1240.1281499586212,0.01026356597222222
98,7.12089,1237.5513641929215,0.010368961805555554
99,7.063304,1168.2988553900593,0.010474444444444442
100,7.054827,1158.4370443344321,0.010580074074074072
101,7.04469,1146.7532871896392,0.010685644675925924
102,7.003581,1100.567241540524,0.010791194444444442
103,6.974877,1069.4256418302657,0.01089675347222222
104,6.980838,1075.8195261202518,0.01100203935185185
105,6.938506,1031.2284082756225,0.011107209490740738
106,6.928573,1021.0359212857612,0.011212506944444442
107,6.891989,984.3573581755595,0.011317847222222219
108,6.864044,957.2302900832927,0.011423371527777774
109,6.834034,928.9305702365253,0.011529103009259255
110,6.842842,937.14873034536,0.01163564583333333
111,6.80292,900.4728371729627,0.01174119907407407
112,6.79224,890.90695998156,0.011846726851851848
113,6.771622,872.726308663028,0.011952182870370366
114,6.731525,838.4248894750519,0.012057611111111107
115,6.711108,821.4803355977386,0.01216302083333333
116,6.715144,824.8025299106513,0.012268380787037033
117,6.675808,792.9879293354334,0.012373767361111107
118,6.63868,764.0857338868237,0.012479163194444441
119,6.63231,759.233977013367,0.012584501157407404
120,6.59565,731.904470014454,0.012689988425925922
121,6.592638,729.7032903914007,0.012795556712962959
122,6.565967,710.4986162761983,0.012901309027777775
123,6.555059,702.7906132459506,0.013007137731481478
124,6.533953,688.1129527728865,0.013112938657407404
125,6.514818,675.071087404053,0.013218430555555553
126,6.48137,652.8647585892019,0.01332397222222222
127,6.475897,649.3013898187608,0.013429374999999997
128,6.455849,636.4138122804317,0.013534709490740737
129,6.414717,610.7678890452905,0.013639952546296293
130,6.41347,610.0067361651055,0.013745290509259257
131,6.405252,605.014243058995,0.013850605324074072
132,6.413448,609.9933161645301,0.013955953703703701
133,6.349939,572.4577880235222,0.014061731481481479
134,6.332693,562.6698252117338,0.014168652777777775
135,6.326159,559.005325531667,0.014274324074074071
136,6.339333,566.418384294599,0.014379887731481479
137,6.295397,542.0710058704439,0.014485444444444441
138,6.273781,530.4793331549054,0.014591100694444442
139,6.255459,520.8483893100865,0.014696563657407406
140,6.266804,526.7910603487968,0.014802141203703701
141,6.219651,502.5278192035808,0.014907331018518516
142,6.214549,499.97045166204276,0.015012622685185183
143,6.179432,482.7176948192265,0.015117935185185182
144,6.196512,491.0333263838453,0.015224892361111108
145,6.165556,476.06576192810536,0.015330130787037034
146,6.163983,475.3174991475569,0.015435685185185182
147,6.146643,467.14654065542635,0.015541254629629627
148,6.115534,452.83779820221787,0.015646769675925924
149,6.096079,444.1129846532527,0.015752305555555554
150,6.105083,448.12983468812,0.015857835648148147
151,6.077321,435.8599603944215,0.015963188657407406
152,6.052971,425.3749435012413,0.016068531249999997
153,6.049851,424.0498419109206,0.016173971064814812
154,6.04678,422.7495824167652,0.016279309027777775
155,6.008116,406.7163444166253,0.01638480671296296
156,6.021613,412.24300770578026,0.016490138888888888
157,5.983826,396.95622098121976,0.016595565972222222
158,5.993718,400.90239753010104,0.01670093865740741
159,5.989857,399.3574977215102,0.016806333333333333
160,5.955415,385.8369998121497,0.016911778935185185
161,5.907423,367.75722287159124,0.017017471064814816
162,5.930241,376.24517798716363,0.017123114583333335
163,5.890145,361.45769193797685,0.017228842592592594
164,5.878837,357.39335144780864,0.01733418865740741
165,5.886321,360.07811715212,0.017439621527777782
166,5.864335,352.2478333948344,0.01754511226851852
167,5.884621,359.46650437112214,0.017650431712962968
168,5.847354,346.3168127853946,0.017755839120370376
169,5.845144,345.5522977294397,0.017861224537037042
170,5.841386,344.2561491831023,0.01796652893518519
171,5.799537,330.14666661094043,0.018071840277777782
172,5.827939,339.6579222121772,0.018177192129629635
173,5.790682,327.23612332669035,0.01828289583333334
174,5.78513,325.4243425274439,0.01838867708333334
175,5.795149,328.7011568057496,0.018494434027777784
176,5.773618,321.69953860372055,0.018600077546296303
177,5.748354,313.6739278463275,0.018705571759259267
178,5.751509,314.66513189085737,0.018811201388888896
179,5.747706,313.4707329833289,0.018916706018518525
180,5.742398,311.8112385272737,0.019022180555555563
181,5.725171,306.4856698121836,0.019127707175925934
182,5.68345,293.9618508777361,0.019233199074074083
183,5.677482,292.21271117616027,0.01933885300925927
184,5.703529,299.92396723973553,0.01944427662037038
185,5.659782,287.0860509747073,0.019550020833333345
186,5.674833,291.4396640572156,0.0196557013888889
187,5.682722,293.74792452893627,0.019761336805555568
188,5.639677,281.3718206979939,0.019867111111111124
189,5.623538,276.8672086257943,0.019972839120370383
190,5.636006,280.34079834360165,0.02007849189814816
191,5.605443,271.9023514996806,0.020184017361111122
192,5.608482,272.7299195986962,0.02028950925925927
193,5.583145,265.90656827672143,0.02039491666666668
194,5.581058,265.3521999532891,0.0205016076388889
195,5.595685,269.2620314259767,0.020607069444444456
196,5.55995,259.80984550590773,0.020712497685185197
197,5.563441,260.71842668226645,0.02081801504629631
198,5.53606,253.67654230679491,0.020923506944444458
199,5.565775,261.3276541820685,0.021029181712962978
200,5.513606,248.043962847261,0.021135084490740755
201,5.538218,254.22456739148154,0.021240974537037053
202,5.522007,250.13655781693726,0.021346657407407422
203,5.476696,239.05556154570567,0.021452112268518533
204,5.484742,240.98676139237688,0.021557645833333347
205,5.480974,240.08043187259102,0.021662935185185198
206,5.462502,235.68637459049626,0.021768396990740752
207,5.486977,241.52596914429645,0.021873837962962973
208,5.461231,235.3870074964808,0.021979358796296308
209,5.456028,234.16546948332586,0.022085130787037048
210,5.425104,227.0349567230147,0.022190787037037047
211,5.410388,223.71837357194028,0.02229657986111112
212,5.41635,225.0561665132329,0.02240254398148149
213,5.422861,226.52628800031889,0.022508194444444452
214,5.387039,218.55528431673093,0.022613537037037043
215,5.398443,221.06195464706784,0.0227190613425926
216,5.389348,219.060511528567,0.022824434027777785
217,5.365623,213.92446811805272,0.022929769675925932
218,5.365539,213.90649921743514,0.0230353113425926
219,5.361381,213.01892254436535,0.023140774305555563
220,5.339825,208.4762237574604,0.0232462175925926
221,5.354092,211.4718726906268,0.023351761574074082
222,5.342836,209.10489165174405,0.023458681712962972
223,5.290483,198.4392484232489,0.023564569444444454
224,5.312404,202.83726351886304,0.023670226851851862
225,5.324718,205.35044347381157,0.02377583564814816
226,5.309743,202.29823106139452,0.023881377314814826
227,5.266938,193.82157124572151,0.023986848379629642
228,5.282653,196.89153630839365,0.02409238425925927
229,5.266526,193.7417332061338,0.024197802083333345
230,5.282945,196.94903703169274,0.024303408564814825
231,5.237579,188.21388456227484,0.024408798611111122
232,5.249674,190.5041539803225,0.0245157638888889
233,5.255741,191.66345586878953,0.024621141203703713
234,5.240723,188.8065602132585,0.024726583333333343
235,5.232091,187.18379591241407,0.0248323576388889
236,5.213127,183.6674894061336,0.024938061342592605
237,5.235189,187.76459049844496,0.025043721064814825
238,5.246754,189.94869321808625,0.02514925578703705
239,5.204179,182.0313636541271,0.025254784722222236
240,5.200928,181.44054059413895,0.025360293981481496
241,5.208619,182.84137981393204,0.02546564467592594
242,5.174937,176.7854764405784,0.02557101041666668
243,5.177665,177.26840563623534,0.025676420138888902
244,5.183518,178.3089999429752,0.025781946759259274
245,5.143687,171.34635913894334,0.02588736342592594
246,5.17271,176.39221324564622,0.025992629629629643
247,5.141806,171.02435957293534,0.026097989583333345
248,5.123034,167.84383608611918,0.026203458333333346
249,5.138033,170.38030044585327,0.026309000000000013
250,5.107202,165.20745711674962,0.02641466550925927
251,5.116581,166.76422691718906,0.02652039351851853
252,5.082816,161.22743372643995,0.026625890046296306
253,5.089558,162.31810159469126,0.026731493055555566
254,5.076417,160.19903325450875,0.026837052083333344
255,5.071959,159.48645548025203,0.02694254861111112
256,5.079616,160.71233054316315,0.02704811458333334
257,5.066709,158.6513456703737,0.027153574074074083
258,5.039797,154.43866079540268,0.027258792824074084
259,5.077934,160.4422396133383,0.027364172453703713
260,5.04791,155.69671805920922,0.027469657407407415
261,5.06321,158.09719466443036,0.027575146990740748
262,5.028056,152.6359997090951,0.02768067708333334
263,5.031229,153.12108291369418,0.0277863425925926
264,5.000842,148.53817560710328,0.027891805555555562
265,5.024985,152.16797357594695,0.02799733449074075
266,5.02271,151.8221849197974,0.028102828703703713
267,4.991396,147.14168998556914,0.028208167824074083
268,4.986091,146.36317016983133,0.02831362500000001
269,5.017788,151.07675214060095,0.028418893518518527
270,4.976542,144.97220001432018,0.02852426851851853
271,4.990391,146.9938868706393,0.028629734953703714
272,4.963422,143.08258771236194,0.028735045138888898
273,4.970426,144.08825589550722,0.02884061921296297
274,4.964691,143.26427477222668,0.02894611111111112
275,4.961253,142.77257790678638,0.029051710648148158
276,4.941155,139.9317774626517,0.029157578703703713
277,4.94892,141.02257726404866,0.029263128472222233
278,4.941275,139.9485702834963,0.029368725694444455
279,4.904304,134.8690085029598,0.02947427314814816
280,4.943167,140.21360362094902,0.02958074189814816
281,4.900231,134.32080420723705,0.029686033564814827
282,4.917043,136.59809483441396,0.029791245370370385
283,4.870777,130.4222155983367,0.029896722222222238
284,4.912824,136.02300148478164,0.030002108796296313
285,4.894895,133.60597725040674,0.030107473379629646
286,4.877108,131.25053793293736,0.03021318634259261
287,4.878489,131.43192014141064,0.0303187314814815
288,4.880873,131.74562762977538,0.030424192129629647
289,4.865319,129.71231023965004,0.030529706018518534
290,4.855962,128.5042528632925,0.030635262731481497
291,4.844057,126.98348009429026,0.03074084722222224
292,4.812625,123.05421123225956,0.03084634606481483
293,4.814276,123.25754153798499,0.030951690972222237
294,4.784575,119.6505008135463,0.031057210648148162
295,4.789316,120.2191106624932,0.031162443287037052
296,4.81575,123.43935711937661,0.03126781944444446
297,4.798646,121.3460037466567,0.03137323495370372
298,4.816953,123.58794402309404,0.03147878356481483
299,4.775559,118.57658040615777,0.03158440277777779
300,4.789026,120.18425217512596,0.03169000925925927
301,4.755057,116.17027468134093,0.031795913194444456
302,4.775222,118.53662683111641,0.03190164004629631
303,4.719677,112.13202817276839,0.032007192129629644
304,4.757389,116.441499887573,0.03211270833333335
305,4.758646,116.587958883126,0.03221790625000002
306,4.743987,114.89136158493685,0.03232345717592595
307,4.731031,113.41243030852245,0.0324288402777778
308,4.707898,110.81897343042226,0.032535567129629656
309,4.742164,114.68210542770709,0.032641769675925955
310,4.71219,111.29563063903647,0.03274747569444447
311,4.699698,109.9139734193492,0.03285320138888892
312,4.694251,109.3168996129007,0.03295914120370373
313,4.68269,108.06036433398991,0.03306495023148151
314,4.695784,109.4846109378931,0.033170863425925956
315,4.681794,107.96358561088923,0.03327644560185188
316,4.6782,107.57626092358419,0.03338188425925929
317,4.695725,109.47815153640205,0.03348737500000003
318,4.675133,107.2468299719282,0.033592803240740765
319,4.659152,105.54654072992136,0.03369990740740743
320,4.675479,107.28394379541973,0.03380529166666669
321,4.662175,105.86609067894459,0.03391069560185187
322,4.669568,106.65165896246621,0.03401621180555558
323,4.606065,100.08952144774051,0.03412187037037039
324,4.640461,103.59209253188205,0.034227302083333355
325,4.632418,102.76224304492494,0.034332820601851874
326,4.609403,100.42417850222121,0.03443829861111113
327,4.618932,101.38569436589478,0.03454387847222225
328,4.62875,102.38600158610791,0.034649604166666695
329,4.617539,101.24456241486857,0.034754975694444475
330,4.580499,97.56306603237377,0.034860344907407435
331,4.631575,102.67565097772238,0.034965921296296325
332,4.600487,99.5327763028646,0.03507135763888892
333,4.574531,96.98254365610235,0.03517690625000003
334,4.593711,98.86062204105748,0.0352823402777778
335,4.573004,96.83456432291432,0.0353878865740741
336,4.563538,95.92225311827069,0.03549347569444447
337,4.569237,96.47047471243587,0.035599072916666696
338,4.576137,97.13842275862928,0.03570481481481484
339,4.550935,94.72093099460221,0.03581038888888892
340,4.54751,94.39706674007569,0.035916329861111145
341,4.543698,94.03791010912008,0.0360218229166667
342,4.538486,93.54905957276169,0.03612719560185189
343,4.532761,93.01502134973994,0.03623247800925929
344,4.538555,93.55551468057085,0.03633785879629633
345,4.516719,91.53477914434586,0.03644322685185188
346,4.523412,92.14947621021474,0.03654861226851855
347,4.5064,90.5950884309034,0.036654209490740775
348,4.498715,89.90153357424624,0.03675962731481485
349,4.480884,88.31270661221501,0.03686533564814819
350,4.476197,87.89975346799528,0.03697124074074078
351,4.468697,87.24297132867115,0.037076883101851886
352,4.480493,88.27818309371737,0.03718252314814818
353,4.47847,88.09977684808061,0.03728823958333337
354,4.481289,88.34848050211673,0.03739368055555559
355,4.481417,88.35978983140265,0.03749933449074078
356,4.46429,86.85933751204058,0.03760482870370374
357,4.474164,87.72123479491216,0.03771018750000004
358,4.444846,85.18675806638392,0.037815556712963
359,4.462746,86.7253301752081,0.03792094212962967
360,4.457416,86.26431386525363,0.038026337962963
361,4.421258,83.20088626550036,0.03813182638888893
362,4.418253,82.95124287931742,0.038237363425925965
363,4.439561,84.73773364219373,0.03834299652777782
364,4.422287,83.2865440408348,0.03844964814814819
365,4.42633,83.62395315130566,0.038555122685185225
366,4.415162,82.69523644934468,0.03866070949074078
367,4.427417,83.71490181002197,0.038766136574074114
368,4.419879,83.08623131609723,0.03887155787037041
369,4.419553,83.05914961924458,0.038976975694444485
370,4.366136,78.73879642770096,0.03908249537037041
371,4.394375,80.99399369423304,0.03918790509259263
372,4.396668,81.1799260117089,0.039293331018518556
373,4.367993,78.88515022010567,0.03939862037037041
374,4.38867,80.53323851404247,0.039504181712963
375,4.380241,79.8572766898578,0.03960970254629633
376,4.374121,79.37004261354343,0.03971531250000004
377,4.359169,78.19212975755798,0.03982081018518522
378,4.354938,77.8619977433141,0.03992651620370374
379,4.368161,78.8984040386322,0.0400320416666667
380,4.345683,77.14470932628869,0.040137467592592624
381,4.345301,77.11524567524167,0.04024297685185188
382,4.362026,78.4158440960365,0.04034854745370373
383,4.347955,77.32018136663383,0.04045412384259262
384,4.3337,76.22580090986273,0.04055965972222225
385,4.356297,77.96788413175157,0.040665063657407435
386,4.328685,75.84448546595577,0.040770640046296325
387,4.30574,74.12404695743825,0.040876062500000025
388,4.32454,75.53076071741664,0.04098156134259262
389,4.291343,73.06452829924449,0.04108701620370373
390,4.302686,73.89801744078196,0.04119260995370373
391,4.292623,73.15811077547514,0.0412980428240741
392,4.304214,74.0110199233418,0.041403688657407435
393,4.321009,75.26453190490278,0.04150919560185188
394,4.276661,71.99963143178736,0.041614818287037066
395,4.286748,72.72956695476337,0.04172158101851855
396,4.267539,71.34583728254081,0.041827148148148176
397,4.27732,72.0470948263717,0.04193343865740744
398,4.281486,72.34786910122432,0.042038743055555584
399,4.269283,71.47037298633025,0.042144020833333365
400,4.281844,72.37377427511203,0.04224943865740744
401,4.253893,70.37886464649746,0.04235538194444448
402,4.257442,70.62908298693972,0.04246077430555559
403,4.246434,69.85586165958256,0.04256644907407411
404,4.236323,69.15310780147513,0.042672078703703736
405,4.248957,70.03233052040783,0.04277770601851855
406,4.196081,66.425498744295,0.04288307638888893
407,4.225719,68.4236824943219,0.04299031597222226
408,4.237915,69.26328722864866,0.04309556134259263
409,4.242003,69.5470150914588,0.04320111574074078
410,4.222185,68.18229997452137,0.04330656481481485
411,4.216044,67.76487548409679,0.04341231365740745
412,4.211088,67.4298636063421,0.04351806828703708
413,4.200469,66.71761426552608,0.04362376157407412
414,4.225276,68.39337751602523,0.043729369212963005
415,4.178293,65.2543688815221,0.04383490740740745
416,4.191129,66.09737278492209,0.043940633101851895
417,4.194395,66.31359971080431,0.044046021990740786
418,4.190781,66.07437490105683,0.04415165856481486
419,4.174678,65.01890020407961,0.044257204861111156
420,4.18551,65.72701314709758,0.044362740740740786
421,4.179379,65.32527362043191,0.0444683055555556
422,4.20375,66.93687425725399,0.04457376041666671
423,4.181069,65.43576667318175,0.044679277777777825
424,4.171284,64.7986001175079,0.044784866898148194
425,4.165774,64.44254167270623,0.04489034837962968
426,4.158104,63.95015808300611,0.04499571759259264
427,4.141539,62.899549404481725,0.045101241898148195
428,4.157235,63.894609534971785,0.04520673958333338
429,4.142849,62.98200180873501,0.045312432870370414
430,4.152054,63.56442763775829,0.045418182870370416
431,4.124308,61.825011536083636,0.04552359722222227
432,4.095994,60.09904793091732,0.04562909722222227
433,4.121767,61.66811360501186,0.045734497685185234
434,4.132275,62.31953873633248,0.04583987847222227
435,4.105281,60.65978755325401,0.04594538194444449
436,4.135984,62.551111090964994,0.046050857638888935
437,4.117775,61.422425215800914,0.04615612500000005
438,4.112725,61.11302386441543,0.04626157175925931
439,4.098359,60.24135038559915,0.04636690625000005
440,4.086762,59.54676677280818,0.04647231481481486
441,4.077414,58.9927172590768,0.046577827546296344
442,4.10375,60.56698847433135,0.04668342013888894
443,4.08622,59.51450116998554,0.0467888043981482
444,4.055017,57.68614365226958,0.0468942581018519
445,4.08779,59.608012323870255,0.046999770833333385
446,4.059278,57.93246873326472,0.047105236111111164
447,4.072619,58.710524278173395,0.04721073495370376
448,4.063467,58.175656846675594,0.04731636342592598
449,4.064796,58.253023693507174,0.04742213425925931
450,4.064846,58.25593641750934,0.04752881250000005
451,4.071501,58.64492259020701,0.04763449305555561
452,4.053843,57.61845985778305,0.0477400694444445
453,4.066862,58.37349884844045,0.047845578703703755
454,4.045834,57.158836630834244,0.0479510231481482
455,4.045604,57.14569161014447,0.04805662152777783
456,4.061231,58.04572139993236,0.0481621481481482
457,4.025163,55.98943431568637,0.04826755671296301
458,4.020904,55.75148239324035,0.048372809027777824
459,4.013813,55.357546980259485,0.04847817129629634
460,4.024738,55.965643861931724,0.0485836342592593
461,3.997219,54.44652351230207,0.0486891180555556
462,4.030548,56.29175067572291,0.048794687500000045
463,3.995243,54.33904340715767,0.04890020486111116
464,3.996533,54.40918600540174,0.04900570254629634
465,3.977991,53.40962643298325,0.04911115972222226
466,3.996928,54.430681879029436,0.049216700231481524
467,3.982956,53.675464625432916,0.04932223379629634
468,3.998393,54.510481266761445,0.04942787152777782
469,3.964252,52.68084937306803,0.04953331134259263
470,3.970346,53.00286665926056,0.04963885185185189
471,3.985801,53.82838875371712,0.049744247685185226
472,3.968206,52.88956180404571,0.04984967129629634
473,3.982617,53.65727172679543,0.04995513541666671
474,3.965913,52.768424975279814,0.05006071527777783
475,3.947477,51.804499063421005,0.05016612962962968
476,3.952634,52.072344912006386,0.05027157175925931
477,3.951978,52.0381966555968,0.05037691087962968
478,3.92942,50.877460183051745,0.05048224652777783
479,3.934774,51.15058861724773,0.05058754050925931
480,3.920878,50.44471580071559,0.05069289467592598
481,3.904151,49.607944883182434,0.0507982256944445
482,3.9298,50.89679729173928,0.050903726851851905
483,3.925839,50.695593824199584,0.051010732638888945
484,3.933094,51.06472777167551,0.05111627083333339
485,3.897092,49.258995466215374,0.05122247106481487
486,3.911361,49.96691068245506,0.05132809490740746
487,3.910435,49.920662739265524,0.05143342824074079
488,3.907895,49.79402515372599,0.05153873958333338
489,3.900991,49.45143119921247,0.05164404282407412
490,3.905592,49.67948146148506,0.0517493831018519
491,3.921144,50.45813587990998,0.05185479976851856
492,3.921818,50.49215612702844,0.05196041203703708
493,3.867397,47.81775432844791,0.05206603819444448
494,3.896049,49.207645117805946,0.05217293865740744
495,3.903355,49.56847267108001,0.05227859375000003
496,3.878011,48.32799503012077,0.05238405208333337
497,3.891605,48.98945152815308,0.05248954976851855
498,3.830804,46.09958740672637,0.05259506712962966
499,3.840229,46.536129993450245,0.05270051736111114
500,3.846177,46.81375172318459,0.05280603125000003
501,3.880581,48.45235771494793,0.052911846064814846
502,3.826426,45.89820456176405,0.053017379629629664
503,3.838209,46.44222188997987,0.053122879629629666
504,3.845617,46.78754336124585,0.053228559027777816
505,3.827823,45.96236916207479,0.053334037037037076
506,3.812113,45.24594260781263,0.05343969328703708
507,3.82354,45.76593330263293,0.05354517824074078
508,3.816774,45.45732619306224,0.053650420138888925
509,3.823513,45.764697639115305,0.05375590393518522
510,3.815363,45.39323113550095,0.05386132986111115
511,3.820937,45.646959489840185,0.05396702893518522
512,3.812111,45.24585211601789,0.054072849537037074
513,3.799677,44.68674834227338,0.054178627314814855
514,3.804543,44.90472396429399,0.054284479166666705
515,3.790884,44.29554023113868,0.05439007870370374
516,3.787973,44.166783410001905,0.05449565277777782
517,3.768047,43.29542624571291,0.054601023148148194
518,3.78435,44.007056673406915,0.0547064768518519
519,3.805579,44.95126936467532,0.05481220949074079
520,3.77254,43.49039025450174,0.05491770370370375
521,3.789895,44.25175359790926,0.055023184027777824
522,3.789817,44.248302095738964,0.05512853819444449
523,3.741745,42.1715152898491,0.055233939814814864
524,3.78334,43.96263198441118,0.05533949074074079
525,3.776033,43.64256781103609,0.05544519675925931
526,3.77742,43.7031420511146,0.05555076041666672
527,3.753707,42.67900017152722,0.05565649884259265
528,3.707059,40.73383199102597,0.05576224074074079
529,3.736526,41.95199548674999,0.055867687500000054
530,3.734551,41.869222061326944,0.05597327083333339
531,3.737117,41.976796444043664,0.056078660879629684
532,3.713367,40.99159312713769,0.05618411921296302
533,3.730485,41.699327434265534,0.05628967708333339
534,3.718185,41.18956715930157,0.056395096064814874
535,3.704689,40.63740711781606,0.05650181250000006
536,3.730726,41.709378183243814,0.05660728240740747
537,3.713824,41.01033056637555,0.05671270717592599
538,3.682606,39.74984731655468,0.05681823495370377
539,3.701281,40.499150557352195,0.05692398495370377
540,3.685156,39.851338773824246,0.057029765046296366
541,3.694004,40.20550795317422,0.05713554050925933
542,3.691534,40.1063228925063,0.057241059027777846
543,3.658329,38.79645979230443,0.05734656134259266
544,3.712265,40.946445272548445,0.057452219907407474
545,3.657578,38.76733458888318,0.05755760300925933
546,3.68445,39.82321365798403,0.057663001157407474
547,3.673384,39.38495930920001,0.05776853125000007
548,3.637524,37.99763800380862,0.05787400347222229
549,3.685251,39.85512483084262,0.05797947800925932
550,3.641507,38.14928439929426,0.058084922453703766
551,3.64104,38.13147284280194,0.05819047685185191
552,3.618778,37.291969180619326,0.058296072916666726
553,3.627654,37.62444604860533,0.05840157060185191
554,3.625627,37.54825853859235,0.05850706134259265
555,3.639231,38.06255536308399,0.05861270023148154
556,3.675445,39.46621541599155,0.05871837268518524
557,3.611206,37.010660767706156,0.05882400925925931
558,3.595778,36.44404242624855,0.05892943634259264
559,3.632949,37.82419586136297,0.05903493055555561
560,3.600214,36.606067303935085,0.059140565972222274
561,3.61653,37.208230990890826,0.05924607523148153
562,3.626958,37.59826854498349,0.05935143402777783
563,3.615886,37.18427660427308,0.059456887731481535
564,3.612878,37.07259435455998,0.059562355324074126
565,3.620024,37.338463934434685,0.05966766087962968
566,3.613774,37.10582628478315,0.05977297916666672
567,3.581418,35.92444561093187,0.05987848726851857
568,3.584522,36.036128332021136,0.05998395254629635
569,3.602652,36.695421774863064,0.06008957175925931
570,3.598551,36.54524200426337,0.06019674768518524
571,3.591826,36.30029979310773,0.060302119212963017
572,3.594113,36.383413583127144,0.06040744212962968
573,3.550978,34.84738156672445,0.06051388078703709
574,3.584326,36.02906594300478,0.060619328703703755
575,3.578476,35.81891120916937,0.06072473495370376
576,3.567123,35.41455875998293,0.06083025231481487
577,3.537721,34.38845852191303,0.060935714120370424
578,3.547817,34.73740290643944,0.06104099652777783
579,3.561417,35.213058714039775,0.061146664351851905
580,3.569684,35.505371681278255,0.06125220370370376
581,3.55773,35.08346721529424,0.06135781250000005
582,3.534405,34.274615249916344,0.061465004629629685
583,3.549096,34.781860469307766,0.06157057870370376
584,3.553738,34.943693188748384,0.06167598611111117
585,3.51556,33.63475811552171,0.061781328703703765
586,3.589928,36.23146716692623,0.06188686111111117
587,3.562457,35.249699344927905,0.06199231597222228
588,3.564536,35.32305970153326,0.06209773842592598
589,3.540547,34.485777753001315,0.062203300925925985
590,3.504124,33.252302073551746,0.06230897106481487
591,3.491337,32.829811834950995,0.06241468171296302
592,3.536996,34.36353592501768,0.0625201608796297
593,3.517285,33.692828144271246,0.06262583912037044
594,3.508593,33.40123916356568,0.06273149421296303
595,3.498777,33.07497651672462,0.06283715277777785
596,3.517141,33.68797672632894,0.06294247106481489
597,3.536498,34.34642714456694,0.06304794791666674
598,3.514496,33.598989765023695,0.06315349189814821
599,3.519183,33.75683785809174,0.06325887268518525
600,3.496408,32.99671463515674,0.0633642708333334
601,3.486945,32.6859394763421,0.06347005324074081
602,3.506578,33.33400342940263,0.06357554166666674
603,3.482804,32.55086686183627,0.06368084375000006
604,3.516689,33.6727532016244,0.06378612731481488
605,3.457203,31.728108770831817,0.06389137615740748
606,3.485289,32.63185635375429,0.06399656018518525
607,3.487847,32.71543549445409,0.06410186574074081
608,3.451766,31.55607115151262,0.06420743634259266
609,3.486344,32.66630112863142,0.06431281597222228
610,3.483195,32.56359673930811,0.06441798611111117
611,3.475437,32.311945772072455,0.06452342708333339
612,3.489239,32.76100709113513,0.06462901620370376
613,3.458227,31.760614994559266,0.06473453587962968
614,3.45409,31.62949274371318,0.0648400706018519
615,3.452285,31.57245300316303,0.06494588657407413
616,3.482707,32.54770958088128,0.0650513831018519
617,3.457805,31.747214842662476,0.0651568368055556
618,3.432105,30.941706538277675,0.06526219791666671
619,3.442475,31.264241488433964,0.06536748495370374
620,3.437667,31.114283802513697,0.06547389583333338
621,3.437067,31.09562083168333,0.06557918634259263
622,3.467712,32.06329763094651,0.06568429976851856
623,3.449168,31.47419488198779,0.06578946990740744
624,3.440173,31.192353978796735,0.06589476388888893
625,3.451375,31.54373513953988,0.06600005555555559
626,3.443388,31.292798775330674,0.06610561458333336
627,3.442986,31.28022159840492,0.06621150694444447
628,3.454732,31.6498053977189,0.06631715046296299
629,3.435799,31.056216572048953,0.06642288310185188
630,3.409645,30.25450200455104,0.06652838194444446
631,3.427911,30.812208767699207,0.06663381481481484
632,3.454406,31.639489242783867,0.06673920254629633
633,3.435893,31.0591359936174,0.06684460648148151
634,3.418114,30.511815437800973,0.06695000578703707
635,3.43873,31.147375871514367,0.06705526967592595
636,3.408108,30.208036552817084,0.06716050000000003
637,3.437777,31.117706561980302,0.06726584606481484
638,3.397722,29.895919514599907,0.06737130324074077
639,3.42825,30.822655877156457,0.06747671527777781
640,3.37587,29.249719971262888,0.06758228587962965
641,3.44145,31.23221205879526,0.06768801620370372
642,3.416552,30.464193184749323,0.06779360300925928
643,3.438773,31.148715237472995,0.06789908796296298
644,3.41985,30.564829952685773,0.06800464351851854
645,3.424515,30.70774798153291,0.06810982870370372
646,3.400195,29.969943616635742,0.06821510185185187
647,3.416565,30.464589221834963,0.06832035648148149
648,3.409629,30.254017936391524,0.06842571990740742
649,3.36712,28.99490137865065,0.06853108564814817
650,3.398281,29.912636005432457,0.06863626504629632
651,3.422287,30.639407278843024,0.06874182291666668
652,3.403814,30.07860134014275,0.06884740856481483
653,3.398085,29.90677370329977,0.0689534340277778
654,3.38445,29.501762283935616,0.06905924537037039
655,3.394531,29.800673680976267,0.06916511226851854
656,3.404548,30.100687138022668,0.06927092129629632
657,3.417547,30.49452014212741,0.06937643750000003
658,3.382873,29.45527466993177,0.06948285763888891
659,3.407258,30.18237063130914,0.06958838888888891
660,3.378827,29.336339396923158,0.06969468634259261
661,3.401229,30.00094856513128,0.06979998842592594
662,3.376495,29.268006760271213,0.06990543750000001
663,3.363588,28.892672030286576,0.07001072685185186
664,3.401265,30.002028618720477,0.07011622569444445
665,3.42393,30.689789202418766,0.07022189351851853
666,3.387,29.57708777694624,0.0703275601851852
667,3.379288,29.349866567158312,0.07043356018518519
668,3.383829,29.483447376924495,0.0705392650462963
669,3.413297,30.365193445417447,0.0706464837962963
670,3.418488,30.52322899097611,0.07075195717592593
671,3.383425,29.471538469945404,0.07085767476851852
672,3.385416,29.530274755608502,0.07096303935185186
673,3.364913,28.93098019428079,0.07106840162037038
674,3.336343,28.116117825584045,0.07117363541666669
675,3.335418,28.09012244131414,0.07127888541666669
676,3.365129,28.937229960953257,0.07138409953703706
677,3.33147,27.979441266318123,0.07148956712962966
678,3.3693,29.05817921143371,0.0715952916666667
679,3.384279,29.496717913890983,0.07170095138888892
680,3.368007,29.02063126569146,0.07180667361111114
681,3.382248,29.43687087504805,0.07191225810185188
682,3.335711,28.09835405306167,0.07201779976851855
683,3.343831,28.32744152437872,0.0721233078703704
684,3.374264,29.20278262176923,0.07222877893518521
685,3.368903,29.046645403899056,0.07233409722222225
686,3.37015,29.082889164005536,0.07243931134259263
687,3.378849,29.336984803489347,0.072544587962963
688,3.348024,28.44646785099829,0.07264979629629632
689,3.34707,28.41934286134574,0.07275516087962966
690,3.364316,28.913713553709847,0.07286037384259263
691,3.363019,28.87623677617456,0.07296573958333337
692,3.362226,28.85334699740786,0.07307113773148152
693,3.358784,28.754204499163674,0.07317660416666671
694,3.325208,27.80478143577697,0.0732820092592593
695,3.3276,27.871370081241505,0.07338742361111115
696,3.349787,28.496663208025517,0.07349286111111115
697,3.326186,27.83198781377146,0.07359833217592597
698,3.331398,27.977426819067922,0.07370370138888893
699,3.311902,27.437261546240165,0.07380912847222226
700,3.330435,27.95049752557709,0.07391478356481486
701,3.294762,26.970994209344887,0.07402046527777782
702,3.289515,26.829848023571433,0.07412597569444448
703,3.318073,27.60710038600965,0.07423150462962967
704,3.308272,27.337844837320983,0.07433702893518522
705,3.30596,27.274712748873227,0.07444245601851855
706,3.331863,27.990439347717224,0.07454893055555559
707,3.307269,27.31043872541183,0.07465463310185189
708,3.301931,27.165044007240944,0.07476022106481485
709,3.289991,26.842622071212798,0.07486588425925929
710,3.325589,27.81537707584526,0.07497137500000003
711,3.288186,26.794214839043953,0.07507683101851856
712,3.300274,27.120068801569346,0.07518253356481486
713,3.300779,27.133767895044105,0.07528815625000004
714,3.290638,26.85999486718633,0.07539419444444449
715,3.292189,26.901687043149906,0.07550031134259264
716,3.306473,27.28870826605663,0.0756064467592593
717,3.299197,27.090876210502124,0.07571234259259263
718,3.295075,26.979437451830936,0.075818119212963
719,3.308352,27.34003195239141,0.07592371759259263
720,3.302005,27.167054294877197,0.07602934837962967
721,3.274718,26.435769542313977,0.07613478703703708
722,3.286207,26.741241522263344,0.07624027083333337
723,3.299634,27.102717510541737,0.07634579398148152
724,3.311267,27.41984441568251,0.07645132754629633
725,3.28497,26.708183057376253,0.07655701504629633
726,3.312237,27.446454568603432,0.07666261226851856
727,3.284202,26.68767904733586,0.07676838773148152
728,3.278005,26.52280688430584,0.07687440740740745
729,3.278534,26.536841160886517,0.07698055208333338
730,3.289435,26.82770172158277,0.07708678125000004
731,3.29967,27.10369322593488,0.07719287962962967
732,3.29072,26.86219747707121,0.07729895023148152
733,3.273314,26.398679764992913,0.07740467824074078
734,3.262831,26.12338786854808,0.07751051504629633
735,3.276841,26.491952297945506,0.07761610879629632
736,3.273989,26.416504889136878,0.0777217291666667
737,3.260732,26.068612384393443,0.07782727893518522
738,3.266573,26.221324711504817,0.07793287268518521
739,3.260513,26.06290398337399,0.07803833449074077
740,3.279984,26.575347490912435,0.07814392824074076
741,3.292733,26.91632554221212,0.07824958564814817
742,3.277567,26.511192438639796,0.07835524421296299
743,3.265634,26.19671444392962,0.07846077430555558
744,3.262972,26.127071525929292,0.07856640625000003
745,3.262053,26.1030717767708,0.07867349884259262
746,3.259761,26.043312047069822,0.07877911342592595
747,3.281859,26.62522301114615,0.07888462384259261
748,3.233349,25.364460466350096,0.0789908726851852
749,3.2722,26.369288009981844,0.07909628472222224
750,3.247797,25.73358633537893,0.07920194791666668
751,3.248266,25.745658218005428,0.0793074039351852
752,3.26712,26.235671699665534,0.07941294791666668
753,3.258108,26.000298013149372,0.07951857754629632
754,3.280018,26.57625106808786,0.0796240740740741
755,3.247231,25.71902524668994,0.07972952314814817
756,3.232218,25.335789478062765,0.07983506365740743
757,3.191124,24.315742983998764,0.07994219560185188
758,3.253217,25.87344103718979,0.08004789467592596
759,3.261404,26.086136379318592,0.08015345717592597
760,3.264716,26.17267689499314,0.08025890740740745
761,3.247871,25.735490691228048,0.08036453240740744
762,3.243241,25.616610788670055,0.0804702303240741
763,3.229408,25.26469584296691,0.08057565856481484
764,3.203017,24.606656604172425,0.08068108333333336
765,3.264656,26.171106581489315,0.08078654398148151
766,3.189205,24.26912581669038,0.08089205439814817
767,3.231315,25.31292158657097,0.08099758912037039
768,3.247855,25.735078926671115,0.08110319328703705
769,3.215721,24.9212536590653,0.08120882407407409
770,3.237869,25.479367321517987,0.08131450115740743
771,3.224712,25.14633096953037,0.08142052893518521
772,3.209916,24.777004868763004,0.08152634953703707
773,3.225106,25.156240575996648,0.08163202083333336
774,3.219761,25.022139175373155,0.08173773611111114
775,3.210409,24.789222943671295,0.081843369212963
776,3.193864,24.382459479633884,0.08194902430555559
777,3.243003,25.61051476075845,0.08205459027777781
778,3.194789,24.4050236889905,0.08216001157407411
779,3.192794,24.35638420075268,0.0822655578703704
780,3.233896,25.3783386215546,0.08237114699074077
781,3.218686,24.99525482868499,0.08247661111111114
782,3.19155,24.32610369718517,0.0825821516203704
783,3.204967,24.654686398380473,0.0826879479166667
784,3.231737,25.32360589371075,0.08279372453703707
785,3.197869,24.4803070387973,0.08289952430555558
786,3.183761,24.13736367770751,0.08300523379629632
787,3.221684,25.070303043724607,0.08311080555555558
788,3.226752,25.1976818447925,0.0832163391203704
789,3.197257,24.465329674430528,0.08332192129629631
790,3.227039,25.204914617335174,0.08342876620370372
791,3.203598,24.62095722558769,0.0835342453703704
792,3.192778,24.355994501723067,0.08363985763888891
793,3.197993,24.483342785082492,0.08374524421296299
794,3.214271,24.885144027069565,0.08385075462962965
795,3.221086,25.05531548423138,0.08395650925925928
796,3.213302,24.861042001824472,0.08406248495370372
797,3.199237,24.513819015792386,0.08416846875000002
798,3.200638,24.548186945346714,0.08427419444444446
799,3.224447,25.13966807469601,0.0843797002314815
800,3.193978,24.385239238457803,0.08448538425925928
801,3.245418,25.672438897204152,0.08459122800925928
802,3.144635,23.21120183826907,0.08469705208333335
803,3.235998,25.431739994517685,0.0848029039351852
804,3.167324,23.74386069471752,0.08490850694444446
805,3.221955,25.077098016526676,0.0850141226851852
806,3.223194,25.10818779711101,0.08512004282407408
807,3.178849,24.01909166119814,0.08522627199074075
808,3.164008,23.665256450517457,0.08533219907407408
809,3.184988,24.166998400124267,0.08543786921296297
810,3.182136,24.09817231333892,0.08554353819444445
811,3.186059,24.19289512062925,0.08564907060185185
812,3.226733,25.197203093385603,0.08575449074074075
813,3.165817,23.708105644847453,0.0858599814814815
814,3.165751,23.706540961510015,0.08596562500000002
815,3.169282,23.790396717857092,0.08607101041666669
816,3.212611,24.843868955771935,0.08617650694444447
817,3.209101,24.756819836312964,0.0862819814814815
818,3.188218,24.245184006736135,0.08638766435185187
819,3.18078,24.06551733675981,0.08649369907407409
820,3.162333,23.62565032535266,0.08659951967592594
821,3.189467,24.275485160692046,0.08670549074074076
822,3.193872,24.38265454008996,0.08681117939814817
823,3.158177,23.52766587532264,0.08691674305555558
824,3.148274,23.29582127344103,0.08702241319444447
825,3.212613,24.84391864355954,0.08712789236111114
826,3.17157,23.84489146376379,0.0872336041666667
827,3.155234,23.458525744257752,0.08733897106481485
828,3.15587,23.473450112077,0.08744455902777781
829,3.155036,23.45388141596406,0.08755019097222226
830,3.157488,23.51146089679072,0.08765583564814819
831,3.182211,24.09997974404023,0.08776176736111115
832,3.155711,23.4697181302096,0.08786785648148152
833,3.151958,23.381801357084044,0.08797386689814818
834,3.16117,23.598189665493184,0.0880808391203704
835,3.154584,23.443282657064,0.088187150462963
836,3.167289,23.74302967413615,0.08829289930555559
837,3.1375,23.04617933103058,0.08839839467592596
838,3.159228,23.552406451052786,0.08850413425925929
839,3.183838,24.139222326267745,0.08860970833333337
840,3.149472,23.323746391132257,0.08871516898148152
841,3.129704,22.86720984646068,0.08882071527777781
842,3.173198,23.883742563280947,0.08892632870370373
843,3.154842,23.449331804295962,0.0890320416666667
844,3.149166,23.316610416596365,0.089139619212963
845,3.158457,23.53425454413832,0.08924574652777781
846,3.121018,22.66944539612843,0.08935202893518522
847,3.155015,23.453388889625874,0.08945800347222226
848,3.127048,22.80655512223881,0.0895637766203704
849,3.158309,23.530771732200233,0.08966938888888892
850,3.159183,23.551346616608942,0.08977498611111115
851,3.162861,23.63812796253078,0.0898808055555556
852,3.160252,23.57653646771868,0.08998634259259264
853,3.13121,22.9016738093397,0.09009185416666671
854,3.158313,23.53086585547541,0.090197431712963
855,3.142545,23.162741085553794,0.09030292824074078
856,3.167177,23.740370603723377,0.09040881597222226
857,3.147383,23.275073940995583,0.09051456365740745
858,3.183686,24.13555344331631,0.09062055902777783
859,3.127653,22.820357262814294,0.0907266793981482
860,3.147011,23.26641722373877,0.0908325393518519
861,3.133897,22.96329335565161,0.09093844328703708
862,3.150883,23.356679426082383,0.09104434259259264
863,3.116062,22.55737356812667,0.09115028587962967
864,3.136671,23.027081965316953,0.09125593287037041
865,3.150314,23.34339325576286,0.09136163773148152
866,3.11692,22.57673609998646,0.09146713773148152
867,3.170034,23.808293824657667,0.09157275810185189
868,3.166154,23.716096622853936,0.09167812615740745
869,3.135324,22.996085366805477,0.09178376620370374
870,3.119534,22.635828888778377,0.09188938773148152
871,3.159709,23.563737883546782,0.09199517361111115
872,3.13541,22.998063115188973,0.09210090277777781
873,3.161285,23.600903613353726,0.09220656828703708
874,3.13817,23.061625445052755,0.09231209722222226
875,3.139052,23.08197477142903,0.09241751504629633
876,3.121536,22.681191210746974,0.09252425462962967
877,3.156821,23.495783981205115,0.0926297766203704
878,3.143136,23.176434311485053,0.0927352604166667
879,3.127966,22.82750115259798,0.09284061689814818
880,3.161351,23.602461324396106,0.09294608680555559
881,3.147917,23.287506149584342,0.09305152199074078
882,3.140173,23.107864173446494,0.093157056712963
883,3.101582,22.233096232695473,0.09326273379629633
884,3.115631,22.547653434957976,0.09336852662037042
885,3.109989,22.420797770614406,0.09347448611111116
886,3.103871,22.284046079826087,0.0935802581018519
887,3.122679,22.707130633857126,0.09368612731481486
888,3.126961,22.80457103825208,0.09379176620370375
889,3.139528,23.09296440674594,0.0938974456018519
890,3.115597,22.546886827773587,0.09400286111111116
891,3.134745,22.98277448724959,0.09410828240740746
892,3.125936,22.781208328372138,0.09421373611111115
893,3.131595,22.910492651274442,0.0943192592592593
894,3.128726,22.844856647726726,0.09442489004629634
895,3.111494,22.454566475835943,0.09453030324074078
896,3.126909,22.803385231389335,0.09463594791666671
897,3.127304,22.81239434773908,0.09474171990740746
898,3.147251,23.272001833998885,0.09484750115740746
899,3.121029,22.6696947613993,0.0949531782407408
900,3.130166,22.877776938219984,0.09505876736111117
901,3.107457,22.364100120175497,0.09516491666666672
902,3.121959,22.690787384076692,0.09527066435185191
903,3.109627,22.412682910699708,0.09537637962962969
904,3.137002,23.034705191021718,0.09548210532407414
905,3.102412,22.25155736287782,0.09558774884259266
906,3.124445,22.747266856409773,0.0956934594907408
907,3.134259,22.971607572628837,0.09579928125000006
908,3.11772,22.594804715348932,0.09590525231481488
909,3.102883,22.26204031493714,0.09601132175925932
910,3.108792,22.393976131636435,0.09611706481481487
911,3.104939,22.30785815442379,0.09622260995370376
912,3.100891,22.217738469916803,0.09632826736111116
913,3.138548,23.070344387247243,0.09643377083333339
914,3.131211,22.901696711024965,0.09653936921296302
915,3.133105,22.945113627436598,0.09664493171296303
916,3.107125,22.35667647132949,0.09675058796296303
917,3.118212,22.60592409441184,0.09685606134259266
918,3.116308,22.562923364621415,0.09696176273148155
919,3.118029,22.601787588804363,0.09706758449074081
920,3.084494,21.856404702810423,0.09717338425925932
921,3.099572,22.1884525911579,0.09728085185185191
922,3.075466,21.659973107548883,0.09738691435185191
923,3.110753,22.43793380524286,0.09749338657407414
924,3.098862,22.172704381094306,0.0975990671296297
925,3.064785,21.429854073222888,0.09770487152777785
926,3.096822,22.127518169763007,0.09781054398148155
927,3.091464,22.009275981109035,0.09791623495370377
928,3.074892,21.64754385052318,0.09802173148148155
929,3.108427,22.385803821885638,0.09812727314814822
930,3.06477,21.42953262782264,0.09823291319444451
931,3.060547,21.33922652707491,0.09833857523148154
932,3.088666,21.947780099771805,0.09844556597222227
933,3.105655,22.323836300356,0.09855107870370375
934,3.079608,21.74987477398092,0.09865682870370375
935,3.10045,22.207942607398017,0.09876245023148153
936,3.081445,21.789866014649178,0.09886837962962967
937,3.092903,22.040970127715187,0.09897442592592597
938,3.092532,22.032794444480814,0.099080275462963
939,3.084638,21.859552251705715,0.09918600231481485
940,3.097846,22.15018835352198,0.09929152199074077
941,3.102254,22.248041894543785,0.09939728356481485
942,3.118907,22.621640672535726,0.09950298842592596
943,3.085511,21.87864397314533,0.0996084780092593
944,3.107233,22.359091122777226,0.09971380787037042
945,3.09128,22.005226646878675,0.09981940625000005
946,3.087988,21.932904548245972,0.09992494212962967
947,3.076096,21.673623189931114,0.10003055324074078
948,3.122975,22.713852939376874,0.10013640972222226
949,3.077396,21.70181722222835,0.10024242245370374
950,3.072305,21.591614030996276,0.10034853472222226
951,3.083894,21.843294793354872,0.10045459837962967
952,3.08031,21.765148546539173,0.100560306712963
953,3.080571,21.770829991706165,0.10066615277777781
954,3.084821,21.863552915817372,0.10077151851851855
955,3.044039,20.989850261389062,0.10087695370370374
956,3.072752,21.601267639888977,0.10098249884259262
957,3.070498,21.552633214217067,0.10108800347222226
958,3.083443,21.833445688543147,0.10119350231481485
959,3.081304,21.78679386013309,0.10129908564814818
960,3.062778,21.386887487489332,0.10140482638888892
961,3.045092,21.011964214667355,0.10151170023148151
962,3.088512,21.94440040187986,0.1016176828703704
963,3.108654,22.390885976155896,0.10172378472222225
964,3.052723,21.172919858784116,0.1018296516203704
965,3.110256,22.426784922868418,0.10193556481481485
966,3.057844,21.28162448200717,0.10204142939814818
967,3.047462,21.06182162755338,0.10214706134259263
968,3.066839,21.473916229832913,0.10225267824074077
969,3.087683,21.926216032409272,0.10235805902777781
970,3.081844,21.79856190590396,0.10246363773148151
971,3.071804,21.580799341672634,0.10256920138888892
972,3.039929,20.90375901551348,0.10267481944444448
973,3.042083,20.94883424102275,0.10278056250000003
974,3.058744,21.300786565685193,0.10288625578703707
975,3.048588,21.085550595607906,0.10299213078703708
976,3.065649,21.448377468096435,0.1030981030092593
977,3.074439,21.63773973395895,0.10320386458333337
978,3.070558,21.553926411005435,0.10330956944444449
979,3.049801,21.11114288706717,0.10341517013888893
980,3.076716,21.687065002840278,0.10352088888888893
981,3.118323,22.60843349125527,0.10362631134259263
982,3.098909,22.17374652269035,0.10373180092592597
983,3.07618,21.675443850745747,0.1038373831018519
984,3.112499,22.477144658780716,0.10394318981481486
985,3.137301,23.041593597639306,0.10404872453703708
986,3.112275,22.472110342241645,0.1041543206018519
987,3.096733,22.125548908279335,0.10426013773148153
988,3.087029,21.91188097519872,0.10436612384259264
989,3.115744,22.550201463757038,0.10447199537037041
990,3.099294,22.182285058664295,0.10457782523148153
991,3.052584,21.169977027455264,0.10468333217592597
992,3.06057,21.339717334929293,0.10478897453703709
993,3.1191,22.626007070529376,0.10489462268518523
994,3.061812,21.366237729615268,0.10500045254629635
995,3.075276,21.655858103596206,0.10510601041666671
996,3.094078,22.066883488733463,0.1052114930555556
997,3.099604,22.18916263300142,0.10531717708333338
998,3.072097,21.58712344231524,0.10542281134259264
999,3.084424,21.854874808028168,0.10552848263888893
1000,3.061455,21.358611344136595,0.10563435995370375
1001,3.066619,21.46919248789302,0.10573974768518524
1002,3.069557,21.53236172559372,0.10584538078703709
1003,3.058985,21.30592067388271,0.10595108680555561
1004,3.065282,21.440507357819207,0.10605696296296302
1005,3.080364,21.766323896294846,0.10616415509259265
1006,3.055401,21.229696928730334,0.10626998495370377
1007,3.074791,21.645357559003852,0.10637566550925932
1008,3.103015,22.264979098214145,0.10648126620370377
1009,3.0386,20.87599637214468,0.10658693402777784
1010,3.0559,21.240293191045346,0.10669246412037044
1011,3.058238,21.29001109410717,0.106798082175926
1012,3.067892,21.496540173038557,0.10690414236111119
1013,3.063405,21.40030127072559,0.10701002546296304
1014,3.067824,21.49507845800566,0.10711598379629637
1015,3.040464,20.91494551870957,0.10722193171296304
1016,3.053942,21.198745385552566,0.10732916087962971
1017,3.091732,22.0151752575397,0.10743492013888897
1018,3.088402,21.941986650594405,0.10754063541666675
1019,3.079673,21.75128856178884,0.10764617592592601
1020,3.064867,21.431611393306028,0.10775183217592602
1021,3.05123,21.141332275433445,0.10785745023148158
1022,3.065655,21.448506158747314,0.10796302546296306
1023,3.037238,20.847582619243937,0.10806881134259269
1024,3.046129,21.03376492327173,0.10817440972222232
1025,3.00745,20.235732958810797,0.10828037037037047
1026,3.068696,21.513830341053836,0.10838637152777787
1027,3.053942,21.198745385552566,0.10849246527777787
1028,3.037876,20.860887620799197,0.10859838541666675
1029,3.041076,20.927749382949838,0.10870408796296305
1030,3.07492,21.64814999023691,0.10880964583333341
1031,3.047493,21.06247455414414,0.1089152534722223
1032,3.037739,20.858029874955218,0.10902081597222231
1033,3.007943,20.245711634700992,0.10912629629629639
1034,3.05181,21.15359780481288,0.10923178819444454
1035,3.02545,20.603274098771855,0.10933846064814824
1036,3.05396,21.19912696640372,0.10944394212962973
1037,3.021628,20.524678676692677,0.10954968171296306
1038,3.053364,21.186496051118397,0.10965527546296305
1039,2.995662,19.998594578302743,0.10976110069444453
1040,3.035618,20.81383687683231,0.10986712384259267
1041,3.03672,20.836786367917668,0.10997317708333341
1042,3.034917,20.799251489957026,0.11007912962962971
1043,3.034862,20.798107562583365,0.1101851898148149
1044,3.048176,21.076865138089627,0.11029157870370379
1045,3.039428,20.89328885524086,0.11039737500000009
1046,3.026774,20.630570900173602,0.11050313425925935
1047,3.039999,20.90522232985997,0.11060887847222231
1048,3.020804,20.50777330743174,0.11071432291666676
1049,3.006915,20.224909737147783,0.11082005555555564
1050,3.02492,20.592357256718188,0.11092567824074083
1051,3.041947,20.94598539329201,0.11103130671296305
1052,3.028878,20.67402331726069,0.11113719560185194
1053,3.01158,20.319479353197305,0.11124330787037046
1054,3.002708,20.14000226997115,0.11134913657407416
1055,3.018425,20.459043302057616,0.11145494097222232
1056,3.020623,20.50406173637041,0.11156086805555565
1057,3.019361,20.47820193142815,0.11166678009259269
1058,3.044533,21.000221808979518,0.11177238773148158
1059,3.026022,20.61506254272991,0.1118780625000001
1060,2.995642,19.998194610410877,0.1119837175925927
1061,3.005395,20.19419122632988,0.1120892974537038
1062,3.017294,20.435917204356407,0.11219508796296306
1063,3.000835,20.102315350537086,0.11230070254629639
1064,3.018691,20.464486131440175,0.11240631828703712
1065,3.026774,20.630570900173602,0.11251185416666674
1066,2.999343,20.0723450594309,0.11261735069444452
1067,2.990549,19.896602728583378,0.11272321412037045
1068,3.019735,20.485862211333554,0.11282896990740748
1069,3.016579,20.421310745986425,0.11293490277777786
1070,2.98503,19.787095840341443,0.11304079745370378
1071,3.03342,20.768138304506277,0.11314673263888897
1072,3.013172,20.351853727491893,0.11325216898148156
1073,3.007756,20.241926040589384,0.11335765277777786
1074,2.992677,19.93898778089081,0.11346330787037046
1075,2.984288,19.77241926091224,0.11356894791666675
1076,3.018641,20.46346293271379,0.11367433101851859
1077,2.997772,20.04083616206185,0.1137797222222223
1078,2.996259,20.010537303814846,0.11388524421296303
1079,2.982525,19.73759119571568,0.11399096643518525
1080,3.004581,20.177759843151883,0.11409670717592599
1081,2.986764,19.821436429214664,0.11420268171296302
1082,2.962194,19.340357986226785,0.11430858680555561
1083,2.985847,19.80326850327622,0.11441440972222228
1084,3.004511,20.17634744939722,0.11452012962962968
1085,2.999173,20.068933050799743,0.11462595023148153
1086,2.999387,20.07322826204383,0.11473163541666671
1087,3.004714,20.180443663681128,0.11483723726851856
1088,3.003136,20.14862403586898,0.11494300462962967
1089,3.018572,20.462051002483577,0.11504865625000003
1090,2.980853,19.704617516913654,0.11515507986111115
1091,2.996533,20.016020942260255,0.1152606655092593
1092,3.004135,20.168762568803164,0.11536770601851856
1093,3.030755,20.71286490044935,0.11547352777777782
1094,2.984996,19.786423090519683,0.11557965972222227
1095,2.985656,19.799486440190616,0.11568568634259264
1096,2.997647,20.038331214104108,0.11579160532407412
1097,2.972431,19.539362095562762,0.11589756481481486
1098,3.003213,20.150175539651876,0.11600328009259264
1099,2.98851,19.85607488779476,0.11610894675925931
1100,2.996285,20.011057584548368,0.11621450000000005
1101,2.967836,19.449784688438104,0.1163205370370371
1102,2.996813,20.021626212825346,0.11642643865740747
1103,2.957535,19.250460836390502,0.11653374537037044
1104,3.008463,20.25624214244576,0.11663959375000006
1105,2.990803,19.901657107555394,0.11674529398148155
1106,3.013099,20.350368096395982,0.11685091087962969
1107,2.968375,19.460270948178298,0.11695652777777783
1108,3.000915,20.103923600094255,0.11706222106481487
1109,2.988094,19.84781647850966,0.1171678668981482
1110,3.004158,20.169226455676917,0.11727355208333338
1111,3.0117,20.32191783702579,0.11737908796296301
1112,2.989028,19.866362998977383,0.11748454629629634
1113,2.98926,19.870972529878053,0.11759020717592597
1114,2.984664,19.77985508840231,0.11769575347222226
1115,2.984388,19.774396601703724,0.11780133333333337
1116,2.977211,19.632983824051824,0.11790703703703707
1117,2.970833,19.50816312954705,0.11801278472222226
1118,3.013671,20.362011836739388,0.11811890856481486
1119,2.952534,19.154429607979363,0.11822487962962967
1120,2.954065,19.183777499787833,0.11833051620370375
1121,2.981256,19.71256007809155,0.11843619791666671
1122,2.993318,19.951772769209356,0.11854170023148153
1123,2.971879,19.52857934399924,0.11864842708333338
1124,2.990968,19.90494115190435,0.1187538356481482
1125,2.987957,19.84509751390544,0.1188593194444445
1126,2.996555,20.016461299564895,0.11896490740740746
1127,2.97999,19.687619767580337,0.11907060416666672
1128,3.00485,20.18318839065659,0.11917634837962968
1129,2.996923,20.023828712844033,0.11928217013888893
1130,3.019099,20.47283734531359,0.11938806481481486
1131,3.010087,20.28916500581432,0.11949403935185189
1132,3.000454,20.09465782723935,0.11959975810185189
1133,2.992641,19.938269990251005,0.11970538194444448
1134,2.938678,18.890856085609634,0.11981103356481485
1135,2.978326,19.654886809660923,0.11991667361111114
1136,3.017165,20.433281141066775,0.12002239583333335
1137,2.99086,19.902791534341382,0.12012783333333335
1138,2.971502,19.521218457200902,0.12023329282407409
1139,2.960968,19.316661236411466,0.12033869444444446
1140,2.974085,19.571706942283207,0.12044439004629631
1141,2.984422,19.775068942617914,0.1205500138888889
1142,2.965821,19.41063283103435,0.1206557789351852
1143,2.981615,19.719638157598837,0.12076162847222223
1144,2.98318,19.750523552833474,0.12086758796296297
1145,2.978332,19.655004739335567,0.1209731851851852
1146,2.969659,19.48527398459002,0.12107879861111112
1147,2.984156,19.76980947381954,0.1211843425925926
1148,2.97416,19.573174875350677,0.12128994560185186
1149,2.962344,19.343259257514617,0.12139571296296296
1150,2.983204,19.75099757108694,0.1215014837962963
1151,2.972231,19.53545461390484,0.12160723726851852
1152,2.98541,19.794616365570064,0.12171272453703703
1153,2.965694,19.40816783719523,0.12181827314814815
1154,2.976087,19.610928747508595,0.12192405555555556
1155,2.979427,19.67653875724829,0.12202968171296297
1156,2.961906,19.334788765133077,0.1221355150462963
1157,2.961066,19.318554361974282,0.12224157060185185
1158,2.971205,19.515421516207457,0.12234762152777778
1159,2.961373,19.32448606863379,0.12245351736111111
1160,2.976019,19.6095952496932,0.12255935532407407
1161,2.959567,19.289617542550253,0.12266511342592593
1162,2.980524,19.698135764057394,0.12277077314814815
1163,2.98872,19.86024510137829,0.12287620949074074
1164,2.936258,18.845195485492496,0.12298183217592593
1165,2.96923,19.476916594838908,0.12308757291666667
1166,2.98037,19.695102484718237,0.12319315162037037
1167,2.970356,19.498859954717854,0.12329870601851851
1168,2.978657,19.661393654018255,0.12340457523148148
1169,2.967159,19.436621640398545,0.12351048263888888
1170,2.935637,18.83349625208395,0.12361675694444443
1171,2.961177,19.320698840524816,0.12372292708333332
1172,2.944568,19.002451553984997,0.1238289074074074
1173,2.966407,19.42201079529126,0.12393476388888888
1174,2.942333,18.960028500183856,0.12404081828703703
1175,2.968542,19.463521084805496,0.1241465324074074
1176,2.940091,18.91756773259289,0.12425211342592592
1177,2.948197,19.071536729907223,0.12435838888888888
1178,2.972566,19.542000087506118,0.12446394328703703
1179,2.940046,18.91671646119868,0.12456943634259258
1180,2.969419,19.48059807996471,0.12467638657407407
1181,2.949702,19.100261002278927,0.1247822361111111
1182,2.952166,19.147382074709284,0.1248882037037037
1183,2.952083,19.145792907948415,0.12499425231481481
1184,2.915257,18.45355435684943,0.12510010648148148
1185,2.944944,19.009597819182964,0.12520623842592593
1186,2.960256,19.302912668682076,0.12531195717592594
1187,2.935354,18.82816712675141,0.12541781365740742
1188,2.955165,19.20489126547976,0.12552372685185187
1189,2.933434,18.79205172774575,0.1256292777777778
1190,2.961154,19.320254469561768,0.12573489467592594
1191,2.94152,18.94462026131101,0.1258421840277778
1192,2.95407,19.183873418915134,0.12594810185185187
1193,2.966076,19.415583173548107,0.12605372222222225
1194,2.925397,18.64162530629602,0.12615933564814819
1195,2.953869,19.1800178478558,0.1262649456018519
1196,2.924403,18.623104736989426,0.12637071759259264
1197,2.905721,18.278417641534883,0.12647667245370375
1198,2.929563,18.71944831008385,0.12658270023148152
1199,2.941634,18.946780071127616,0.12668858333333338
1200,2.934254,18.807467529777536,0.1267942708333334
1201,2.956925,19.238721636100404,0.12690034490740745
1202,2.960493,19.30748800114003,0.12700606712962967
1203,2.958231,19.263863820830164,0.12711177083333336
1204,2.92693,18.670224833827476,0.1272175775462963
1205,2.944812,19.007088717875163,0.12732338657407408
1206,2.945899,19.027760656474673,0.12742883449074074
1207,2.933087,18.785532017031446,0.12753469560185185
1208,2.919997,18.541231835967924,0.1276406875
1209,2.964223,19.379639410109082,0.12774768287037036
1210,2.932288,18.77052837170434,0.12785345138888887
1211,2.929861,18.725027536943767,0.12795922337962962
1212,2.910975,18.37470517367297,0.1280648946759259
1213,2.958172,19.262727286392824,0.12817052199074072
1214,2.945682,19.02363208037893,0.12827614583333333
1215,2.97793,19.64710501538126,0.12838168055555554
1216,2.961383,19.324679314460703,0.12848728935185183
1217,3.047689,21.066603203751203,0.12859282870370367
1218,3.004725,20.180665649782355,0.1286983958333333
1219,2.986847,19.823081676715116,0.12880423379629627
1220,3.438108,31.12800822768394,0.12890999537037034
1221,3.183049,24.120183991463044,0.12901599768518515
1222,3.103668,22.27952287759244,0.12912185763888887
1223,3.050039,21.11616793703152,0.12922768749999997
1224,2.999218,20.06983617310713,0.12933338078703702
1225,2.980526,19.698175160368315,0.12943901620370368
1226,3.013799,20.364618341067214,0.1295447361111111
1227,3.005849,20.20336147063458,0.12965035185185184
1228,2.997065,20.02667229841106,0.1297559733796296
1229,2.98752,19.836427100915078,0.12986174537037035
1230,2.976003,19.60928149867922,0.1299672835648148
1231,2.957857,19.25666048286934,0.13007287384259258
1232,3.010309,20.29366970044821,0.13017852199074073
1233,2.960494,19.307507308637685,0.13028452777777777
1234,2.976161,19.61238000993195,0.13039030902777776
1235,2.983179,19.750503802319795,0.1304963634259259
1236,2.923655,18.60917986319821,0.13060206018518516
1237,2.930488,18.736771810654492,0.13070782175925924
1238,2.95909,19.28041858910728,0.1308135173611111
1239,2.968823,19.468991102731856,0.1309191400462963
1240,2.977576,19.640151171108865,0.1310246875
1241,2.966288,19.419699713518717,0.1311302974537037
1242,2.952521,19.154180602013,0.1312357083333333
1243,2.996819,20.02174634294301,0.13134115393518517
1244,2.952924,19.161901292410235,0.13144685648148147
1245,2.959467,19.287688677240876,0.13155249768518518
1246,2.9624,19.34434251036384,0.13165817708333333
1247,2.938344,18.88454759325391,0.13176392939814816
1248,2.973381,19.55793330948345,0.13186988541666667
1249,2.928713,18.70354353950538,0.13197567129629628
1250,2.96485,19.391794254164633,0.13208135648148148
1251,2.973271,19.55578205514057,0.1321870775462963
1252,2.959409,19.28657002373886,0.13229255787037036
1253,2.960972,19.31673850321095,0.1323981574074074
1254,2.933987,18.802446606270202,0.1325038136574074
1255,2.943979,18.9912624055474,0.1326094502314815
1256,2.946218,19.03383148036902,0.13271529050925926
1257,2.969112,19.474618454273674,0.13282087152777777
1258,2.912411,18.40111020457708,0.13292659953703703
1259,2.933139,18.786508890094815,0.13303254513888887
1260,2.933808,18.799081269534298,0.13313844444444442
1261,2.945864,19.02709469650606,0.13324444907407404
1262,2.961902,19.334711426132692,0.13335026388888885
1263,2.956168,19.22416343479628,0.13345595023148143
1264,2.930923,18.744924079382024,0.13356160995370367
1265,2.914178,18.433653710028118,0.13366817476851847
1266,2.901718,18.205395387266808,0.13377378240740737
1267,2.942017,18.954038077714394,0.13388054282407402
1268,2.918887,18.52066248673078,0.13398615393518512
1269,3.014491,20.37871553402544,0.13409181249999994
1270,2.972555,19.541785126687437,0.13419774884259253
1271,2.9531,19.16527408383464,0.13430335069444438
1272,2.946764,19.044226790018584,0.1344091354166666
1273,2.917835,18.501188994647535,0.13451497337962956
1274,2.922669,18.590840254765858,0.13462108680555548
1275,2.923292,18.602425956816038,0.13472688078703696
1276,2.952546,19.15465946251378,0.13483280208333326
1277,2.926008,18.653018819722067,0.1349386828703703
1278,2.939349,18.9035361037134,0.13504446759259253
1279,2.944103,18.99361746809655,0.1351517256944444
1280,2.930966,18.74573012844737,0.13525754745370366
1281,2.92968,18.72163861366639,0.1353630844907407
1282,2.912331,18.399638174642696,0.1354686157407407
1283,2.946554,19.040227922288487,0.13557429629629625
1284,2.951391,19.132548602314383,0.13567993171296291
1285,2.919334,18.528943073435606,0.135785568287037
1286,2.917242,18.4902210418931,0.13589134143518514
1287,2.945599,19.022053184441347,0.13599733217592588
1288,2.904932,18.26400165786912,0.13610326736111106
1289,2.908809,18.334948634142446,0.1362093043981481
1290,2.929214,18.712916362514783,0.13631523611111107
1291,2.949345,19.09344342611087,0.13642114004629627
1292,2.925512,18.64376921647872,0.136526880787037
1293,2.926474,18.661713152114167,0.13663248032407405
1294,2.923417,18.604751405398154,0.1367381423611111
1295,2.923019,18.597348187676854,0.1368437384259259
1296,2.901752,18.206014381232816,0.13695052662037036
1297,2.916348,18.47369817110537,0.1370559722222222
1298,2.947376,19.055885423992187,0.13716162268518517
1299,2.910764,18.370828519882682,0.137267375
1300,2.904636,18.258596313408834,0.13737314236111112
1301,2.9463,19.035392318543902,0.13747926736111113
1302,2.93766,18.871634979317534,0.13758496759259262
1303,2.949774,19.101636270580162,0.13769054629629632
1304,2.916702,18.480239017919516,0.13779617592592594
1305,2.946351,19.036363148308094,0.13790185416666667
1306,2.874843,17.722641448320125,0.13800745023148148
1307,2.913235,18.41627896805793,0.13811294444444444
1308,2.944606,19.003173660863993,0.1382185775462963
1309,2.945188,19.014236726974577,0.13832423032407407
1310,2.950175,19.109297562711074,0.13842995023148147
1311,2.92076,18.555384194296884,0.1385357986111111
1312,2.932746,18.779127242689725,0.13864187384259258
1313,2.893766,18.061200163197746,0.13874773032407406
1314,2.921141,18.562455142605028,0.13885353587962962
1315,2.907169,18.304903961747826,0.13895919212962962
1316,2.919243,18.52725701633268,0.13906500925925924
1317,2.893543,18.05717296461069,0.13917046412037035
1318,2.922293,18.58385141281469,0.13927613310185183
1319,2.906012,18.28373743506098,0.13938178703703702
1320,2.91346,18.420423097022777,0.13948742824074073
1321,2.939235,18.901381223428086,0.13959302199074072
1322,2.924189,18.61911981897715,0.13969855439814813
1323,2.919899,18.539414884280088,0.1398041574074074
1324,2.921691,18.572667301019592,0.13990993287037037
1325,2.923544,18.60711435887101,0.14001603356481482
1326,2.902763,18.224429969283424,0.14012233680555555
1327,2.912609,18.40475398511995,0.14022819212962961
1328,2.941991,18.953545279130783,0.14033419097222222
1329,2.909017,18.338762700107452,0.14043990393518518
1330,2.923917,18.61405610708242,0.14054540625
1331,2.910194,18.3603601314005,0.14065119791666666
1332,2.873621,17.70099760755036,0.14075669675925925
1333,2.882995,17.867706904846866,0.1408624699074074
1334,2.902879,18.226544125778563,0.14096818749999998
1335,2.872764,17.68583435098418,0.14107388194444442
1336,2.892097,18.03108116142388,0.1411796446759259
1337,2.919827,18.538080094461435,0.1412854594907407
1338,2.893613,18.05843701095932,0.1413913958333333
1339,2.901726,18.205541031012483,0.14149736458333328
1340,2.903902,18.245199420975787,0.1416032893518518
1341,2.878541,17.788301106277824,0.1417090567129629
1342,2.914347,18.436769260761725,0.14181480787037032
1343,2.885543,17.913291872626747,0.14192043981481475
1344,2.897988,18.137615750079913,0.14202613888888882
1345,2.963279,19.361353662736622,0.14213180324074068
1346,2.929618,18.72047790805459,0.1422374641203703
1347,2.903278,18.23381796791975,0.14234300578703696
1348,2.886945,17.938423921281633,0.1424486655092592
1349,2.924011,18.615805910595967,0.14255431365740734
1350,2.893921,18.063999866194425,0.14265984722222216
1351,2.900185,18.177507897360652,0.1427656504629629
1352,2.874768,17.72131230005519,0.14287128587962958
1353,2.900874,18.19003651591539,0.14297746990740737
1354,2.863217,17.517791121152275,0.14308321643518515
1355,2.897792,18.134061125757462,0.1431903645833333
1356,2.90948,18.347255513172108,0.14329599189814812
1357,2.851899,17.320642529631957,0.14340156944444443
1358,2.906237,18.287851738825687,0.1435072847222222
1359,2.86972,17.632080526047957,0.14361287037037035
1360,2.884751,17.899110162162273,0.14371845023148147
1361,2.903686,18.241258883494226,0.1438239837962963
1362,2.87838,17.785437420332624,0.14392973611111112
1363,2.900898,18.19047308203055,0.14403540046296298
1364,2.879292,17.801665137974435,0.14414152083333334
1365,2.885015,17.90383615104817,0.1442476898148148
1366,2.881805,17.846456979843136,0.1443551574074074
1367,2.895618,18.094680499121527,0.14446229976851852
1368,2.968132,19.45554267684613,0.14456803125
1369,2.920317,18.547165979567772,0.14467374768518518
1370,3.006025,20.206917575181436,0.14477940972222222
1371,2.96588,19.411778092156244,0.1448852337962963
1372,2.891396,18.018445802740356,0.14499076504629632
1373,2.907548,18.31184283518278,0.14509661226851855
1374,2.909441,18.346539984160007,0.14520220370370374
1375,2.889421,17.982894490756557,0.14530814004629633
1376,2.932502,18.77454569461411,0.1454141666666667
1377,2.937735,18.873050405018777,0.14552031597222226
1378,2.932919,18.78237631273917,0.1456263506944445
1379,2.890804,18.00778203961046,0.1457321770833334
1380,2.884666,17.897588802457197,0.1458382557870371
1381,2.903766,18.24271824257849,0.14594434143518525
1382,2.879581,17.806810562677367,0.14605124884259266
1383,2.903605,18.2397814013635,0.14615693171296304
1384,2.892507,18.038475420419577,0.14626256250000008
1385,2.879843,17.81147655826352,0.14636823958333342
1386,2.900502,18.183271080780422,0.1464737673611112
1387,2.895751,18.09708725167341,0.14657922916666677
1388,2.899576,18.166441165213136,0.1466847650462964
1389,2.899234,18.160229304623336,0.1467906875000001
1390,2.919,18.52275543984141,0.1468965000000001
1391,2.899397,18.163189663262667,0.14700280208333344
1392,2.909351,18.344888869862686,0.14710858680555566
1393,2.88673,17.93456757471067,0.14721466898148158
1394,2.871804,17.668864097032447,0.14732077546296307
1395,2.901952,18.209655948253626,0.14742664699074085
1396,2.921669,18.572258706833523,0.14753248958333343
1397,2.875367,17.731930545970084,0.14763818287037048
1398,2.947585,19.059868520264864,0.1477437199074075
1399,2.916797,18.481994724020936,0.14784936111111122
1400,2.926931,18.67024350406165,0.14795497106481492
1401,2.930434,18.735760052294438,0.14806114699074086
1402,2.935067,18.82276421814051,0.14816697106481494
1403,2.936238,18.8448185853518,0.14827282175925938
1404,2.891233,18.015509035427552,0.1483783900462964
1405,2.899005,18.156071088246524,0.14848410879629642
1406,2.901218,18.19629496486837,0.14858986226851864
1407,2.896499,18.110628936896546,0.14869547222222235
1408,2.894386,18.072401579379125,0.14880108101851863
1409,2.876165,17.746086273930022,0.1489067800925927
1410,2.906179,18.286791074184404,0.14901249074074085
1411,2.891259,18.015977444751762,0.14911816666666677
1412,2.887718,17.952295683718237,0.14922377314814825
1413,2.901112,18.194366259825266,0.14932927893518527
1414,2.914715,18.443555240393366,0.1494350335648149
1415,2.862926,17.51269418557611,0.14954084027777786
1416,2.872462,17.68049403543842,0.1496469386574075
1417,2.892789,18.04356298780142,0.1497530787037038
1418,2.907745,18.3154506235768,0.14985876157407418
1419,2.919298,18.528276043491573,0.1499644525462964
1420,2.896162,18.104526683232308,0.1500700798611112
1421,2.89924,18.160338266326047,0.1501756250000001
1422,2.861092,17.48060533890655,0.150281269675926
1423,2.868192,17.60515928007402,0.15038686689814823
1424,2.899485,18.164788094282965,0.15049245254629637
1425,2.858678,17.43845804986371,0.15059805555555564
1426,2.886288,17.926642247468994,0.15070361921296305
1427,2.890054,17.994281266503517,0.15080938888888898
1428,2.865141,17.551527795543,0.15091508796296305
1429,2.891016,18.011600094102334,0.1510210671296297
1430,2.887654,17.951146773559994,0.15112707638888898
1431,2.865159,17.55184372588668,0.15123293055555564
1432,2.884851,17.90090016267702,0.1513387222222223
1433,2.883015,17.86806426255852,0.15144428009259267
1434,2.907015,18.302085223586122,0.1515501597222223
1435,2.876529,17.752547025119117,0.15165584143518526
1436,2.890598,18.00407281857318,0.15176139120370377
1437,2.909708,18.351439164347227,0.15186703819444453
1438,2.865772,17.562606304483978,0.15197273495370378
1439,2.893718,18.06033324639608,0.1520780983796297
1440,2.8824,17.85707878141875,0.15218359259259268
1441,2.895478,18.092147421171248,0.15228933564814823
1442,2.891145,18.013923740386435,0.15239598263888895
1443,2.88013,17.81658918566268,0.15250170023148155
1444,2.888036,17.958005421545856,0.15260744907407414
1445,2.868,17.601779413969773,0.15271310532407414
1446,2.858943,17.443079853608875,0.15281877662037044
1447,2.851968,17.321837695199235,0.1529244722222223
1448,2.844461,17.192289527061025,0.15303001273148156
1449,2.840436,17.12322963797581,0.1531356435185186
1450,2.89237,18.03600431856132,0.15324115740740749
1451,2.89422,18.06940180970472,0.15334670833333341
1452,2.863422,17.521382636449847,0.1534522997685186
1453,2.870897,17.652845702736375,0.15355779166666675
1454,2.889023,17.975738722841506,0.15366496180555564
1455,2.878377,17.785384064100395,0.1537705497685186
1456,2.857434,17.416778095776998,0.15387627314814822
1457,2.857268,17.41388715056819,0.15398188425925932
1458,2.898859,18.153420495365626,0.15408743865740748
1459,2.889822,17.990107077474338,0.15419301736111118
1460,2.842499,17.158591323756323,0.15429877199074082
1461,2.885269,17.908384303021382,0.1544044085648149
1462,2.880813,17.828762072644178,0.1545099236111112
1463,2.878452,17.786718017927843,0.15461572685185196
1464,2.872218,17.676180521163918,0.15472132754629642
1465,2.876697,17.75552970355731,0.15482691550925937
1466,2.878803,17.792962251751067,0.1549324664351853
1467,2.838498,17.09007695426429,0.15503826736111123
1468,2.873351,17.69621898333962,0.1551451099537038
1469,2.8928,18.043761468085922,0.1552514525462964
1470,2.823946,16.84318291233091,0.15535740509259272
1471,2.828593,16.92163532632939,0.15546342939814828
1472,2.877001,17.76092820511785,0.1555692754629631
1473,2.882025,17.850383632294637,0.15567507175925938
1474,2.871261,17.659272508179807,0.15578079745370382
1475,2.86794,17.600723338887505,0.1558864490740742
1476,2.901046,18.193165471278576,0.15599220949074086
1477,2.874663,17.719451659948998,0.15609761226851865
1478,2.841494,17.1413556018769,0.15620314351851866
1479,2.865567,17.559006339200604,0.15630887268518534
1480,2.873565,17.700006379438985,0.1564145254629631
1481,2.854817,17.37125797655578,0.1565202916666668
1482,2.858988,17.443864809863673,0.15662635416666681
1483,2.861431,17.48653226867427,0.15673233564814829
1484,2.80354,16.502963981228014,0.1568382766203705
1485,2.870941,17.65362244503551,0.1569443564814816
1486,2.868539,17.611269330376626,0.15705031250000012
1487,2.852672,17.334036562434097,0.15715596064814827
1488,2.86711,17.586120799408416,0.1572616840277779
1489,2.827451,16.90232184888134,0.15736715625000014
1490,2.86689,17.582252278385468,0.15747291435185198
1491,2.870289,17.64211603469873,0.15757838888888903
1492,2.828265,16.91608594009145,0.15768387500000014
1493,2.877914,17.777151337302044,0.1577896377314816
1494,2.865084,17.55052738697057,0.15789552430555567
1495,2.860114,17.463517664120072,0.15800168287037047
1496,2.842138,17.152398190216303,0.15810790972222233
1497,2.866702,17.578947125651222,0.1582138877314816
1498,2.82544,16.86836543426179,0.15831971875000012
1499,2.856661,17.403320128483447,0.15842555092592603
1500,2.852652,17.333689885169633,0.15853151041666677
1501,2.862595,17.506898443048986,0.15863739814814826
1502,2.867832,17.59882256341063,0.15874312962962975
1503,2.846293,17.223814669688135,0.15884870486111122
1504,2.851381,17.311672760172463,0.15895447569444454
1505,2.872381,17.67906197342084,0.15906011342592602
1506,2.838151,17.084147726341698,0.15916588194444453
1507,2.847342,17.241891931142575,0.15927192013888897
1508,2.850768,17.301063956700947,0.15937796759259268
1509,2.842514,17.15884870455653,0.15948380439814824
1510,2.836374,17.05381615341611,0.15958986689814825
1511,2.852867,17.33741702914856,0.15969543287037047
1512,2.829925,16.94418996263709,0.15980122800925936
1513,2.854786,17.370719475905304,0.1599067523148149
1514,2.851943,17.321404654669887,0.16001237268518528
1515,2.805841,16.540981023181835,0.16011813194444455
1516,2.829055,16.92945492803906,0.1602238587962964
1517,2.838539,17.09077766178382,0.16033013194444454
1518,2.819497,16.768414038243094,0.16043628472222232
1519,2.843844,17.18168515620765,0.16054212037037047
1520,2.849079,17.27186712334472,0.16064807291666677
1521,2.846637,17.229740681150034,0.16075414699074084
1522,2.825983,16.87752744395311,0.16086013425925935
1523,2.836593,17.057551348142603,0.16096573958333343
1524,2.843501,17.175792848787562,0.16107138773148158
1525,2.829227,16.932367044721538,0.16117708680555565
1526,2.821777,16.806689639855133,0.1612827488425927
1527,2.849776,17.28390981111884,0.16138915162037046
1528,2.857441,17.416900013650384,0.1614947372685186
1529,2.853097,17.341405093675107,0.1616018472222223
1530,2.833023,16.996764458987094,0.1617076180555556
1531,2.819443,16.767508568332936,0.1618136354166667
1532,2.808867,16.591109838404307,0.16191931134259263
1533,2.842768,17.163207605684494,0.16202532754629634
1534,2.833134,16.99865120455448,0.16213142245370374
1535,2.859302,17.44934304345163,0.1622376053240741
1536,2.862932,17.51279926205645,0.16234349189814817
1537,2.785499,16.207903603104107,0.16244895949074076
1538,2.824752,16.856763990197404,0.1625545729166667
1539,2.811355,16.632439912975098,0.16266008217592595
1540,2.845241,17.20570474414665,0.16276575231481485
1541,2.829397,16.935245791805713,0.1628712881944445
1542,2.86086,17.476550308869598,0.16297868981481486
1543,2.831072,16.963636098751337,0.16308431481481486
1544,2.824792,16.8574382742426,0.16318983101851856
1545,2.809751,16.605782864023254,0.16329559953703707
1546,2.812421,16.65017954746764,0.1634013541666667
1547,2.847456,17.243857618864805,0.16350709375000003
1548,2.84246,17.157922151743634,0.1636128993055556
1549,2.858831,17.44112633806418,0.16371873958333336
1550,2.830641,16.956326346957443,0.1638242951388889
1551,2.811166,16.62929667887653,0.16393001736111112
1552,2.836559,17.056971401255915,0.16403572222222224
1553,2.855634,17.385456093463617,0.16414135416666667
1554,2.858414,17.433854904580457,0.16424808796296297
1555,2.835646,17.04140549328483,0.1643536388888889
1556,2.817794,16.73988173129114,0.16445926504629632
1557,2.821115,16.795567293216475,0.16456493518518522
1558,2.848506,17.261973178368983,0.16467037615740746
1559,2.831543,16.971627853264298,0.16477601967592598
1560,2.810767,16.62266291302595,0.1648816944444445
1561,2.813981,16.676174098039443,0.16498732175925931
1562,2.827378,16.90108802442151,0.1650929293981482
1563,2.79048,16.288836567166896,0.16519855555555563
1564,2.855562,17.384204385686914,0.1653040497685186
1565,2.839226,17.10252306011984,0.165409675925926
1566,2.82692,16.893349098455648,0.16551524884259267
1567,2.823631,16.837878145258202,0.16562072916666673
1568,2.807683,16.571477588940787,0.165726269675926
1569,2.829782,16.941767116710047,0.1658317534722223
1570,2.809858,16.607559777852906,0.16593731250000007
1571,2.836562,17.057022572246872,0.1660429710648149
1572,2.795779,16.375380207002355,0.1661485833333334
1573,2.825328,16.86647628312759,0.1662540995370371
1574,2.850539,17.297102466662782,0.16635962037037044
1575,2.840446,17.123400871128357,0.166465425925926
1576,2.798656,16.42256001146384,0.16657111574074082
1577,2.847055,17.236944218189112,0.16667671643518528
1578,2.822903,16.82562463078891,0.16678222569444454
1579,2.828281,16.91635659963176,0.16688770717592602
1580,2.801812,16.47447148407584,0.16699336921296307
1581,2.868926,17.61808621058872,0.16709893865740752
1582,2.893787,18.0615794523837,0.1672046226851853
1583,2.885568,17.91373971052151,0.1673101712962964
1584,2.866489,17.575203208654774,0.167415888888889
1585,2.865626,17.560042351136662,0.1675219317129631
1586,2.856553,17.40144067140208,0.16762767708333345
1587,2.894733,18.078673790892935,0.16773362384259272
1588,2.830902,16.960752525725205,0.16783930092592605
1589,2.857771,17.42264853910942,0.1679449641203705
1590,2.862561,17.506303218620797,0.16805042361111122
1591,2.831255,16.966740728222344,0.16815614351851862
1592,2.848377,17.259746527451046,0.16826171990740751
1593,2.816164,16.712617950087242,0.16836716087962975
1594,2.854766,17.370372064989912,0.16847295949074087
1595,2.830644,16.95637721601279,0.16857878009259272
1596,2.832931,16.995200828584967,0.1686846053240742
1597,2.867857,17.599262539474392,0.16879047222222235
1598,2.816687,16.721360935366498,0.1688963252314816
1599,2.852677,17.334123232833583,0.1690025775462964
1600,2.84732,17.2415126136926,0.16910875231481493
1601,2.83532,17.035850900541828,0.16921484606481493
1602,2.840806,17.129566405171506,0.16932072337962975
1603,2.84263,17.16083924645546,0.16942650578703716
1604,2.807829,16.573897201296177,0.16953236921296308
1605,2.79231,16.31867242957247,0.16963809953703715
1606,2.833774,17.00953382339197,0.16974368055555566
1607,2.839487,17.106987401209704,0.16984939814814826
1608,2.818681,16.75473659354426,0.16995540046296306
1609,2.825402,16.867724448554096,0.17006151041666676
1610,2.807372,16.566324660732498,0.1701674710648149
1611,2.805267,16.53148922448137,0.17027298726851858
1612,2.836109,17.049297490884683,0.17037868981481488
1613,2.838753,17.09443547957599,0.17048438773148156
1614,2.82827,16.916170520732596,0.17059020486111118
1615,2.797326,16.40073252514455,0.17069676273148154
1616,2.788379,16.254649647474075,0.17080380787037044
1617,2.831719,16.97461512263847,0.17090945138888897
1618,2.812113,16.645052081837264,0.17101501504629638
1619,2.788163,16.251139022311385,0.17112060532407417
1620,2.816425,16.716980512661866,0.1712265625000001
1621,2.838769,17.09470899273176,0.17133267013888898
1622,2.818245,16.747433120662258,0.17143872569444454
1623,2.8057,16.53864890927546,0.17154461111111122
1624,2.806549,16.55269618442396,0.1716507337962964
1625,2.788761,16.260860109762188,0.17175684837962973
1626,2.825166,16.863744135279674,0.17186279861111123
1627,2.808197,16.579997517855652,0.17196867708333344
1628,2.850127,17.289977528284613,0.17207594675925936
1629,2.79157,16.306601078925183,0.17218180787037046
1630,2.828404,16.91843743946254,0.17228741319444454
1631,2.829085,16.929962819305235,0.17239300694444454
1632,2.820779,16.789924930575964,0.17249887152777788
1633,2.821947,16.80954701996434,0.17260463078703714
1634,2.810813,16.623427573106998,0.17271080092592603
1635,2.834884,17.02842488853745,0.1728170000000001
1636,2.832054,16.98030257129901,0.1729229189814816
1637,2.839336,17.10440444113051,0.17302885995370382
1638,2.824668,16.855348081491222,0.17313471990740753
1639,2.826576,16.88753878579686,0.1732405289351853
1640,2.829564,16.938074214019622,0.17334619097222234
1641,2.826968,16.894159998673825,0.17345166319444458
1642,2.821321,16.7990275364717,0.17355850115740754
1643,2.854106,17.358911401861867,0.17366414930555568
1644,2.933588,18.794945926559407,0.17376971180555567
1645,2.904133,18.249414548870558,0.17387533680555567
1646,2.881034,17.832702664481598,0.17398079976851863
1647,2.844676,17.19598626669462,0.17408635069444456
1648,2.865603,17.55963847480719,0.17419210069444455
1649,2.866507,17.575519565159727,0.17429805324074085
1650,2.83394,17.01235764037698,0.17440383101851864
1651,2.867283,17.5891634614894,0.17450998495370382
1652,2.846972,17.235513611190015,0.1746158738425927
1653,2.858676,17.43842317298249,0.1747217465277779
1654,2.871735,17.66764498746952,0.17482745717592604
1655,2.837903,17.079911383033846,0.1749330787037038
1656,2.892025,18.029782970315694,0.17503868518518528
1657,2.815731,16.70538295300476,0.1751444224537038
1658,2.83921,17.10224942193999,0.17524998148148158
1659,2.824729,16.856376289084206,0.17535561921296305
1660,2.827324,16.900175390309535,0.17546135416666675
1661,2.804411,16.51734432458607,0.17556685416666676
1662,2.810632,16.620419004999896,0.17567259143518527
1663,2.827382,16.901155628908818,0.17577839120370378
1664,2.840896,17.13110813552479,0.1758840833333334
1665,2.840042,17.116484414394755,0.17598959259259267
1666,2.853518,17.348707362239228,0.17609526273148157
1667,2.846053,17.219681450173585,0.17620076620370378
1668,2.830608,16.955766797420612,0.17630635185185192
1669,2.839626,17.10936543772818,0.17641220949074082
1670,2.81933,16.765613946912836,0.17651782407407415
1671,2.854625,17.36792301519081,0.1766235347222223
1672,2.802046,16.478326961476373,0.17672910532407415
1673,2.806337,16.54918738477877,0.17683482754629637
1674,2.837631,17.075266278900465,0.1769404733796297
1675,2.818672,16.754585801593475,0.17704611805555562
1676,2.853535,17.34900229277128,0.17715190740740747
1677,2.853855,17.354554861868642,0.17725767013888893
1678,2.838083,17.082986043793966,0.17736331250000004
1679,2.843654,17.17842094613775,0.17746895023148151
1680,2.800406,16.451324653204455,0.17757476157407412
1681,2.824973,16.860489746720166,0.17768045370370375
1682,2.815744,16.705600124394763,0.17778627893518523
1683,2.836743,17.060110172751866,0.177891900462963
1684,2.829627,16.93914134630942,0.17799759375000004
1685,2.860106,17.46337795653759,0.17810313310185188
1686,2.823126,16.82937716347341,0.1782087430555556
1687,2.818973,16.759629690987033,0.17831431712962967
1688,2.840026,17.11621055283502,0.17841971412037042
1689,2.793249,16.33400285949425,0.178525369212963
1690,2.829689,16.9401916056306,0.17863098379629633
1691,2.826248,16.882000581390294,0.1787365555555556
1692,2.809906,16.60835695985445,0.17884226620370375
1693,2.807241,16.56415461434308,0.17894797222222228
1694,2.81282,16.656824294645986,0.1790536909722223
1695,2.818491,16.751553495995324,0.17915943750000007
1696,2.806559,16.552861712213442,0.17926507986111118
1697,2.817403,16.733337716972375,0.17937061805555563
1698,2.799445,16.43552252435177,0.1794763020833334
1699,2.81783,16.740484377881035,0.17958184375000005
1700,2.800281,16.44926836614342,0.17968751736111116
1701,2.799106,16.429951826502652,0.17979360648148154
1702,2.782101,16.152922612266906,0.179899957175926
1703,2.812397,16.64977994795371,0.18000569560185192
1704,2.809233,16.597183295980102,0.18011294675925932
1705,2.776351,16.06030982417951,0.18021845254629634
1706,2.833282,17.001167191111172,0.18032410763888893
1707,2.825874,16.875687893719032,0.18042973495370374
1708,2.833426,17.00361553546325,0.18053531597222225
1709,2.774208,16.02592943197405,0.18064084953703707
1710,2.814312,16.68169482529585,0.18074645254629634
1711,2.805032,16.527604780953606,0.18085219212962966
1712,2.800915,16.459700508927376,0.1809579155092593
1713,2.782523,16.159740584100156,0.18106373148148153
1714,2.79769,16.40670347843127,0.1811694618055556
1715,2.788961,16.264112607023023,0.18127542592592596
1716,2.789548,16.273662443726202,0.18138270717592597
1717,2.806904,16.558573434719634,0.1814882893518519
1718,2.772281,15.995077201629616,0.18159393287037043
1719,2.760782,15.812203257697039,0.18169946759259265
1720,2.791485,16.3052150767394,0.18180511226851856
1721,2.810022,16.610283641007143,0.18191081597222225
1722,2.768711,15.938076582663575,0.18201653240740742
1723,2.793574,16.339312273156576,0.1821222303240741
1724,2.787517,16.240644176703075,0.18222809375000001
1725,2.800478,16.45250919122234,0.18233417592592593
1726,2.800772,16.457346940038786,0.18244037847222222
1727,2.791352,16.30304662733927,0.18254646296296295
1728,2.818786,16.756495933250292,0.18265330555555553
1729,2.790139,16.283283020830954,0.18275915046296295
1730,2.791538,16.306079276039547,0.18286498726851852
1731,2.795435,16.36974804499855,0.18297084027777777
1732,2.79448,16.35412239804958,0.1830764375
1733,2.784169,16.18636142003921,0.18318206828703704
1734,2.82426,16.848472502187533,0.1832876099537037
1735,2.775162,16.041225463699192,0.1833932372685185
1736,2.814485,16.684581008148243,0.18349878587962962
1737,2.820976,16.79323287160878,0.18360444907407406
1738,2.802288,16.482315199158347,0.18371068055555553
1739,2.799661,16.439072980652508,0.18381687037037034
1740,2.811503,16.634901696249692,0.1839227256944444
1741,2.80239,16.48399648105258,0.18402861689814812
1742,2.803153,16.49657856982408,0.18413455787037034
1743,2.755054,15.721889861934036,0.1842404097222222
1744,2.793969,16.345767576342922,0.1843461006944444
1745,2.842996,17.167121263158585,0.18445183101851848
1746,2.793666,16.340815559035796,0.1845575543981481
1747,2.81111,16.628365464336767,0.18466308101851847
1748,2.762388,15.837618058751586,0.18476868634259255
1749,2.770935,15.973562310486205,0.1848742534722222
1750,2.802979,16.493708414863658,0.18498027893518515
1751,2.815367,16.699303300173813,0.18508617361111107
1752,2.789111,16.266552406894494,0.18519215856481477
1753,2.756238,15.740515603793868,0.18529800231481477
1754,2.802315,16.482760227676586,0.18540401736111106
1755,2.775116,16.04048758429922,0.18551009490740736
1756,2.757638,15.762567758545652,0.18561601041666662
1757,2.775254,16.0427013243304,0.1857217407407407
1758,2.790786,16.293821713844995,0.18582746527777771
1759,2.770225,15.962225106429454,0.18593309490740734
1760,2.782209,16.154667222116267,0.1860387013888888
1761,2.80433,16.516006473879468,0.18614434606481473
1762,2.805898,16.54192388597149,0.18625004976851842
1763,2.780899,16.133518463516623,0.18635574189814805
1764,2.833891,17.011524055275597,0.18646141435185176
1765,2.801017,16.461379484005562,0.18656732291666658
1766,2.751627,15.66810316152905,0.18667318749999992
1767,2.796686,16.390239414482036,0.186779011574074
1768,2.77955,16.111769020407024,0.18688492361111103
1769,2.789963,16.280417415199985,0.18699094560185178
1770,2.76604,15.89556278256661,0.18709666898148142
1771,2.789469,16.272376875173773,0.1872023692129629
1772,2.760587,15.809120178671767,0.18730812384259254
1773,2.749948,15.641818488478663,0.1874138368055555
1774,2.804688,16.521920262702153,0.18751957638888883
1775,2.791407,16.30394331956259,0.18762527083333327
1776,2.772417,15.997252680058217,0.18773080092592587
1777,2.77511,16.040391341662446,0.18783641319444438
1778,2.766098,15.896484751944854,0.18794217708333327
1779,2.768789,15.93931980112191,0.1880479756944444
1780,2.794061,16.347271456137356,0.1881541643518518
1781,2.80227,16.48201852015488,0.18826025231481477
1782,2.775288,16.04324678544822,0.1883660543981481
1783,2.779314,16.107967091563456,0.18847179398148142
1784,2.766029,15.895387932337684,0.1885774456018518
1785,2.766364,15.900713779324576,0.18868317245370364
1786,2.775315,16.04367995895924,0.18878879282407401
1787,2.786593,16.225644752285064,0.18889458333333328
1788,2.764946,15.878182545605545,0.18900015277777774
1789,2.741127,15.504448767473768,0.1891058634259259
1790,2.747474,15.603168459337907,0.1892123657407407
1791,2.775087,16.040022416904236,0.1893191759259259
1792,2.756849,15.750135997558786,0.1894250949074074
1793,2.780716,16.130566299769022,0.1895309525462963
1794,2.755013,15.721245277663765,0.18963676851851852
1795,2.764825,15.876261401749074,0.18974253356481482
1796,2.786819,16.229312162400813,0.18984826967592594
1797,2.782959,16.166787767169097,0.18995392824074075
1798,2.748082,15.61265807031059,0.1900597164351852
1799,2.768883,15.94081816760534,0.19016526967592595
1800,2.790298,16.285872268671014,0.19027096527777781
1801,2.771645,15.984907566816048,0.1903769479166667
1802,2.775238,16.042444643162664,0.190482869212963
1803,2.74116,15.504960422725356,0.19059001157407413
1804,2.765395,15.885313450336831,0.19069579282407412
1805,2.742701,15.528871985864313,0.1908015717592593
1806,2.780673,16.129872700330633,0.19090743402777782
1807,2.806009,16.543760141433125,0.19101338657407413
1808,2.786906,16.23072417398056,0.19111915972222226
1809,2.75948,15.791629165695852,0.1912249155092593
1810,2.786001,16.21604201328291,0.19133080439814817
1811,2.76427,15.86745252136152,0.19143649537037039
1812,2.800566,16.45395707573715,0.19154226504629632
1813,2.788599,16.25822606378789,0.19164794212962966
1814,2.783317,16.172576513313476,0.1917548865740741
1815,2.761571,15.824684009076323,0.1918607106481482
1816,2.78057,16.128211409000468,0.19196649189814818
1817,2.771281,15.979090119301409,0.19207226157407412
1818,2.767273,15.915174099369752,0.19217795486111117
1819,2.762604,15.841039353738834,0.19228384259259265
1820,2.770762,15.970799123229076,0.1923896932870371
1821,2.775634,16.048798709263416,0.1924953344907408
1822,2.786659,16.226715680178952,0.1926009930555556
1823,2.802729,16.489585503145374,0.192706457175926
1824,2.783835,16.180956078067275,0.19281211805555562
1825,2.790548,16.289944245714103,0.1929176342592593
1826,2.802158,16.480172637451982,0.19302321875000006
1827,2.765487,15.88677496640297,0.19312888657407412
1828,2.774313,16.027612242910436,0.1932348819444445
1829,2.824888,16.85905666599849,0.1933411481481482
1830,2.805021,16.52742297830093,0.19344746296296303
1831,2.839061,17.099701376610213,0.19355344907407415
1832,2.79362,16.340063898808403,0.19365941898148156
1833,2.784264,16.18789919741738,0.19376546990740748
1834,2.765484,15.886727306149561,0.19387145370370376
1835,2.803142,16.49639710845785,0.1939773958333334
1836,2.803822,16.50761847332326,0.1940829733796297
1837,2.811803,16.639892915404,0.19418855555555564
1838,2.793647,16.340505086489674,0.19429425000000008
1839,2.759359,15.789718494164761,0.19439974421296305
1840,2.786803,16.229052495483554,0.19450534143518527
1841,2.789858,16.27870806111405,0.1946111099537038
1842,2.777286,16.07533323621576,0.19471729166666674
1843,2.782742,16.163279954835023,0.1948235671296297
1844,2.763302,15.852100259014605,0.19492948726851858
1845,2.811675,16.637763145419022,0.1950354733796297
1846,2.782802,16.164249780726806,0.19514161574074082
1847,2.763585,15.856587038237222,0.19524755555555565
1848,2.77149,15.982430098151974,0.1953534421296297
1849,2.811038,16.627168265123018,0.19545925000000008
1850,2.769625,15.95265064399156,0.19556497569444453
1851,2.771799,15.987369432140104,0.19567062962962972
1852,2.797914,16.410378991652557,0.1957763611111112
1853,2.77062,15.968531430763555,0.19588200231481492
1854,2.769545,15.951374482987163,0.19598774537037048
1855,2.795289,16.367358236244264,0.1960938912037038
1856,2.764783,15.875594612772865,0.19620024421296306
1857,2.778948,16.10207265435576,0.1963061261574075
1858,2.791925,16.3123909499495,0.19641226273148157
1859,2.781631,16.14533252244997,0.1965182060185186
1860,2.781804,16.148125906597116,0.1966240810185186
1861,2.783319,16.17260885849885,0.19672994097222232
1862,2.76768,15.921652893573382,0.19683561111111122
1863,2.767144,15.913121174327449,0.1969410925925927
1864,2.767368,15.916686112728689,0.19704664351851864
1865,2.784045,16.184354435658726,0.19715245601851863
1866,2.783162,16.170069958216953,0.1972579652777779
1867,2.806404,16.55029621747903,0.19736364814814827
1868,2.756659,15.747143755991202,0.19746927314814827
1869,2.757909,15.766839993269878,0.19757484259259273
1870,2.774179,16.025464686759367,0.1976807314814816
1871,2.764882,15.877166374440451,0.19778667824074087
1872,2.793171,16.33272885695796,0.1978926550925927
1873,2.741229,15.506030301904937,0.19799863310185198
1874,2.764499,15.871086584073211,0.19810435879629643
1875,2.74964,15.637001550230782,0.19821004976851864
1876,2.754432,15.712113887083275,0.1983158703703705
1877,2.758672,15.778874682834955,0.19842146990740753
1878,2.781029,16.135615957251026,0.1985279004629631
1879,2.793238,16.333823186451006,0.19863485879629642
1880,2.747968,15.610878328737774,0.19874057870370382
1881,2.76608,15.896198617794537,0.19884636111111123
1882,2.744484,15.556584663125134,0.1989518715277779
1883,2.762376,15.837428008475188,0.19905754861111125
1884,2.779711,16.114363224047096,0.19916329513888903
1885,2.776889,16.068952595561953,0.199269008101852
1886,2.756886,15.7507187633718,0.19937461458333347
1887,2.764041,15.863819290754916,0.19948025925925938
1888,2.783544,16.17624810489188,0.19958617476851864
1889,2.745902,15.578659547571645,0.19969189236111123
1890,2.764349,15.868706099626403,0.19979757754629643
1891,2.788453,16.255852536054316,0.19990485995370383
1892,2.766278,15.899346376738707,0.20001060879629642
1893,2.75047,15.649985649173141,0.20011626967592605
1894,2.783844,16.181101707327315,0.20022189699074086
1895,2.742276,15.522273617522915,0.20032763425925937
1896,2.754031,15.705814592507526,0.20043337152777788
1897,2.765382,15.885106942604278,0.20053933912037047
1898,2.767138,15.913025695886839,0.2006452627314816
1899,2.784531,16.19222194356402,0.20075088541666677
1900,2.759077,15.785266421321182,0.2008565949074075
1901,2.752739,15.68553578298585,0.20096413657407416
1902,2.770452,15.965848942818484,0.20106998032407417
1903,2.760591,15.80918341527895,0.20117572685185195
1904,2.779554,16.111833467612,0.20128152199074084
1905,2.733764,15.390708758896183,0.2013871261574075
1906,2.743555,15.542139306879982,0.2014928761574075
1907,2.787759,16.244574888190744,0.20159859722222231
1908,2.756248,15.740673009736929,0.2017043437500001
1909,2.724432,15.247750744325456,0.2018101238425927
1910,2.747451,15.602809590590347,0.20191578935185195
1911,2.727,15.286957287892788,0.20202174652777788
1912,2.75056,15.651394211265911,0.2021276724537038
1913,2.76646,15.902240321120226,0.20223337037037048
1914,2.755683,15.731782041421496,0.20233919328703714
1915,2.759841,15.797330972938957,0.2024449675925927
1916,2.705949,14.968515073132316,0.2025506562500001
1917,2.733465,15.386107624881086,0.20265673263888898
1918,2.760826,15.812899009946813,0.20276248148148157
1919,2.724878,15.254552757893695,0.20286816898148158
1920,2.757794,15.765026910924885,0.20297433680555566
1921,2.73833,15.461143415038753,0.20308042939814824
1922,2.729869,15.330878543265678,0.2031868287037038
1923,2.755597,15.730429166340395,0.2032928287037038
1924,2.723058,15.226814721144393,0.20339862731481492
1925,2.768031,15.927242374635572,0.20350452314814826
1926,2.742927,15.53238190753933,0.2036102754629631
1927,2.737434,15.447296434912358,0.20371583101851864
1928,2.743934,15.548030894062533,0.20382140509259272
1929,2.759259,15.788139601261308,0.20392706944444458
1930,2.749729,15.638393305300934,0.20403283101851866
1931,2.751201,15.661429971072724,0.20413845717592607
1932,2.73379,15.39110892252602,0.20424440393518534
1933,2.751123,15.660208427175816,0.20435034953703718
1934,2.758359,15.773936667898882,0.2044563657407409
1935,2.760869,15.81357897922348,0.20456217476851865
1936,2.738331,15.461158876189902,0.20466795717592606
1937,2.739176,15.474229076822345,0.20477420833333346
1938,2.749903,15.64111462248379,0.20488006944444456
1939,2.708476,15.00638834344513,0.20498580324074087
1940,2.728534,15.310425475870568,0.20509144212962976
1941,2.747812,15.60844322166178,0.20519710069444458
1942,2.725115,15.258168515347654,0.2053027418981483
1943,2.7549,15.719468877315903,0.20540853472222237
1944,2.737486,15.448099715212082,0.2055142592592594
1945,2.707551,14.992513852168937,0.2056200254629631
1946,2.748393,15.617514362084686,0.20572596064814827
1947,2.737386,15.446554982478482,0.2058320891203705
1948,2.730432,15.339512258048199,0.20593805439814827
1949,2.761666,15.826187425468332,0.20604409375000013
1950,2.728299,15.306827948609747,0.2061501493055557
1951,2.758309,15.773147990782581,0.2062560879629631
1952,2.737805,15.453028445111853,0.20636195833333348
1953,2.725763,15.26805901272066,0.20646776851851867
1954,2.736992,15.440470238588645,0.20657341898148163
1955,2.75748,15.760077469577812,0.20667882754629643
1956,2.752144,15.676205665180277,0.20678438888888903
1957,2.735613,15.41919250449917,0.2068901192129631
1958,2.726166,15.27421328050445,0.2069957129629631
1959,2.726144,15.273877251508612,0.20710125810185198
1960,2.732924,15.377785991860728,0.20720704513888902
1961,2.771421,15.981327348520503,0.20731287152777791
1962,2.706551,14.977528832075569,0.20741884375000014
1963,2.731198,15.35126682586258,0.20752484143518532
1964,2.765867,15.892813088060663,0.20763100000000012
1965,2.748982,15.62671578759775,0.20773703935185198
1966,2.723349,15.231246369001735,0.20784351736111123
1967,2.75094,15.657342871240003,0.2079504976851853
1968,2.741647,15.512513177397715,0.20805610416666678
1969,2.715524,15.11252696161703,0.20816154976851864
1970,2.742972,15.533080880451942,0.20826700810185197
1971,2.744656,15.559260625813387,0.2083725590277779
1972,2.711079,15.045500855152845,0.2084781828703705
1973,2.745776,15.57669676012686,0.20858378587962978
1974,2.724526,15.249184100262093,0.20868945486111126
1975,2.725092,15.257817581507553,0.20879523495370386
1976,2.759099,15.785613701002514,0.20890078472222237
1977,2.691762,14.757656015156257,0.2090064131944446
1978,2.768271,15.93106537154676,0.2091121631944446
1979,2.743048,15.53426143945953,0.2092177418981483
1980,2.759466,15.791408084435108,0.2093248877314816
1981,2.733877,15.392448007251623,0.20943036458333347
1982,2.739697,15.482293250706254,0.209535945601852
1983,2.737771,15.452503051076471,0.2096414166666668
1984,2.737587,15.449660052079002,0.2097470902777779
1985,2.716614,15.129008596864583,0.2098526064814816
1986,2.706666,14.979251346933959,0.2099581516203705
1987,2.744189,15.551996147488847,0.21006456712962976
1988,2.745943,15.579298285707138,0.21017025694444458
1989,2.717892,15.148355830100122,0.21027604629629643
1990,2.753547,15.698214817538657,0.2103818078703705
1991,2.700932,14.893606099294594,0.21048739236111125
1992,2.735015,15.409974583814467,0.21059292939814828
1993,2.730448,15.339757692207796,0.21069847222222235
1994,2.757387,15.758611850525483,0.2108043078703705
1995,2.711129,15.046253149002798,0.210910107638889
1996,2.698301,14.854472524439144,0.21101585995370384
1997,2.724677,15.251486900918303,0.21112148379629644
1998,2.697565,14.843543654978465,0.21122712500000015
1999,2.722996,15.225870687897018,0.21133278009259274
2000,2.720178,15.183024582814435,0.21143881365740755
2001,2.726319,15.276550413922516,0.21154520138888902
2002,2.715368,15.110169591290683,0.21165126388888902
2003,2.748526,15.619591629630072,0.21175703125000014
2004,2.781589,16.144654432724007,0.2118630532407409
2005,2.761602,15.825174581884442,0.21196876967592607
2006,2.715559,15.113055909317216,0.2120746817129631
2007,2.726452,15.278582330247007,0.212180320601852
2008,2.70734,14.98935076546351,0.21228628935185198
2009,2.739472,15.478810126591004,0.2123918842592594
2010,2.710377,15.034942619926689,0.2124973819444446
2011,2.701915,14.908253712212465,0.2126031006944446
2012,2.716097,15.121188920980398,0.21270906712962978
2013,2.739933,15.485947503098245,0.21281502662037052
2014,2.727451,15.293853260554576,0.2129210104166668
2015,2.731214,15.351512448096768,0.2130273379629631
2016,2.724768,15.252874849376989,0.21313387615740756
2017,2.701686,14.904840112984399,0.21323998148148163
2018,2.742866,15.531434461140378,0.21334598726851867
2019,2.746509,15.588118664468567,0.21345186458333348
2020,2.71668,15.130007144383688,0.21355762847222237
2021,2.690569,14.740060629264743,0.21366325231481498
2022,2.741831,15.515367742434286,0.21376888888888906
2023,2.754356,15.710919811803292,0.21387451157407425
2024,2.774886,16.036798696393202,0.21398004629629647
2025,2.709705,15.024842532495564,0.214085502314815
2026,2.730881,15.346401245514015,0.2141911412037039
2027,2.715041,15.105229373603944,0.21429661689814833
2028,2.743077,15.534711939573496,0.2144021712962965
2029,2.729232,15.321115883370913,0.21450797222222243
2030,2.743194,15.536529607201908,0.21461397800925947
2031,2.755244,15.724877304805888,0.21472001157407428
2032,2.727913,15.300920653202947,0.21482589699074095
2033,2.709302,15.018788740875912,0.2149318877314817
2034,2.712495,15.066820375021578,0.215037621527778
2035,2.728734,15.313487867194672,0.2151432754629632
2036,2.71174,15.055449218790063,0.2152490092592595
2037,2.743418,15.540010179643485,0.21535496759259282
2038,2.735491,15.41731147775859,0.2154606851851854
2039,2.71457,15.098116485785557,0.21556628703703726
2040,2.727172,15.289586870683943,0.21567219675925947
2041,2.722702,15.22139493988197,0.21577814467592613
2042,2.727645,15.296820555905466,0.2158840763888891
2043,2.710406,15.035378639584922,0.21599016666666687
2044,2.705448,14.961017725323126,0.21609623842592612
2045,2.721142,15.197668075541747,0.21620248032407427
2046,2.725934,15.270670074051214,0.21630838310185205
2047,2.744346,15.554438002564613,0.2164141250000002
2048,2.714228,15.092953812814812,0.21651983796296317
2049,2.711066,15.045305264913074,0.216625496527778
2050,2.728868,15.315540012059506,0.2167311851851854
2051,2.735792,15.42195278699539,0.21683718055555576
2052,2.732399,15.36971477309531,0.2169437013888891
2053,2.717938,15.149052670495516,0.21704929282407429
2054,2.712636,15.06894494647322,0.2171550289351854
2055,2.715892,15.118089394963873,0.2172607939814817
2056,2.716812,15.132004437145165,0.21736686111111134
2057,2.714912,15.103280924692408,0.21747270370370392
2058,2.723611,15.235237478362912,0.21757849074074095
2059,2.707101,14.985768738699818,0.21768402430555578
2060,2.707383,14.989995321404281,0.21778968171296317
2061,2.700018,14.879999562454413,0.21789542824074096
2062,2.707079,14.98543905541409,0.21800112847222244
2063,2.702184,14.912264571897492,0.21810795370370392
2064,2.721087,15.196832226783643,0.21821343981481503
2065,2.718063,15.15094642043623,0.2183191678240743
2066,2.740209,15.490222214492135,0.2184261354166669
2067,2.726276,15.275893536377682,0.21853179513888912
2068,2.686737,14.683684802004686,0.21863769097222246
2069,2.725777,15.26827276704311,0.21874354976851876
2070,2.709304,15.01881877848343,0.21884940509259282
2071,2.722632,15.220329479527726,0.2189551805555558
2072,2.753089,15.691026681361059,0.2190611192129632
2073,2.738169,15.45865437132233,0.21916676851851877
2074,2.723888,15.23945822369066,0.21927238888888914
2075,2.686406,14.678825306626074,0.219378178240741
2076,2.706836,14.981798036125388,0.21948395486111136
2077,2.716173,15.122338175009492,0.21958973842592616
2078,2.719568,15.173765762046353,0.21969510069444467
2079,2.709725,15.025143032351204,0.21980054050925948
2080,2.725545,15.264730938629137,0.2199059328703706
2081,2.710395,15.035213251329527,0.22001159490740765
2082,2.693216,14.779129254264047,0.22011718865740765
2083,2.695654,14.815204729521371,0.2202226631944447
2084,2.706807,14.981363570282124,0.22032826967592617
2085,2.717525,15.14279740354414,0.2204338993055558
2086,2.718797,15.162071297439223,0.22053962615740763
2087,2.709288,15.018578479305372,0.2206451365740743
2088,2.692171,14.763693130972483,0.22075082638888913
2089,2.707951,14.99851205727085,0.22085621527777802
2090,2.761508,15.823687085387178,0.2209615717592595
2091,2.71455,15.097814526475442,0.2210671365740743
2092,2.720031,15.180792842237711,0.22117262500000023
2093,2.717496,15.142358268786921,0.22127805439814838
2094,2.721485,15.202881769789107,0.2213834953703706
2095,2.726955,15.286269390292643,0.22148878472222247
2096,2.710362,15.034717097478813,0.22159423958333357
2097,2.687241,14.69108724440369,0.221699652777778
2098,2.67427,14.501759690082874,0.22180497685185208
2099,2.707912,14.997927126706834,0.2219104803240743
2100,2.738967,15.470995300886647,0.22201609722222243
2101,2.7207,15.190952190572272,0.2221218888888891
2102,2.704264,14.943314362795086,0.2222274236111113
2103,2.700797,14.89159559818307,0.2223329363425928
2104,2.756337,15.74207399197758,0.2224388263888891
2105,2.693266,14.779868229200979,0.22254457638888908
2106,2.675303,14.516747747841762,0.2226504224537039
2107,2.71705,15.135606282803836,0.22275596296296316
2108,2.703688,14.934709492162769,0.2228615625000002
2109,2.664488,14.360595038743718,0.2229670138888891
2110,2.706704,14.979820569300305,0.22307220486111132
2111,2.706689,14.979595873676981,0.22317768171296318
2112,2.703166,14.926915608188551,0.22328306481481502
2113,2.704643,14.948978952310494,0.22338823842592614
2114,2.696388,14.82608308165967,0.22349344212962985
2115,2.684253,14.647255792517647,0.2235988888888891
2116,2.71119,15.047170998439011,0.2237041064814817
2117,2.715889,15.118044040763719,0.22380972453703726
2118,2.712211,15.062542005592285,0.22391524305555577
2119,2.694366,14.79613502935295,0.22402083680555576
2120,2.673133,14.485280559476308,0.22412620833333355
2121,2.672238,14.472322033181106,0.22423158449074096
2122,2.693146,14.778094751424272,0.22433688194444465
2123,2.72232,15.21558147745695,0.22444206365740763
2124,2.724262,15.24515884701643,0.22454730324074096
2125,2.722293,15.215170662303093,0.22465270254629652
2126,2.667127,14.398542698965318,0.22475800347222244
2127,2.706668,14.979281305466614,0.22486342245370392
2128,2.712851,15.072185117942666,0.22496886111111133
2129,2.703573,14.932992099323151,0.2250742141203706
2130,2.709211,15.017422093283898,0.2251796666666669
2131,2.708461,15.006163249308184,0.22528532986111133
2132,2.692253,14.764903803446114,0.22539084953703725
2133,2.693719,14.786565026218815,0.22549678125000022
2134,2.661516,14.317978709522196,0.2256021701388891
2135,2.693557,14.784169796703397,0.22570754861111134
2136,2.694226,14.794063715444196,0.2258131678240743
2137,2.74021,15.49023770472209,0.22591841550925948
2138,2.710366,15.034777236467484,0.2260238287037039
2139,2.684172,14.646069412847476,0.22612890972222244
2140,2.707554,14.992558829777959,0.22623565046296318
2141,2.720741,15.191575032380255,0.22634109722222243
2142,2.697759,14.846423581791399,0.22644650578703723
2143,2.698694,14.860311479420755,0.2265521087962965
2144,2.718234,15.15353745380116,0.22665781712962985
2145,2.687719,14.698111262713148,0.22676350694444466
2146,2.675761,14.523397941088282,0.22686897337962986
2147,2.71509,15.105969547977377,0.2269744143518521
2148,2.704618,14.948605232508203,0.22707990740740763
2149,2.71591,15.118361523022124,0.22718529629629652
2150,2.668715,14.421425749104325,0.22729226967592617
2151,2.675295,14.516631614324318,0.2273977256944447
2152,2.680278,14.58914851546645,0.22750306250000024
2153,2.659385,14.28749958393473,0.22760828356481505
2154,2.696895,14.833601811619062,0.22771518055555579
2155,2.71251,15.067046379022226,0.2278205740740743
2156,2.729667,15.327782018559466,0.2279259513888891
2157,2.670254,14.443637410821818,0.22803153472222243
2158,2.671584,14.462860228918647,0.22813722916666687
2159,2.670832,14.451988246404266,0.22824269212962983
2160,2.676957,14.540778316418503,0.22834815046296317
2161,2.679806,14.582264062225928,0.22845364814814836
2162,2.693835,14.78828036724971,0.2285590289351854
2163,2.710749,15.04053665900806,0.22866422453703725
2164,2.689288,14.721190700368512,0.22876963541666687
2165,2.690876,14.744586522567,0.22887489467592612
2166,2.7007,14.890151183465289,0.22898006944444463
2167,2.703899,14.937861048343096,0.22908508333333352
2168,2.680928,14.598634544626997,0.22919041782407426
2169,2.679593,14.579158370748559,0.22929576157407425
2170,2.690816,14.743701873915372,0.22940111805555574
2171,2.690791,14.743333285975892,0.22950656712962983
2172,2.693398,14.781819300575116,0.22961203356481502
2173,2.677002,14.541432666165502,0.22971743055555577
2174,2.725295,15.260915232877576,0.2298226678240743
2175,2.681285,14.603847187560826,0.2299277673611113
2176,2.666624,14.391302053162825,0.23003286458333352
2177,2.709048,15.014974452970801,0.23013807175925946
2178,2.660744,14.30692949550382,0.2302432986111113
2179,2.688145,14.704373991977686,0.23034845023148168
2180,2.675516,14.5198401444406,0.23045344907407428
2181,2.690861,14.74436535542792,0.23055882870370392
2182,2.712024,15.05972557358184,0.23066406365740763
2183,2.672507,14.47621561147083,0.23076954976851874
2184,2.654742,14.221316486322486,0.23087498958333355
2185,2.701497,14.902023364394168,0.23098053935185206
2186,2.677953,14.555268146359124,0.23108557523148168
2187,2.702478,14.916649422223045,0.23119100462962983
2188,2.687927,14.701168787827383,0.23129646527777797
2189,2.697968,14.849526808595897,0.2314015949074076
2190,2.684664,14.653277051932424,0.23150657638888908
2191,2.706331,14.97423413816213,0.23161191087962982
2192,2.673322,14.488018536232707,0.23171718055555574
2193,2.684484,14.650639699431919,0.23182254398148167
2194,2.68054,14.592971373149993,0.23192804398148167
2195,2.71835,15.155295366102747,0.23203350578703724
2196,2.69031,14.73624344790809,0.2321388900462965
2197,2.697248,14.838838997367466,0.23224448726851873
2198,2.689853,14.729510523242856,0.2323499675925928
2199,2.704346,14.944539764813635,0.23245533333333354
2200,2.680814,14.596970395147226,0.23256065162037057
2201,2.681179,14.602299261800463,0.23266635185185205
2202,2.683557,14.637064849345666,0.232771777777778
2203,2.681496,14.606928924429209,0.2328772002314817
2204,2.696077,14.821472886743742,0.2329826689814817
2205,2.663079,14.340375208549673,0.23308780324074097
2206,2.685321,14.662907418184444,0.23319308333333355
2207,2.675925,14.52577997367195,0.2332984050925928
2208,2.704864,14.952283041747393,0.23340381828703724
2209,2.644654,14.078573054035289,0.23350918055555575
2210,2.702007,14.909625334647654,0.23361444097222242
2211,2.681149,14.601861199393575,0.23371980671296316
2212,2.65302,14.196848452356505,0.23382494675925947
2213,2.663447,14.345653437761028,0.23393002893518539
2214,2.673482,14.490336804655028,0.23403516550925946
2215,2.690184,14.734386798205037,0.2341405173611113
2216,2.676146,14.52899052579908,0.23424587037037056
2217,2.666079,14.383460930443873,0.2343514548611113
2218,2.677175,14.54394855163457,0.23445707060185206
2219,2.706215,14.972497227744851,0.23456269560185206
2220,2.699814,14.876964352145649,0.234668502314815
2221,2.689788,14.728553136174266,0.23477380555555574
2222,2.695384,14.811205164210007,0.23487901041666687
2223,2.707638,14.993818257614892,0.2349841712962965
2224,2.695215,14.808702282036762,0.2350893263888891
2225,2.668846,14.4233150796259,0.2351943553240743
2226,2.687037,14.688090568277188,0.2352993136574076
2227,2.688064,14.703182985920728,0.23540452662037056
2228,2.669008,14.42565184594176,0.2355112500000002
2229,2.678466,14.562736914493433,0.2356167500000002
2230,2.691058,14.747270281528765,0.23572252430555576
2231,2.659218,14.285113770725165,0.2358278761574076
2232,2.663416,14.345208729397466,0.23593339351851872
2233,2.683276,14.63295241194752,0.23603884027777797
2234,2.664883,14.366268594237466,0.23614405671296315
2235,2.629468,13.866391019498788,0.23624929629629648
2236,2.673944,14.497032886934685,0.23635446527777795
2237,2.634781,13.940259212076624,0.23646121064814832
2238,2.678179,14.558558008700643,0.23656634490740758
2239,2.679724,14.581068365597059,0.23667154745370386
2240,2.650913,14.166967183638679,0.2367778680555557
2241,2.637614,13.979807960775823,0.23688312384259275
2242,2.650012,14.15420849485864,0.2369887106481483
2243,2.653284,14.200596915123242,0.2370942731481483
2244,2.678889,14.568898255239963,0.2371997245370372
2245,2.655967,14.238748273808183,0.23730514120370386
2246,2.675811,14.524124129139885,0.23741050578703718
2247,2.68767,14.697391072906067,0.23751566666666682
2248,2.662501,14.332088866662627,0.23762106597222238
2249,2.664771,14.364659662256782,0.23772601273148164
2250,2.674931,14.511348521997837,0.2378310671296298
2251,2.653199,14.199389915683655,0.23793606365740758
2252,2.68922,14.720189693435513,0.23804091666666682
2253,2.694175,14.79330923743406,0.2381458993055557
2254,2.679533,14.578283647488275,0.23825085763888904
2255,2.685799,14.669917963317138,0.23835596412037052
2256,2.685297,14.662555512629288,0.23846127199074088
2257,2.672304,14.473277237956705,0.2385664467592594
2258,2.705993,14.969173702285268,0.23867148611111125
2259,2.676575,14.535224799890825,0.23877674652777792
2260,2.697302,14.83964031630874,0.2388817465277779
2261,2.665967,14.381850073029367,0.23898678240740753
2262,2.677925,14.554860604556639,0.23909167361111125
2263,2.669238,14.428970127454075,0.23919663888888903
2264,2.666691,14.392266302702387,0.2393014444444446
2265,2.683288,14.633128008430038,0.2394064004629631
2266,2.667315,14.401249879459717,0.23951135879629643
2267,2.69259,14.769880414539745,0.23961626388888901
2268,2.684826,14.655651075105522,0.23972103819444457
2269,2.648941,14.13905745239213,0.2398260127314816
2270,2.674701,14.508011295633525,0.23993098495370382
2271,2.667785,14.408020057770338,0.24003589467592604
2272,2.682742,14.625140501325308,0.24014083449074086
2273,2.658697,14.277673164896742,0.2402458229166668
2274,2.709834,15.02678086220183,0.24035064004629642
2275,2.671101,14.455876354169602,0.24045567708333346
2276,2.669519,14.43302523777621,0.24056057870370381
2277,2.656957,14.25285161460105,0.24066563194444457
2278,2.674983,14.512103131740666,0.24077072685185197
2279,2.673193,14.486149702383903,0.2408758854166668
2280,2.663059,14.340088403913557,0.24098100231481495
2281,2.66159,14.31903827915029,0.2410861689814816
2282,2.6662,14.38520143451483,0.2411913564814816
2283,2.678106,14.557495272756343,0.2412966087962964
2284,2.659511,14.289299922301247,0.2414016064814816
2285,2.668599,14.419752960741027,0.24150650925925937
2286,2.655202,14.227859796752211,0.24161136342592604
2287,2.649468,14.146510699427637,0.241716232638889
2288,2.676383,14.532434304625362,0.24182112962962973
2289,2.670085,14.441196642350134,0.24192603819444455
2290,2.668176,14.413654695112742,0.2420310324074075
2291,2.646761,14.108267879973548,0.24213612962962971
2292,2.674409,14.503775574780533,0.2422414548611112
2293,2.645483,14.090249030120487,0.24234653587962973
2294,2.662271,14.328792865277986,0.24245172222222233
2295,2.678859,14.568461194848249,0.24255700925925938
2296,2.667252,14.400342629295993,0.24266222453703715
2297,2.671279,14.458449729184226,0.24276740972222233
2298,2.625043,13.805167795519605,0.24287246180555566
2299,2.680583,14.593598884410431,0.24297728472222233
2300,2.649825,14.151561905333935,0.24308220023148158
2301,2.65398,14.210483970872442,0.24318757754629639
2302,2.678523,14.563567014155181,0.24329317708333342
2303,2.62625,13.821840693118345,0.2433983449074075
2304,2.665651,14.377306126387667,0.24350322569444455
2305,2.690909,14.745073101950762,0.24360825925925936
2306,2.620057,13.736506543636382,0.24371308333333344
2307,2.664542,14.361370531813934,0.24381788773148158
2308,2.688928,14.71589202553508,0.24392361342592603
2309,2.658093,14.269052054142685,0.24402833564814824
2310,2.662328,14.329609629748873,0.24413311342592603
2311,2.671449,14.460907874574623,0.24423818287037047
2312,2.663523,14.346743748853592,0.24434298958333342
2313,2.661013,14.310778577216388,0.24444779166666675
2314,2.675897,14.525373257526741,0.24455259143518526
2315,2.651419,14.174137482966344,0.24465758680555563
2316,2.652227,14.185594814191052,0.24476387500000008
2317,2.677224,14.544661222573891,0.24486894791666675
2318,2.660739,14.306857961035174,0.24497360185185194
2319,2.631277,13.891498023291138,0.2450784074074075
2320,2.649972,14.153642337842063,0.24518335416666676
2321,2.652611,14.19104312860912,0.2452881087962964
2322,2.67718,14.544021271559124,0.24539301041666675
2323,2.64738,14.117003601218043,0.24549770833333343
2324,2.680974,14.599306097261637,0.24560244328703712
2325,2.661115,14.312238351078467,0.2457072835648149
2326,2.642437,14.047395430739982,0.24581379282407415
2327,2.665595,14.376501019787787,0.24591987500000007
2328,2.643437,14.061449852210254,0.2460248171296297
2329,2.652462,14.188928820702808,0.24612970833333342
2330,2.656881,14.251768439039536,0.24623454513888898
2331,2.629679,13.869317136698406,0.24633944907407418
2332,2.668817,14.422896809553542,0.24644410416666676
2333,2.66834,14.41601872832817,0.24654889583333342
2334,2.66456,14.361629038810062,0.24665350578703713
2335,2.657297,14.257698408058213,0.24675799884259267
2336,2.635273,13.947119507103162,0.24686273495370378
2337,2.633357,13.920422410113678,0.2469675520833334
2338,2.670193,14.442756375811598,0.2470726458333334
2339,2.643807,14.066653551280531,0.24717746064814822
2340,2.651453,14.174619411833508,0.24728245486111117
2341,2.66541,14.37384161310183,0.2473874780092593
2342,2.672352,14.47397197193761,0.24749243402777782
2343,2.666094,14.383676683975981,0.24759703356481486
2344,2.640286,14.01721195713207,0.24770187384259262
2345,2.667918,14.409936451875405,0.24780652083333338
2346,2.643492,14.062223253220461,0.2479112395833334
2347,2.661972,14.324509196651642,0.24801578125000007
2348,2.647499,14.118683624605994,0.2481206898148149
2349,2.65121,14.171175397781084,0.2482252708333334
2350,2.69093,14.745382751737212,0.2483299444444445
2351,2.633993,13.929278614741053,0.24843458796296303
2352,2.632161,13.903783536940713,0.24853938888888896
2353,2.640919,14.026087661164889,0.24864422337962971
2354,2.63639,13.962707143666904,0.24874904166666675
2355,2.639406,14.004882236482556,0.24885381712962973
2356,2.640185,14.015796290216777,0.24895851967592603
2357,2.670047,14.440647887304136,0.2490634074074075
2358,2.660958,14.309991506039294,0.24916801041666678
2359,2.634668,13.938684051783895,0.2492728587962964
2360,2.66026,14.300006617099712,0.24937758333333343
2361,2.655824,14.23671227838217,0.24948216666666675
2362,2.631442,13.893790309573399,0.24958684259259267
2363,2.652395,14.18797819431816,0.24969166898148157
2364,2.6571,14.254889918117167,0.24979632407407415
2365,2.654559,14.218714223519793,0.24990088657407414
2366,2.650927,14.167165522567617,0.2500054768518519
2367,2.669083,14.42673381040337,0.25011004629629635
2368,2.661832,14.322503905737749,0.250214712962963
2369,2.667589,14.405196362570187,0.2503193287037037
2370,2.627629,13.8409141595667,0.2504238125
2371,2.663709,14.349412491376238,0.2505284120370371
2372,2.663742,14.349886029801796,0.25063340625
2373,2.627767,13.842824337519962,0.25073848842592594
2374,2.668798,14.42262277711747,0.2508436238425926
2375,2.68339,14.634620663611019,0.2509486053240741
2376,2.666682,14.392136772888549,0.25105347337962963
2377,2.662827,14.336761889294465,0.2511586226851852
2378,2.64136,14.03227452992776,0.25126349305555556
2379,2.643385,14.060718675828687,0.2513682951388889
2380,2.651348,14.17313115493012,0.2514730405092593
2381,2.628165,13.848334878131137,0.2515777766203704
2382,2.654258,14.214435034588758,0.25168243518518524
2383,2.630583,13.881860668212,0.25178709143518524
2384,2.650501,14.161131595372751,0.25189195023148153
2385,2.637218,13.974273052807458,0.2519965810185186
2386,2.616986,13.694386440562171,0.2521011458333334
2387,2.654325,14.215387433641087,0.252205962962963
2388,2.636436,13.96334944296828,0.25231052430555556
2389,2.656376,14.244573112950574,0.25241534837962964
2390,2.613403,13.645407252560048,0.2525201388888889
2391,2.657318,14.25799782286863,0.2526247152777778
2392,2.631224,13.89076179340617,0.2527293194444445
2393,2.62654,13.825849608183933,0.2528340335648149
2394,2.66222,14.328062115476135,0.2529387245370371
2395,2.654941,14.224146809911119,0.25304331481481485
2396,2.670718,14.450340813649628,0.2531478344907408
2397,2.648739,14.136201651232373,0.2532532812500001
2398,2.651661,14.177568039317794,0.2533578622685186
2399,2.643463,14.061815454659223,0.25346232986111117
2400,2.641822,14.038758938543635,0.25356701157407413
2401,2.639049,13.999883385872055,0.25367199884259267
2402,2.658995,14.2819285455201,0.25377668518518526
2403,2.649387,14.145364878467355,0.25388263310185194
2404,2.635736,13.953578518580722,0.2539873912037038
2405,2.634127,13.93114526313808,0.2540922141203705
2406,2.638014,13.985401002493902,0.25419709722222233
2407,2.643202,14.058145799736357,0.25430211574074085
2408,2.605116,13.532795015924373,0.25440698958333346
2409,2.642583,14.049446500197297,0.25451158333333346
2410,2.681111,14.601306339210408,0.2546164953703705
2411,2.650081,14.155185168939658,0.25472116087962976
2412,2.662378,14.33032612814267,0.2548257418981483
2413,2.658332,14.272462765147356,0.25493178819444456
2414,2.663866,14.351665525995976,0.2550363333333335
2415,2.669551,14.4334871019736,0.2551410694444446
2416,2.633648,13.92447384248984,0.2552456608796298
2417,2.670003,14.440012512775438,0.25535026273148165
2418,2.661244,14.314084748915853,0.25545485995370387
2419,2.64132,14.03171325017223,0.2555593495370372
2420,2.65632,14.243775439191324,0.25566390509259274
2421,2.649879,14.152326110310172,0.25576849652777794
2422,2.668933,14.42456996262445,0.2558730752314817
2423,2.656872,14.25164017370078,0.2559776388888891
2424,2.656654,14.248533654765781,0.2560822847222224
2425,2.637885,13.983597002125101,0.25618697800925944
2426,2.640924,14.026157791778525,0.2562916817129631
2427,2.670423,14.446078591818234,0.25639637152777794
2428,2.644701,14.079234762518855,0.25650092361111126
2429,2.661934,14.323964875644332,0.25660555902777793
2430,2.640658,14.022427329979328,0.25671040509259274
2431,2.663347,14.344218944143124,0.25681520486111126
2432,2.636676,13.966701049011233,0.256920008101852
2433,2.661409,14.316446767760619,0.25702481134259275
2434,2.647583,14.119869643842573,0.257129414351852
2435,2.626416,13.824135309121258,0.2572340405092594
2436,2.644348,14.07426566974416,0.25733832638888904
2437,2.651907,14.1810561500755,0.2574428067129631
2438,2.673435,14.489655774829536,0.2575474016203705
2439,2.643538,14.062870130368166,0.2576518912037038
2440,2.660371,14.301594005932659,0.2577565335648149
2441,2.609129,13.587211235440417,0.2578610439814816
2442,2.631242,13.891011829368766,0.25796578935185194
2443,2.614792,13.66437389251591,0.2580704432870371
2444,2.608775,13.582402213910107,0.258175113425926
2445,2.656129,14.241055137879483,0.2582799780092593
2446,2.632991,13.91532846775989,0.2583848125
2447,2.616513,13.687910527449974,0.25848969791666665
2448,2.641871,14.039446854585432,0.25859427546296293
2449,2.63943,14.005218357689667,0.25869895023148143
2450,2.635437,13.94940702227344,0.2588035381944444
2451,2.656618,14.248020716787147,0.25890823379629624
2452,2.641394,14.032751635372522,0.25901291319444436
2453,2.639178,14.001689487319869,0.25911750810185175
2454,2.693844,14.788413462371942,0.2592219768518517
2455,2.652596,14.190830264558677,0.2593264571759258
2456,3.719622,41.24879911527718,0.2594311319444443
2457,2.735632,15.419485471939938,0.25953565740740725
2458,2.732031,15.36405975864529,0.2596402118055554
2459,2.769456,15.94995487383172,0.2597448171296295
2460,2.672479,14.475810283108334,0.2598495694444443
2461,2.699593,14.873676906299973,0.25995404513888876
2462,2.654947,14.224232155048012,0.26005851041666656
2463,2.681899,14.612816703093468,0.26016306828703695
2464,2.675691,14.5223813388139,0.2602675312499999
2465,2.644647,14.078474504368835,0.2603722060185184
2466,2.677062,14.542305178300573,0.2604770972222221
2467,2.668457,14.417705501193671,0.26058194328703693
2468,2.668001,14.41113252623731,0.26068665046296285
2469,2.625702,13.814268399416488,0.2607913032407406
2470,2.689144,14.719071001529644,0.26089592939814804
2471,2.681545,14.607644681482407,0.2610004895833332
2472,2.658195,14.27050757168234,0.2611050335648147
2473,2.632443,13.90770495679234,0.2612093495370369
2474,2.671712,14.46471159351275,0.261313866898148
2475,2.653245,14.200043102642963,0.2614182685185184
2476,2.63727,13.974999733899752,0.2615226122685184
2477,2.658299,14.271991781647374,0.26162705208333326
2478,2.657787,14.264686392194458,0.26173143865740733
2479,2.654696,14.220662320810034,0.26183589120370365
2480,2.618501,13.715149159808197,0.26194020138888885
2481,2.643477,14.06201232145365,0.26204471990740735
2482,2.684834,14.655768320783102,0.2621491192129629
2483,2.643487,14.062152942279969,0.2622536087962962
2484,2.662939,14.338367696549595,0.26235807870370365
2485,2.643716,14.06537354404858,0.26246298958333325
2486,2.658425,14.27379016590769,0.2625672442129629
2487,2.646081,14.098677518907476,0.26267159837962956
2488,2.642041,14.041833763432212,0.26277628472222214
2489,2.649961,14.153486648632637,0.262881099537037
2490,2.656815,14.250827853362228,0.2629873171296296
2491,2.621613,13.757897185421784,0.2630919027777777
2492,2.652128,14.18419050981866,0.26319667824074067
2493,2.629863,13.87186932584576,0.263301230324074
2494,2.649272,14.14373825503897,0.2634056828703703
2495,2.647824,14.123272942507755,0.2635100509259259
2496,2.662451,14.331372280134106,0.26361437384259256
2497,2.631629,13.896388691302414,0.26371849999999997
2498,2.629159,13.862106966594022,0.26382431134259254
2499,2.660387,14.301822833267368,0.26392838888888887
2500,2.649673,14.149411031394886,0.26403269444444444
2501,2.647296,14.115817822718933,0.2641393425925926
2502,2.642993,14.055207954279757,0.26424439814814815
2503,2.635518,13.950536970004508,0.2643490925925926
2504,2.604411,13.523257757716681,0.2644536550925926
2505,2.657768,14.264415365727766,0.26455792939814815
2506,2.613215,13.642842157123091,0.2646621574074074
2507,2.654711,14.220875632344677,0.26476643634259256
2508,2.661663,14.320083607098674,0.2648707511574074
2509,2.649441,14.146128748795105,0.26497515509259256
2510,2.654699,14.220704982860989,0.2650792719907407
2511,2.609395,13.590825914360032,0.2651835960648148
2512,2.63741,13.976956370823887,0.2652877048611111
2513,2.635504,13.950341663854077,0.2653920046296296
2514,2.618024,13.708608593707998,0.265496417824074
2515,2.630951,13.886970133021762,0.26560062962962955
2516,2.607584,13.56623520223984,0.26570489583333323
2517,2.638054,13.985960429722468,0.26580907175925916
2518,2.668846,14.4233150796259,0.26591332060185174
2519,2.640709,14.023142492009635,0.2660176412037036
2520,2.648598,14.134208587313854,0.26612213310185173
2521,2.646761,14.108267879973548,0.26622698495370356
2522,2.659988,14.296117544237744,0.26633180902777764
2523,2.629734,13.870079970118654,0.26643640046296285
2524,2.635246,13.946742939960146,0.26654094212962953
2525,2.64269,14.050949871401741,0.26664573611111103
2526,2.640205,14.01607660894576,0.26675028124999994
2527,2.631043,13.88824779304546,0.26685470486111107
2528,2.639559,14.007025147393243,0.2669589907407407
2529,2.607867,13.57007499010643,0.267063261574074
2530,2.632171,13.903922575471276,0.26716739120370364
2531,2.631396,13.893151209918566,0.26727135995370366
2532,2.635405,13.948960648390749,0.26737552662037034
2533,2.666786,14.393633632948301,0.26747973148148146
2534,2.630894,13.886178598283134,0.2675838842592592
2535,2.631829,13.899168246986978,0.2676880844907407
2536,2.655283,14.2290123000715,0.2677924016203703
2537,2.630802,13.8849011286166,0.26789668287037033
2538,2.624841,13.802379433258983,0.26800078356481477
2539,2.61729,13.698550166894442,0.26810495254629624
2540,2.653828,14.208324141460064,0.2682089293981481
2541,2.639233,14.002459601419616,0.2683129282407407
2542,2.641711,14.037200722784032,0.2684169884259259
2543,2.638467,13.99173782432981,0.2685211539351851
2544,2.629988,13.873603417889987,0.26862530555555547
2545,2.62097,13.749053701016486,0.26872956597222214
2546,2.609211,13.588325432443183,0.26883403819444435
2547,2.627518,13.839377903358777,0.268938611111111
2548,2.633064,13.916344323816332,0.269043273148148
2549,2.641956,14.04064025828701,0.2691478634259258
2550,2.638145,13.987233210032203,0.2692519907407406
2551,2.655307,14.229353800464693,0.2693562013888887
2552,2.626924,13.831159753916205,0.2694602245370369
2553,2.637116,13.97284774964777,0.2695643807870369
2554,2.63878,13.996117923718623,0.26966850115740726
2555,2.62872,13.8560228371998,0.26977254861111094
2556,2.653922,14.209659786703709,0.269876585648148
2557,2.635266,13.947021877608314,0.2699806817129628
2558,2.624482,13.797425268368247,0.2700847210648146
2559,2.607465,13.56462091630269,0.2701889236111109
2560,2.623284,13.780905850004071,0.27029310532407386
2561,2.626318,13.822780610242294,0.2703970729166664
2562,2.611063,13.613514328862527,0.2705009768518516
2563,2.602302,13.49476726089475,0.2706052418981479
2564,2.646619,14.10626464816741,0.2707093506944442
2565,2.622782,13.773989571398543,0.27081351736111087
2566,2.64598,14.097253624385951,0.2709176747685183
2567,2.628173,13.848445665253308,0.2710218773148146
2568,2.630955,13.887025681013393,0.2711260509259257
2569,2.636324,13.961785635405532,0.27123026388888866
2570,2.617499,13.701413463083352,0.27133440162037015
2571,2.626489,13.825144507834128,0.27143851041666645
2572,2.633479,13.922120805247706,0.2715434456018516
2573,2.62738,13.837468200980613,0.27164743865740715
2574,2.615404,13.672739048814861,0.2717517442129627
2575,2.610541,13.606409928792596,0.2718559270833331
2576,2.607072,13.559291067666441,0.27195999421296274
2577,2.617767,13.705085933980579,0.2720641516203702
2578,2.615177,13.669635689295415,0.27217028703703683
2579,2.624164,13.79303838468438,0.27227491550925903
2580,2.603383,13.50936299187504,0.27237908101851827
2581,2.621753,13.759823425861427,0.27248345717592565
2582,2.622706,13.772942787969392,0.2725876076388886
2583,2.63412,13.931047745462548,0.2726918541666664
2584,2.636681,13.96677088269106,0.27279608217592566
2585,2.645025,14.083797173652602,0.2728999351851849
2586,2.61604,13.68143767672037,0.27300545833333306
2587,2.596789,13.420575307016922,0.2731094722222219
2588,2.644194,14.072098399715097,0.27321347453703676
2589,2.600672,13.472788707646624,0.27331909953703676
2590,2.640111,14.014759159665608,0.2734232175925923
2591,2.623006,13.777075290650192,0.2735273622685182
2592,2.616739,13.691004344817374,0.2736315069444441
2593,2.650206,14.156954677677763,0.27373577662037
2594,2.620837,13.747225198472366,0.27384021874999964
2595,2.647821,14.123230572752483,0.2739443194444441
2596,2.618768,13.718811593547013,0.2740484444444441
2597,2.602525,13.497776929559516,0.2741526631944441
2598,2.628766,13.856660228910211,0.27425674652777743
2599,2.609623,13.5939249759481,0.27436079050925893
2600,2.625653,13.813591516848671,0.27446529629629596
2601,2.607093,13.559575815768703,0.27456998148148115
2602,2.629388,13.865281752588494,0.2746741608796293
2603,2.604701,13.527180071174383,0.2747782488425923
2604,2.624066,13.79168673315469,0.2748822060185182
2605,2.614528,13.660766973942486,0.27498616782407376
2606,2.594001,13.383210853312073,0.27508996643518485
2607,2.645361,14.088530124594179,0.2751939884259256
2608,2.616017,13.681123007272516,0.2752978877314811
2609,2.629172,13.862287175155942,0.2754016053240737
2610,2.599977,13.463428372588016,0.27550564467592553
2611,2.605184,13.533715277273984,0.2756095659722218
2612,2.628135,13.847919434316479,0.2757135787037033
2613,2.630317,13.878168584343173,0.2758176400462959
2614,2.599639,13.458878502769394,0.2759216898148144
2615,2.63765,13.980311242921431,0.27602587037036996
2616,2.601564,13.48481179667436,0.27612971527777735
2617,2.620972,13.749081199151389,0.27623362384259215
2618,2.647815,14.123145833623266,0.2763375266203699
2619,2.607264,13.561894701492278,0.2764414918981477
2620,2.589419,13.322029255264184,0.2765458958333329
2621,2.599539,13.457532682211271,0.27665042129629586
2622,2.593495,13.376440661623244,0.27675485763888846
2623,2.612801,13.637195189473006,0.27685884606481437
2624,2.657927,14.266683588089817,0.2769631782407403
2625,2.618192,13.710911833418457,0.27706726041666624
2626,2.655297,14.229211507638153,0.27717146643518475
2627,2.635353,13.948235321295698,0.27727523148148103
2628,2.64,14.013203607733615,0.2773790092592588
2629,2.655691,14.234818921560166,0.2774826793981477
2630,2.622827,13.77460941487563,0.2775866342592588
2631,2.641305,14.031502776052038,0.2776907349537032
2632,2.603148,13.506188664570017,0.2777946099537032
2633,2.618286,13.712200719707504,0.27789846180555505
2634,2.565246,13.003856925035757,0.2780024386574069
2635,2.612851,13.637877066279257,0.2781062499999995
2636,2.630342,13.878515542894752,0.27821015046296244
2637,2.615761,13.677621088047443,0.278313899305555
2638,2.614089,13.654771213406654,0.27841773611111054
2639,2.593534,13.376962352981964,0.2785217013888883
2640,2.580311,13.20124310791238,0.2786254837962957
2641,2.592398,13.361774751939667,0.27872920833333276
2642,2.622642,13.772061347837345,0.2788330914351846
2643,2.627463,13.838616758505772,0.2789369224537031
2644,2.610882,13.61105050575172,0.2790407511574068
2645,2.597693,13.432712992501715,0.27914486689814755
2646,2.620202,13.738498481497212,0.27924869328703644
2647,2.62276,13.773686546961253,0.27935258912036975
2648,2.626679,13.827771534850285,0.2794564120370364
2649,2.594308,13.387320129785701,0.2795602812499994
2650,2.601515,13.484151057084572,0.2796638194444438
2651,2.620215,13.73867708313838,0.279767473379629
2652,2.604576,13.525489279342175,0.2798712997685179
2653,2.596462,13.416187496337672,0.27997524768518456
2654,2.594504,13.389944301691589,0.2800794282407401
2655,2.593661,13.378661335083873,0.2801833495370364
2656,2.58444,13.255863727373235,0.2802876134259253
2657,2.652712,14.192476496348966,0.2803916180555549
2658,2.625112,13.806120384961458,0.2804956631944438
2659,2.63949,14.006058696001025,0.2805994131944438
2660,2.613318,13.64424744223622,0.2807039398148142
2661,2.572327,13.096264017119827,0.2808077569444438
2662,2.629703,13.869650004304086,0.2809115451388883
2663,2.628533,13.853432003179774,0.28101542476851793
2664,2.603363,13.509092807317057,0.2811193275462957
2665,2.632926,13.914424000804978,0.281223055555555
2666,2.624619,13.799315645117867,0.2813284259259254
2667,2.622889,13.775463467134696,0.28143226041666614
2668,2.608942,13.58467066449018,0.2815360324074069
2669,2.610203,13.60181173937445,0.2816396840277772
2670,2.610545,13.606464354541163,0.28174340393518466
2671,2.6039,13.516349138305081,0.28184706944444393
2672,2.602563,13.498289854828357,0.2819506898148143
2673,2.604675,13.52682836906468,0.28205580324074025
2674,2.608773,13.58237504913284,0.28215953124999954
2675,2.610955,13.612044148706167,0.2822633321759255
2676,2.602953,13.503555214550145,0.2823686493055551
2677,2.611993,13.626180786178084,0.28247229398148105
2678,2.605508,13.538100911458192,0.28257608564814773
2679,2.629493,13.866737683607557,0.282679938657407
2680,2.622456,13.769499982640998,0.28278378009259214
2681,2.599623,13.458663162436078,0.28288739120370326
2682,2.619853,13.733704582111272,0.2829909166666662
2683,2.624306,13.794997135203,0.28309445370370323
2684,2.601133,13.479001095086133,0.2831981249999995
2685,2.623661,13.786102230965785,0.2833019004629625
2686,2.634889,13.941764841374047,0.2834056655092588
2687,2.610585,13.60700862400066,0.28350986226851804
2688,2.642631,14.05012088981453,0.283613606481481
2689,2.602952,13.503541711001686,0.2837174259259254
2690,2.592854,13.367869110634727,0.28382154398148096
2691,2.568572,13.04717975910406,0.2839254363425921
2692,2.609767,13.595882642093219,0.28402914930555506
2693,2.614494,13.660302515761208,0.2841326840277773
2694,2.582038,13.224061352642726,0.28423631249999953
2695,2.616543,13.688321170925422,0.2843400312499995
2696,2.630419,13.879584229735466,0.28444360763888843
2697,2.596069,13.410915970574274,0.2845472615740736
2698,2.640728,14.023408934248176,0.2846511921296292
2699,2.606228,13.547851854032533,0.2847549374999996
2700,2.607382,13.56349509948868,0.2848586018518514
2701,2.618008,13.708389257725191,0.2849625393518514
2702,2.599219,13.453226960705148,0.28506631018518475
2703,2.622744,13.773466169739525,0.28517002083333287
2704,2.61397,13.653146392311035,0.2852737175925921
2705,2.606641,13.5534482724291,0.2853776527777773
2706,2.613875,13.651849405011637,0.28548131481481437
2707,2.589886,13.328252095846572,0.2855847986111107
2708,2.591288,13.346951410441529,0.28568849999999957
2709,2.618601,13.716520743302206,0.2857920983796292
2710,2.616905,13.693277240183711,0.28589580787036994
2711,2.60266,13.499599252449036,0.28599952893518477
2712,2.594458,13.389328378420053,0.28610327546296255
2713,2.60453,13.524867121145077,0.28620696527777734
2714,2.6305,13.880708521591282,0.2863106956018514
2715,2.616098,13.682231223118244,0.2864144768518514
2716,2.560842,12.94671386052443,0.2865182268518514
2717,2.587156,13.291915589523734,0.28662202662036995
2718,2.619734,13.732070368503637,0.2867258171296292
2719,2.61879,13.719113410722048,0.28682968055555513
2720,2.614514,13.660575724543596,0.2869336805555551
2721,2.613494,13.646649041120558,0.287037756944444
2722,2.605572,13.53896737764315,0.2871416527777773
2723,2.612393,13.631632348732378,0.28724524074074026
2724,2.59377,13.380119688648223,0.2873487650462958
2725,2.585526,13.270267415168002,0.2874525289351847
2726,2.602405,13.496157293508077,0.2875562349537032
2727,2.571243,13.082075358567577,0.2876603009259254
2728,2.587133,13.291609878980864,0.28776436689814766
2729,2.619861,13.733814452187412,0.28786845370370323
2730,2.596915,13.422266406042612,0.28797224999999954
2731,2.605481,13.53773538766818,0.2880759907407403
2732,2.62083,13.747128968232788,0.2881795925925922
2733,2.564172,12.98989827983249,0.28828311458333294
2734,2.586716,13.286068433133087,0.28838655208333297
2735,2.586001,13.276572289479308,0.2884898634259256
2736,2.596639,13.418562371694797,0.2885933032407404
2737,2.590163,13.331944533056067,0.28869664004629597
2738,2.592572,13.36409990302878,0.2887999398148145
2739,2.609642,13.594183262976363,0.2889033634259256
2740,2.577547,13.164805252276441,0.2890066932870367
2741,2.568985,13.052569357219973,0.28911008449074044
2742,2.633486,13.922218260434436,0.2892131851851849
2743,2.622809,13.774361474137638,0.2893166504629627
2744,2.623656,13.78603330062696,0.2894197037037034
2745,2.626572,13.826292042450307,0.2895230497685182
2746,2.635494,13.950202161134953,0.289626364583333
2747,2.607969,13.571459208349353,0.2897295509259256
2748,2.617409,13.700180391360732,0.2898334224537034
2749,2.625524,13.811809678474047,0.2899366261574071
2750,2.624724,13.800764649331994,0.290039827546296
2751,2.609472,13.591872448246471,0.29014308564814784
2752,2.581757,13.220345913446291,0.2902461759259256
2753,2.605767,13.541607733708142,0.29034954513888855
2754,2.587823,13.300784254592955,0.29045413657407376
2755,2.642516,14.04850521881506,0.29055738773148115
2756,2.621538,13.756865381825998,0.29066059027777746
2757,2.592802,13.367173999514018,0.2907638206018515
2758,2.647523,14.1190224770792,0.2908669872685182
2759,2.606266,13.548366682184659,0.2909716782407404
2760,2.606513,13.551713542075337,0.2910748055555552
2761,2.595652,13.40532478445787,0.29117792245370333
2762,2.613516,13.646949270701976,0.29128106828703665
2763,2.608764,13.582252808307484,0.29138450810185146
2764,2.616326,13.685351127492696,0.2914891898148144
2765,2.604266,13.521297027498191,0.2915922777777774
2766,2.586084,13.277674290711754,0.2916957013888885
2767,2.576919,13.156540350028948,0.2917988599537033
2768,2.630219,13.876808590462698,0.2919019965277774
2769,2.60097,13.476804196959693,0.29200519675925884
2770,2.62324,13.780299503486393,0.2921084398148144
2771,2.578534,13.17780532954321,0.2922115682870366
2772,2.602822,13.50178636467924,0.29231515393518476
2773,2.60657,13.552486011762412,0.29241867476851807
2774,2.611999,13.626262543508071,0.29252215046296254
2775,2.598518,13.443799553298039,0.29262534259259215
2776,2.580972,13.209972014192415,0.29272832638888846
2777,2.60003,13.464141953201482,0.2928314571759255
2778,2.612597,13.634413485397815,0.2929345347222218
2779,2.591757,13.353212598786923,0.2930382002314811
2780,2.615083,13.668350803931176,0.29314173958333295
2781,2.600149,13.465744281430553,0.2932454039351848
2782,2.598772,13.447214712091382,0.29334890393518476
2783,2.61367,13.649051062723492,0.2934523333333329
2784,2.613429,13.645762037760804,0.2935555798611107
2785,2.56425,12.990911531414612,0.2936586215277774
2786,2.610201,13.601784535778178,0.2937616701388885
2787,2.62041,13.741356386393171,0.2938648333333329
2788,2.614883,13.665617407119182,0.29396807523148105
2789,2.596816,13.420937667442058,0.2940712812499996
2790,2.586544,13.283783425878845,0.2941746342592588
2791,2.614893,13.665754063976538,0.29427789467592547
2792,2.616555,13.688485431765034,0.29438122222222174
2793,2.615692,13.676677364751198,0.2944843113425921
2794,2.587765,13.300012831477673,0.2945874293981477
2795,2.580702,13.20640580320873,0.29469079861111064
2796,2.614702,13.663144154204636,0.2947937037037032
2797,2.612226,13.629356056205857,0.2948968865740736
2798,2.603148,13.506188664570017,0.29500004745370323
2799,2.621365,13.75448564996768,0.29510301388888843
2800,2.604291,13.521635064149317,0.2952060648148144
2801,2.605459,13.53743756076576,0.29530935763888844
2802,2.618899,13.720608875585167,0.2954125092592588
2803,2.603912,13.51651133546792,0.2955156504629625
2804,2.601189,13.47975594028293,0.2956187268518514
2805,2.638053,13.985946443769036,0.29572186574074033
2806,2.573041,13.105618088634191,0.295824876157407
2807,2.616931,13.693633270020324,0.2959279178240737
2808,2.59899,13.450146524454558,0.29603116550925884
2809,2.565591,13.008344029655934,0.29613407060185143
2810,2.593893,13.381765544587992,0.296237032407407
2811,2.60292,13.503109604580674,0.29634017708333293
2812,2.622087,13.764419974466552,0.29644318287036997
2813,2.601586,13.485108465797236,0.29654613425925885
2814,2.602124,13.49236540609373,0.2966491087962959
2815,2.590658,13.338545479199317,0.2967520428240737
2816,2.629207,13.862772363697822,0.2968548437499996
2817,2.590624,13.338091976362618,0.29695791782407366
2818,2.601837,13.488493652845353,0.2970607962962959
2819,2.61924,13.725288401025486,0.2971639062499996
2820,2.631878,13.8998493229173,0.29726688194444406
2821,2.581782,13.22067642622552,0.2973700277777774
2822,2.593675,13.37884863765368,0.29747297337962925
2823,2.596486,13.41650948870148,0.29757586689814775
2824,2.562589,12.969351537892413,0.29767897800925885
2825,2.607801,13.569179394712052,0.29778199074074035
2826,2.596985,13.423205997576353,0.2978849027777774
2827,2.590744,13.339692643437884,0.2979879664351848
2828,2.606611,13.553041675079914,0.29809110532407374
2829,2.600034,13.464195809877008,0.29819396412037
2830,2.607962,13.571364208467394,0.2982970381944441
2831,2.608124,13.573562947562223,0.2984001365740737
2832,2.593973,13.38283612865435,0.2985031284722219
2833,2.601444,13.483193716345516,0.29860624884259224
2834,2.602023,13.49100274600321,0.29870942476851814
2835,2.554575,12.865830517442284,0.29881241435185146
2836,2.615848,13.678811092846564,0.2989160312499996
2837,2.605638,13.539860978978592,0.29901927314814775
2838,2.635621,13.951973949315585,0.2991223634259255
2839,2.590463,13.33594471641349,0.29922531134259217
2840,2.571799,13.089351014911973,0.2993284270833329
2841,2.610267,13.602682283182876,0.29943271643518476
2842,2.592048,13.357098949089718,0.2995357164351848
2843,2.584061,13.250840706943062,0.29963872800925884
2844,2.614422,13.659319009386722,0.299741751157407
2845,2.603969,13.517281798572037,0.2998454305555551
2846,2.623996,13.790721348872212,0.2999483171296292
2847,2.614561,13.661217786690997,0.300051344907407
2848,2.598833,13.448035017207873,0.30015453935185143
2849,2.601638,13.485809709669635,0.3002576273148144
2850,2.592103,13.357833609734895,0.3003608842592589
2851,2.590351,13.334451174245173,0.30046412384259225
2852,2.599374,13.455312372499295,0.3005687094907404
2853,2.591577,13.350809236828209,0.3006718217592589
2854,2.621673,13.758722684017618,0.30077500231481447
2855,2.610512,13.6060153486261,0.3008781793981478
2856,2.592361,13.361280375419863,0.30098123148148115
2857,2.595229,13.399655531205639,0.3010842870370367
2858,2.614985,13.66701137118567,0.3011873761574071
2859,2.606045,13.54537282398141,0.301290520833333
2860,2.617528,13.701810809835282,0.3013936168981478
2861,2.589806,13.327185878328173,0.3014968506944441
2862,2.603949,13.517011455639501,0.30160005208333296
2863,2.610492,13.60574323104031,0.3017034722222218
2864,2.592743,13.366385359513158,0.3018065624999996
2865,2.596551,13.417381590161233,0.30190972916666625
2866,2.596988,13.42324626725475,0.30201274421296254
2867,2.58292,13.235730119925682,0.3021157407407403
2868,2.584944,13.262546366575455,0.30221878703703664
2869,2.588797,13.31374552957317,0.30232201967592554
2870,2.581365,13.215164553461126,0.3024250416666663
2871,2.589998,13.329744943679227,0.3025281817129626
2872,2.617671,13.70377030888193,0.30263122569444406
2873,2.610746,13.609199528752223,0.30273446412037
2874,2.550375,12.811907347193586,0.30283752662036995
2875,2.586221,13.279493456699607,0.3029407835648144
2876,2.597579,13.431181750503022,0.3030439351851848
2877,2.593889,13.381712017632866,0.30314686574074035
2878,2.591974,13.356110560338317,0.30324969328703666
2879,2.60052,13.470740999392833,0.30335276851851817
2880,2.578796,13.18125836686769,0.3034561180555552
2881,2.572882,13.103534461010884,0.303559302083333
2882,2.591879,13.354841790102627,0.3036625381944441
2883,2.600688,13.473004273990473,0.30376558912037005
2884,2.618274,13.712036174286142,0.30386870138888855
2885,2.597528,13.430496777700702,0.3039715960648145
2886,2.58668,13.28559014327876,0.3040744768518515
2887,2.603208,13.506999060201517,0.30417741898148115
2888,2.612214,13.629192504914489,0.30428032870370336
2889,2.609884,13.59747345342299,0.30438323958333297
2890,2.612719,13.636076985314462,0.3044864768518515
2891,2.5998,13.461045556651502,0.3045897152777774
2892,2.585179,13.265663431212351,0.30469289236111075
2893,2.598011,13.436985274490164,0.30479578009259223
2894,2.564022,12.987949941219563,0.3048988240740737
2895,2.612377,13.631414244359638,0.30500177199074036
2896,2.593243,13.373070223269588,0.30510468749999964
2897,2.562604,12.96954607962454,0.30520769444444407
2898,2.613003,13.639950181146068,0.30531059374999964
2899,2.582738,13.233321436240717,0.30541372106481446
2900,2.599552,13.457707631273307,0.30551709143518485
2901,2.605568,13.538913221881948,0.3056202997685182
2902,2.551024,12.820224973839814,0.30572348726851817
2903,2.597986,13.436649354057325,0.3058263310185182
2904,2.602173,13.49302654819648,0.3059290949074071
2905,2.591239,13.346297425845169,0.30603207175925895
2906,2.602242,13.493957599149192,0.3061348877314812
2907,2.584453,13.256036054721816,0.30623767939814783
2908,2.580775,13.20736990602169,0.306340452546296
2909,2.566632,13.021892766684884,0.30644339467592563
2910,2.577511,13.164331327818047,0.3065463460648145
2911,2.596563,13.417542599706374,0.30664915162037004
2912,2.605448,13.5372886497716,0.306751739583333
2913,2.592979,13.369540198714388,0.3068543946759256
2914,2.605915,13.543612039967734,0.30695725578703675
2915,2.589447,13.322402277305613,0.30706008333333307
2916,2.59415,13.385205100296927,0.30716293055555527
2917,2.574842,13.129242574275441,0.307265796296296
2918,2.584569,13.257573844094226,0.307368634259259
2919,2.602807,13.50158383940271,0.3074714675925923
2920,2.589925,13.32877190781458,0.30757424305555525
2921,2.587517,13.296714837263652,0.3076771331018516
2922,2.574553,13.125448771402395,0.30777988888888863
2923,2.566813,13.024249942593638,0.3078824479166664
2924,2.599608,13.458461284002736,0.3079854965277775
2925,2.606514,13.551727093795657,0.3080882615740738
2926,2.615353,13.672041756904466,0.30819115972222194
2927,2.603872,13.515970685827568,0.3082945312499997
2928,2.594024,13.383518670701587,0.3083976076388886
2929,2.568251,13.042992286526692,0.3085018796296294
2930,2.586149,13.278537367590342,0.3086055682870368
2931,2.606528,13.551916819303042,0.30870837037037013
2932,2.576244,13.147662681842762,0.30881118518518497
2933,2.574605,13.126131312484425,0.3089138564814813
2934,2.577433,13.163304550019335,0.3090165231481479
2935,2.592565,13.364006354656878,0.30911905555555536
2936,2.593179,13.37221437416276,0.3092215324074072
2937,2.590277,13.333464461367102,0.3093241932870368
2938,2.586085,13.277687568392686,0.3094269884259257
2939,2.565544,13.007732651854031,0.30953137731481456
2940,2.585602,13.271275993817058,0.30963387152777755
2941,2.55825,12.913199431661546,0.309736403935185
2942,2.5838,13.247382688809546,0.30983911921296275
2943,2.608027,13.572246375811067,0.3099417731481479
2944,2.611417,13.618334366031183,0.31004456018518495
2945,2.609112,13.58698025481276,0.3101471631944442
2946,2.598771,13.447201264883399,0.31024975347222195
2947,2.600522,13.47076794090177,0.3103522442129627
2948,2.567919,13.03866273183341,0.3104549687499997
2949,2.561403,12.953979004682576,0.31055742708333306
2950,2.575896,13.143088091254413,0.31066009953703677
2951,2.597082,13.424508111709631,0.31076273842592567
2952,2.599817,13.461274396371094,0.31086529166666643
2953,2.629855,13.871758351335055,0.3109678865740738
2954,2.593933,13.382300825915328,0.3110705833333331
2955,2.591452,13.349140489972454,0.31117337499999975
2956,2.58093,13.20941720701885,0.31127611226851826
2957,2.580298,13.201071492867475,0.3113792164351849
2958,2.574655,13.126787635457985,0.3114819363425923
2959,2.576378,13.149424586687118,0.3115845416666664
2960,2.632989,13.915300637130782,0.3116871504629627
2961,2.578232,13.173826233207476,0.31178956481481457
2962,2.578869,13.18222063385079,0.3118922407407405
2963,2.601747,13.487279743043354,0.3119947835648146
2964,2.544103,12.731802535597796,0.31209736689814793
2965,2.566472,13.019809430513556,0.31220003356481457
2966,2.554438,12.864068019395273,0.31230266666666645
2967,2.583469,13.242998530757735,0.31240554050925906
2968,2.597946,13.436111898832337,0.3125085127314813
2969,2.550589,12.81464938875387,0.31261124652777755
2970,2.573013,13.105251136465066,0.3127141944444442
2971,2.581493,13.216856202787216,0.31281692129629607
2972,2.590622,13.338065300205344,0.31291949305555533
2973,2.611113,13.614195021596144,0.3130221331018516
2974,2.601868,13.488911802629877,0.3131248541666664
2975,2.567644,13.035077592561402,0.3132276550925923
2976,2.565845,13.011648568698158,0.3133307037037034
2977,2.60676,13.555061228742511,0.31343384837962934
2978,2.589932,13.328865209544492,0.31353678819444414
2979,2.60546,13.537451098210084,0.31363991087962934
2980,2.600262,13.467265996509635,0.31374295949074044
2981,2.625169,13.80690735625187,0.3138455023148145
2982,2.580623,13.20536253835978,0.31394812268518485
2983,2.592532,13.363565349723794,0.31405069212962927
2984,2.585454,13.269311990309813,0.31415333217592556
2985,2.610006,13.599132446380818,0.3142558946759256
2986,2.571917,13.09089564946338,0.31435854745370334
2987,2.591617,13.351343279878469,0.31446176620370336
2988,2.574852,13.129373867357648,0.31456507638888853
2989,2.578913,13.182800664319254,0.3146678518518515
2990,2.595484,13.403072879059431,0.3147706504629626
2991,2.575014,13.131500998217108,0.3148733981481478
2992,2.575161,13.133431470750102,0.3149761678240737
2993,2.586146,13.278497532037992,0.31507868865740707
2994,2.584633,13.258422355972339,0.31518126620370335
2995,2.609333,13.589983309274366,0.3152839189814811
2996,2.589745,13.326372944784326,0.3153868113425922
2997,2.55844,12.915653172651574,0.31548970833333295
2998,2.599965,13.46326681241691,0.31559261921296256
2999,2.593862,13.381350716285983,0.31569534953703665
3000,2.584874,13.261618020822276,0.3157980960648144
3001,2.580212,13.199936249535252,0.3159007361111107
3002,2.573653,13.113641181720507,0.31600386805555514
3003,2.591575,13.350782535236439,0.31610641319444405
3004,2.609598,13.59358513207177,0.31620892592592553
3005,2.600544,13.471064301056424,0.31631146412037
3006,2.59938,13.455393104615725,0.3164139224537033
3007,2.583422,13.242376124453452,0.31651682407407367
3008,2.565183,13.003037707855094,0.3166193101851848
3009,2.569911,13.064661634304976,0.31672171412037
3010,2.608238,13.575110421942608,0.31682420833333297
3011,2.593644,13.37843389977438,0.3169265046296293
3012,2.592203,13.359169459887266,0.3170302372685182
3013,2.602236,13.493876635646489,0.3171341423611108
3014,2.592341,13.36101315248459,0.3172366446759256
3015,2.565026,13.00099639118251,0.3173391909722219
3016,2.626364,13.823416472775094,0.31744202199074045
3017,2.590018,13.330011541244069,0.3175449849537034
3018,2.616082,13.68201230916999,0.3176476678240738
3019,2.562962,12.97419000833469,0.3177502604166664
3020,2.5651,13.001958500513066,0.31785281481481453
3021,2.598343,13.441447094222385,0.3179553854166664
3022,2.604857,13.529290475872774,0.3180578703703701
3023,2.565833,13.011492429852169,0.31816179629629604
3024,2.599768,13.46061481008567,0.3182643981481479
3025,2.577214,13.160422101962464,0.3183670358796294
3026,2.560262,12.939206943701645,0.31846979745370346
3027,2.570177,13.06813729654229,0.3185729479166664
3028,2.564567,12.9950303031609,0.31867589467592566
3029,2.583242,13.23999271126467,0.3187784340277775
3030,2.595244,13.39985652754608,0.3188809976851849
3031,2.59937,13.455258551357446,0.3189834340277775
3032,2.60442,13.5233794675842,0.31908584722222194
3033,2.582633,13.231932010436044,0.31918825578703675
3034,2.596384,13.415141074523941,0.31929061689814786
3035,2.594549,13.390546862742688,0.3193931516203701
3036,2.579745,13.19377331846313,0.3194955127314812
3037,2.60302,13.504459983058927,0.319598353009259
3038,2.628849,13.857810379439798,0.3197011249999997
3039,2.565536,13.00762859040906,0.31980376157407375
3040,2.567112,13.028144775574988,0.3199063449074071
3041,2.600947,13.476494234027754,0.3200088576388886
3042,2.549277,12.797847593143885,0.32011124074074043
3043,2.584038,13.250535941111622,0.32021360185185155
3044,2.581455,13.21635397179396,0.3203159502314812
3045,2.598606,13.444982659714652,0.3204181840277775
3046,2.576773,13.154619635353425,0.320520390046296
3047,2.56122,12.951608643419393,0.3206230694444442
3048,2.560575,12.943257549361743,0.3207257372685183
3049,2.563251,12.977940091107959,0.32082841203703677
3050,2.582373,13.228492155313875,0.32093109143518495
3051,2.550648,12.81540547537214,0.3210334907407405
3052,2.572477,13.098228604062735,0.32113590162037015
3053,2.601907,13.489437880448632,0.32123831018518495
3054,2.576264,13.14792563772595,0.3213407604166664
3055,2.599235,13.453442214058542,0.32144301736111086
3056,2.595872,13.408274280343102,0.3215453252314812
3057,2.608884,13.583882776440618,0.32164761574074047
3058,2.603927,13.516714084658572,0.3217502291666664
3059,2.585981,13.276306760688813,0.3218528576388886
3060,2.604947,13.530508166810874,0.32195551157407376
3061,2.578101,13.172100575004011,0.32205826041666635
3062,2.584756,13.260053242219572,0.32216061689814784
3063,2.594997,13.396547171706048,0.32226295023148116
3064,2.598886,13.448747781951882,0.3223652696759256
3065,2.561666,12.957386349206978,0.32246762037037
3066,2.57548,13.137621703695896,0.3225699930555552
3067,2.567936,13.03888439098395,0.322672145833333
3068,2.54736,12.773337619623398,0.3227745185185182
3069,2.602478,13.497142548951889,0.3228772129629626
3070,2.604105,13.519120273910131,0.32297999768518487
3071,2.570637,13.074150022519648,0.3230824687499997
3072,2.577773,13.16778083449158,0.32318482754629596
3073,2.594177,13.385566505713589,0.3232870532407404
3074,2.577281,13.161303879782523,0.3233894456018515
3075,2.572375,13.096892652879788,0.3234915949074071
3076,2.579433,13.189657503288323,0.32359374537037006
3077,2.60354,13.511484128369625,0.32369594791666634
3078,2.575625,13.139526796958853,0.323798177083333
3079,2.583997,13.249992680274959,0.32390043402777746
3080,2.567199,13.02927827347691,0.3240026851851849
3081,2.585691,13.272457189942955,0.32410489930555525
3082,2.581488,13.21679011867141,0.32420710648148116
3083,2.567399,13.031884389734543,0.3243091608796293
3084,2.588182,13.305560093352119,0.3244113738425923
3085,2.59013,13.331504586145638,0.32451351388888855
3086,2.546165,12.75808259785883,0.32461560648148113
3087,2.59551,13.403421363484565,0.3247175092592589
3088,2.589833,13.327545717204694,0.3248197060185182
3089,2.584507,13.25675189999642,0.32492167013888856
3090,2.571029,13.079276093972835,0.32502451273148114
3091,2.576246,13.147688977194418,0.3251267106481478
3092,2.596599,13.418025639934632,0.32522894328703666
3093,2.599428,13.456038978985609,0.32533112962962923
3094,2.586485,13.28299970577669,0.3254334085648144
3095,2.576626,13.152686048389151,0.3255358749999996
3096,2.567943,13.038975663494142,0.3256379525462959
3097,2.584862,13.26145888236086,0.3257400624999996
3098,2.567327,13.030946127836318,0.3258435590277774
3099,2.580086,13.198273162344506,0.3259458240740737
3100,2.541936,12.704242591487473,0.32604806712962925
3101,2.573753,13.114952611409068,0.3261525150462959
3102,2.556503,12.890659766384658,0.3262548321759255
3103,2.579441,13.189763020970423,0.3263570219907403
3104,2.571221,13.081787556075527,0.32645901736111066
3105,2.587554,13.297206824814342,0.32656117129629586
3106,2.559932,12.93493770987255,0.32666323379629586
3107,2.549369,12.799025049284605,0.32676531249999957
3108,2.578939,13.183143421592353,0.32686735185185145
3109,2.589785,13.326906010363356,0.32696947800925885
3110,2.581771,13.220530999584676,0.3270716701388885
3111,2.557968,12.909558422828187,0.3271752349537033
3112,2.57644,13.150239876285205,0.3272776793981478
3113,2.587744,13.299733534140842,0.3273801550925922
3114,2.585179,13.265663431212351,0.3274825231481478
3115,2.569666,13.061461184275707,0.32758480671296264
3116,2.609357,13.59030947278774,0.3276869930555552
3117,2.579682,13.192942136926561,0.3277893101851848
3118,2.603572,13.511916502779687,0.32789157754629594
3119,2.569599,13.060586095692162,0.3279938506944441
3120,2.580418,13.202655716498136,0.3280962118055552
3121,2.586526,13.28354431992914,0.32819867476851816
3122,2.60155,13.48462301063071,0.32830112847222187
3123,2.566915,13.025578483842235,0.3284036608796293
3124,2.589574,13.324094329837893,0.32850611921296263
3125,2.560366,12.940552691201452,0.3286085648148145
3126,2.572999,13.105067664233461,0.3287108622685182
3127,2.574452,13.124123168020583,0.32881313425925895
3128,2.586007,13.276651949152022,0.32891553703703674
3129,2.5657,13.009762016434044,0.3290176412037034
3130,2.558537,12.916906051772973,0.3291197789351849
3131,2.575969,13.144047571705684,0.3292220104166664
3132,2.577806,13.16821537842905,0.3293243206018516
3133,2.592914,13.36867120684401,0.3294267569444442
3134,2.588442,13.309019988743298,0.3295292395833331
3135,2.580619,13.20530971701527,0.32963149999999974
3136,2.566372,13.01850751466738,0.32973374652777754
3137,2.578674,13.179650351437866,0.3298359328703701
3138,2.567115,13.028183860067942,0.32993803472222194
3139,2.576158,13.146532031470786,0.3300399548611108
3140,2.57779,13.168004688668518,0.3301419097222219
3141,2.567656,13.035234014431042,0.33024401157407374
3142,2.571524,13.085751938278595,0.33034612615740705
3143,2.570142,13.067679919741051,0.330448427083333
3144,2.57399,13.118061223533955,0.3305505972222219
3145,2.582848,13.234777181663231,0.3306527187499997
3146,2.56726,13.030073083693058,0.33075491782407374
3147,2.581965,13.223096031398638,0.33085694907407376
3148,2.596109,13.411452417941977,0.3309590497685182
3149,2.56826,13.043109673985514,0.3310611342592589
3150,2.573418,13.110559838114858,0.3311634456018515
3151,2.585921,13.275510206180046,0.33126561111111075
3152,2.569722,13.062192646582785,0.3313677604166663
3153,2.564191,12.990145090244498,0.3314697997685182
3154,2.580858,13.208466163217933,0.33157191087962934
3155,2.586853,13.28788874919723,0.33167412731481455
3156,2.549799,12.804529813495286,0.33177633449074045
3157,2.571041,13.07943304622768,0.3318786481481479
3158,2.547833,12.779380837425819,0.33198124768518494
3159,2.579234,13.187033022589661,0.33208342592592566
3160,2.553006,12.84565985738118,0.3321856527777775
3161,2.568433,13.045366327153987,0.33228774074074047
3162,2.57042,13.07131323976682,0.33238981712962934
3163,2.56375,12.98441769924224,0.33249192939814787
3164,2.563746,12.984365761675317,0.3325938055555553
3165,2.556016,12.884383543462752,0.33269590856481457
3166,2.593698,13.379156354711075,0.33279777083333306
3167,2.575439,13.137083072248059,0.33289987962962936
3168,2.564817,12.998279466865235,0.3330019004629627
3169,2.570487,13.072189047093103,0.3331040925925923
3170,2.568014,13.039901463631763,0.3332063379629627
3171,2.576695,13.153593615037177,0.3333086423611108
3172,2.552449,12.838506817147264,0.3334109236111108
3173,2.56643,13.019262610000785,0.3335131284722219
3174,2.543043,12.718313975110101,0.33361531597222194
3175,2.588248,13.306438289298425,0.3337171435185182
3176,2.562654,12.970194573140729,0.33381921527777747
3177,2.593861,13.381337334941955,0.33392189699074043
3178,2.57491,13.130135393125991,0.33402402083333305
3179,2.549207,12.79695177516636,0.3341261724537034
3180,2.567493,13.033109444443845,0.33422854282407377
3181,2.554392,12.863476285876352,0.33433091087962935
3182,2.572028,13.092348819529917,0.3344326944444442
3183,2.571634,13.087191450163504,0.33453447685185156
3184,2.598369,13.441796576390084,0.3346360138888886
3185,2.545033,12.743648619531129,0.3347386886574071
3186,2.566611,13.021619309808093,0.3348401273148145
3187,2.547836,12.779419175625844,0.33494148958333303
3188,2.58912,13.31804656395888,0.33504422569444414
3189,2.565369,13.005456497809245,0.3351456111111108
3190,2.585985,13.276359866022068,0.33524706944444416
3191,2.59932,13.454585805248673,0.3353485243055553
3192,2.573265,13.108554075904346,0.33544998495370343
3193,2.583824,13.247700629809351,0.3355515127314812
3194,2.575227,13.134298305832413,0.33565327893518493
3195,2.576625,13.152672895709678,0.3357548368055553
3196,2.552203,12.83534893290593,0.3358563553240738
3197,2.588054,13.303857090654665,0.335957759259259
3198,2.560622,12.943865896762613,0.33606085300925903
3199,2.616009,13.681013558726255,0.33616224421296276
3200,2.542517,12.71162590107687,0.3362637743055554
3201,2.577165,13.159777257078295,0.336365398148148
3202,2.543664,12.726214500948023,0.33646690856481465
3203,2.544484,12.736654276561827,0.33656826620370356
3204,2.561902,12.960444653251068,0.33666954398148136
3205,2.572715,13.101346353467964,0.3367711122685184
3206,2.575418,13.13680719640025,0.3368725694444443
3207,2.559341,12.927295420205054,0.3369741273148147
3208,2.585156,13.265358324462172,0.3370754571759258
3209,2.581907,13.222329114069638,0.3371769120370369
3210,2.556761,12.893985985668218,0.3372784398148147
3211,2.553531,12.852405599408648,0.3373798472222221
3212,2.558265,12.913393131105762,0.3374812071759258
3213,2.580267,13.200662265994248,0.33758286111111097
3214,2.554589,12.866010640330389,0.33768439351851837
3215,2.587204,13.292553616784563,0.33778626041666654
3216,2.571119,13.080453281793952,0.33788767129629615
3217,2.53977,12.67675498186217,0.33798913425925914
3218,2.588794,13.313705588396493,0.3380903738425925
3219,2.577444,13.163449347165765,0.33819156944444434
3220,2.568557,13.046984052875475,0.33829269791666655
3221,2.585737,13.273067737016165,0.3383940717592591
3222,2.596857,13.421487937166875,0.3384954791666665
3223,2.554073,12.859373491371672,0.3385966145833332
3224,2.580004,13.197190948316576,0.3386979432870369
3225,2.590103,13.331144640381105,0.3387991134259258
3226,2.590746,13.339719322849854,0.33890030671296284
3227,2.566338,13.018064892936495,0.33900155671296284
3228,2.58035,13.201757966433265,0.33910281134259246
3229,2.560431,12.941393854463886,0.33920421874999984
3230,2.566146,13.015565664410664,0.33930546643518505
3231,2.535987,12.628889412574116,0.33940674768518503
3232,2.571375,13.083802306490966,0.33950804282407393
3233,2.572944,13.104346905332983,0.3396095034722221
3234,2.56799,13.0395885097521,0.339710716435185
3235,2.609039,13.585988441455788,0.3398118402777776
3236,2.547821,12.779227485775882,0.33991305208333317
3237,2.588303,13.307170163530689,0.34001418171296277
3238,2.581473,13.216591868306512,0.3401154247685183
3239,2.572736,13.10162148463025,0.3402166249999998
3240,2.579489,13.190396144790279,0.3403178900462961
3241,2.579613,13.19203185532419,0.34041922685185166
3242,2.545089,12.744362283836233,0.34052055092592576
3243,2.561924,12.96072978616989,0.34062181712962947
3244,2.574963,13.130831308743426,0.340723210648148
3245,2.579841,13.195039981500557,0.3408246724537035
3246,2.564858,12.998812407248579,0.34092631597222206
3247,2.578569,13.178266560801244,0.34102777893518504
3248,2.564713,12.996927716092936,0.34112914004629613
3249,2.56566,13.009241636361054,0.3412304166666665
3250,2.554541,12.86539308664106,0.3413315949074072
3251,2.570765,13.075823620830539,0.3414329050925924
3252,2.531073,12.566983277946122,0.3415343206018516
3253,2.567301,13.030607327641414,0.34163552314814793
3254,2.563837,12.985547392723024,0.3417369016203702
3255,2.548389,12.7864881488209,0.34183805555555535
3256,2.564409,12.992977250568428,0.34193936342592574
3257,2.599837,13.461543624551295,0.34204067476851835
3258,2.582954,13.236180142400096,0.3421422268518517
3259,2.579011,13.184092642090233,0.3422438622685184
3260,2.569458,13.058744682875322,0.34234537499999984
3261,2.557602,12.904834388996363,0.3424467777777776
3262,2.606806,13.555684775900511,0.3425479999999998
3263,2.569497,13.05925398384926,0.3426492650462961
3264,2.550437,12.81270171007411,0.3427505428240739
3265,2.581449,13.216274673908025,0.34285241319444426
3266,2.574815,13.128888089511504,0.3429534317129628
3267,2.575732,13.140932801546029,0.343054591435185
3268,2.566984,13.026477279765727,0.3431560567129628
3269,2.553529,12.852379894623157,0.34325724074074054
3270,2.57003,13.066216421547466,0.34335974305555533
3271,2.576799,13.15496165991024,0.3434608923611109
3272,2.584598,13.25795831931057,0.3435621874999998
3273,2.585976,13.276240379320965,0.34366345023148126
3274,2.566915,13.025578483842235,0.34376477546296275
3275,2.59507,13.397525155345551,0.3438659861111109
3276,2.583978,13.249740932805643,0.3439684479166665
3277,2.606756,13.555007008606037,0.34406961805555536
3278,2.591541,13.350328616346902,0.34417069328703687
3279,2.594014,13.383384836184053,0.34427167939814796
3280,2.534622,12.611662738405839,0.34437292708333317
3281,2.557187,12.899479993838767,0.34447403472222204
3282,2.552522,12.83944406235395,0.3445751817129628
3283,2.570261,13.069235066180875,0.344676403935185
3284,2.573967,13.11775951159552,0.3447775671296294
3285,2.527091,12.517041051497856,0.34487887268518497
3286,2.588915,13.315316644239603,0.34498184143518495
3287,2.576647,13.152962257696354,0.34508304513888866
3288,2.555959,12.883649154531058,0.3451841643518516
3289,2.558255,12.913263997820117,0.34528546412037014
3290,2.593691,13.379062700944386,0.34538674652777757
3291,2.570148,13.067758326055786,0.34548795023148127
3292,2.582297,13.227486828112989,0.3455890486111109
3293,2.562183,12.964087049931402,0.3456899907407405
3294,2.554036,12.858897703354625,0.34579107407407383
3295,2.563895,12.986300576313917,0.34589212268518493
3296,2.5769,13.156290378137037,0.3459930682870368
3297,2.547309,12.77268619601624,0.34609405555555534
3298,2.559562,12.930152668207198,0.34619518402777755
3299,2.570196,13.068385593509737,0.34629620254629606
3300,2.585477,13.269617187995351,0.3463973020833331
3301,2.576274,13.148057117639727,0.3464988206018516
3302,2.566657,13.022218318073431,0.3465999953703701
3303,2.560641,12.944111832551036,0.34670125115740713
3304,2.546475,12.762038216553389,0.34680240740740714
3305,2.541928,12.704140957953273,0.3469035081018516
3306,2.528621,12.536206782351995,0.347004540509259
3307,2.558151,12.911921088196856,0.34710540856481453
3308,2.558776,12.919993561262034,0.34720656365740715
3309,2.529225,12.543780938413402,0.3473078055555553
3310,2.585736,13.273054463955061,0.3474091354166664
3311,2.542669,12.713558215065975,0.3475105243055553
3312,2.56077,12.945781730683551,0.3476118206018516
3313,2.572019,13.09223098892078,0.34771314004629605
3314,2.55114,12.821712206194592,0.3478147152777775
3315,2.591884,13.35490856447851,0.3479160243055553
3316,2.546994,12.76866343348286,0.3480171122685183
3317,2.539448,12.672673723875812,0.3481184293981479
3318,2.544233,12.733457777515822,0.34821968287037014
3319,2.563444,12.980445075268737,0.3483207800925924
3320,2.586321,13.280821472444954,0.3484218321759257
3321,2.584085,13.251158730936298,0.34852280324074053
3322,2.592813,13.367321039236732,0.3486238460648146
3323,2.589888,13.328278752377425,0.34872472453703685
3324,2.556646,12.892503262538085,0.34882581249999983
3325,2.568258,13.043083587792253,0.34892706481481467
3326,2.557922,12.908964596798844,0.34902847106481466
3327,2.518407,12.408813670430028,0.3491299965277776
3328,2.576807,13.155066900024483,0.34923132986111094
3329,2.573094,13.10631270480006,0.3493325590277776
3330,2.562613,12.969662806064523,0.34943370601851836
3331,2.570168,13.068019683835873,0.3495346597222221
3332,2.553115,12.847060110618052,0.3496357303240739
3333,2.56628,13.017309867068665,0.3497369791666665
3334,2.563848,12.985690234529976,0.3498379768518517
3335,2.569211,13.055519571256333,0.3499390300925924
3336,2.567353,13.03128493684014,0.35003998379629614
3337,2.559139,12.924684370255099,0.35014099999999987
3338,2.586421,13.282149620998522,0.3502418773148147
3339,2.590891,13.341653722392241,0.3503429884259258
3340,2.562063,12.962531452823104,0.35044393055555545
3341,2.559552,12.930023367327019,0.35054494907407396
3342,2.565621,13.00873428583064,0.35064604976851843
3343,2.560205,12.938469429925197,0.35074741435185175
3344,2.583943,13.249277199988367,0.3508487997685184
3345,2.575213,13.13411442694329,0.3509502037037036
3346,2.55201,12.83287194959846,0.3510513391203703
3347,2.593537,13.37700248392922,0.35115233333333323
3348,2.532094,12.57982072027202,0.3512533483796295
3349,2.573471,13.111254716200381,0.35135418634259247
3350,2.564547,12.99477040515383,0.35145506828703693
3351,2.59554,13.403823472157072,0.3515558703703703
3352,2.570396,13.070999532013575,0.3516566851851851
3353,2.532874,12.589636808210454,0.3517581215277777
3354,2.577549,13.164831581913273,0.35185901041666656
3355,2.551114,12.82137884601093,0.35195992592592584
3356,2.551567,12.827188246358004,0.3520607175925925
3357,2.557619,12.905053773045731,0.35216317824074067
3358,2.572921,13.104045508820233,0.3522640706018518
3359,2.548349,12.785976699524005,0.3523650405092592
3360,2.550252,12.810331579501582,0.3524661157407407
3361,2.584017,13.250257682778576,0.35256715624999996
3362,2.567766,13.03666796903869,0.3526682407407407
3363,2.573058,13.105840886035473,0.35277038541666667
3364,2.602892,13.502731522804917,0.3528712025462963
3365,2.558059,12.910733246098317,0.3529718321759259
3366,2.591421,13.348726673031463,0.3530728125
3367,2.538579,12.6616659539785,0.35317364930555556
3368,2.526474,12.509320419229066,0.3532744525462963
3369,2.583941,13.249250701460461,0.3533751851851852
3370,2.553485,12.85181440234871,0.35347600347222224
3371,2.549491,12.800586625594839,0.35357686689814816
3372,2.553125,12.847188581861515,0.3536776875
3373,2.567996,13.03966674751787,0.3537786712962963
3374,2.562384,12.966693093327027,0.3538804386574074
3375,2.56478,12.99779853942217,0.3539815289351852
3376,2.553473,12.85166018150121,0.35408257986111114
3377,2.554636,12.866615357041214,0.35418352314814816
3378,2.591748,13.353092420414338,0.3542843842592593
3379,2.561758,12.958578483588445,0.3543851261574074
3380,2.560092,12.937007465482164,0.35448605092592594
3381,2.566531,13.020577621931379,0.3545867002314815
3382,2.552674,12.8413958061802,0.35468746064814816
3383,2.560356,12.940423286321565,0.3547882534722222
3384,2.548449,12.787255361125974,0.3548892164351852
3385,2.57997,13.19674225145222,0.3549898888888889
3386,2.583013,13.23696110006652,0.35509063541666663
3387,2.57075,13.075627484947244,0.35519133680555554
3388,2.591525,13.350115012797872,0.35529222916666664
3389,2.54321,12.72043811090435,0.3553930381944444
3390,2.567113,13.02815780372628,0.35549359837962957
3391,2.548357,12.786078987746757,0.3555944363425925
3392,2.574196,13.120763822504145,0.3556954780092592
3393,2.550336,12.811407692550379,0.3557962777777777
3394,2.559592,12.930540578605868,0.35589698495370364
3395,2.563206,12.977356096943824,0.35599750810185177
3396,2.569161,13.054866811596895,0.35609790624999993
3397,2.558144,12.91183070506558,0.3561984039351851
3398,2.551957,12.832191825408577,0.35629887731481474
3399,2.562008,12.961818533198667,0.3563993877314814
3400,2.543815,12.728136304430175,0.35649984837962956
3401,2.566874,13.025044446072247,0.35660057986111104
3402,2.558895,12.92153113197947,0.3567012291666666
3403,2.554378,12.863296198468964,0.356801849537037
3404,2.5779,13.169453248853625,0.35690234722222214
3405,2.555604,12.879076270816086,0.3570028958333332
3406,2.556304,12.888094780315722,0.35710333796296284
3407,2.519464,12.421936720789983,0.35720384027777763
3408,2.583308,13.240866579620956,0.35730428009259246
3409,2.58413,13.251755046496191,0.3574048136574073
3410,2.570379,13.070777326910278,0.35750521180555545
3411,2.579567,13.191425035815799,0.35760558680555543
3412,2.571816,13.08957353577065,0.35770605787037024
3413,2.57525,13.134600398167498,0.3578064699074073
3414,2.548384,12.78642421653999,0.35790708796296283
3415,2.578156,13.1728250604588,0.3580076006944443
3416,2.550015,12.80729589066058,0.35810818402777767
3417,2.588166,13.305347206093726,0.35820854050925915
3418,2.585376,13.268277024338769,0.35830920833333324
3419,2.570061,13.066621480534915,0.358409699074074
3420,2.548929,12.79339471702685,0.35851043287037027
3421,2.561156,12.950779766990543,0.3586110335648147
3422,2.589036,13.316927895032263,0.35871164814814804
3423,2.561399,12.953927188870194,0.3588124212962962
3424,2.545696,12.752100460041408,0.3589131828703703
3425,2.550946,12.819225035289968,0.359013704861111
3426,2.573469,13.111228493717169,0.35911422685185174
3427,2.57089,13.077458200942267,0.35921474537037024
3428,2.580474,13.203395085920413,0.3593150520833332
3429,2.566439,13.019379783891555,0.3594156307870369
3430,2.576988,13.157448182632962,0.3595159664351851
3431,2.582133,13.225317698146693,0.35961620254629617
3432,2.567128,13.028353227559009,0.3597165011574073
3433,2.56205,12.962362941009546,0.3598168634259258
3434,2.57059,13.073535551908762,0.35991717013888874
3435,2.544818,12.740909029594397,0.3600175555555554
3436,2.522008,12.453578358906135,0.3601178090277776
3437,2.556364,12.888868089201576,0.36021824884259246
3438,2.570915,13.07778514148403,0.3603186319444443
3439,2.560527,12.942636287909767,0.36041900115740727
3440,2.537338,12.645962572493202,0.36051955439814803
3441,2.571281,13.082572486876579,0.36062053819444434
3442,2.539192,12.669429934625237,0.36072228935185174
3443,2.59059,13.337638488944753,0.3608228449074073
3444,2.566454,13.019575076053,0.3609235300925925
3445,2.529886,12.552075118538232,0.3610238136574073
3446,2.538105,12.655665746477835,0.361124199074074
3447,2.562076,12.962699966827325,0.3612246655092592
3448,2.560175,12.938081281664555,0.3613250405092592
3449,2.561632,12.956945805560386,0.3614253263888888
3450,2.529393,12.545888470638804,0.3615256840277777
3451,2.538305,12.65819713275732,0.36162732291666655
3452,2.538691,12.663084139982283,0.36172765624999986
3453,2.554499,12.864852751478537,0.36182820254629616
3454,2.570916,13.077798219275712,0.36192858912037024
3455,2.528274,12.531857473247294,0.36202874305555544
3456,2.537726,12.650870157981347,0.3621288460648147
3457,2.56735,13.031245843043965,0.36222921296296284
3458,2.577342,13.162106743806289,0.3623295972222221
3459,2.570823,13.076582040594502,0.3624300671296295
3460,2.539293,12.670709611671235,0.36253226273148137
3461,2.580626,13.205402154506821,0.36263266666666655
3462,2.581729,13.219975748943044,0.3627330196759258
3463,2.562301,12.965616902462818,0.36283325231481467
3464,2.570307,13.069836264821385,0.3629334641203702
3465,2.537123,12.643243982798976,0.3630336249999998
3466,2.537789,12.651667187907478,0.3631339861111109
3467,2.586821,13.287463543560582,0.36323417939814795
3468,2.560024,12.936127778884192,0.3633344282407405
3469,2.533211,12.593880230791367,0.36343485185185165
3470,2.529766,12.550568959895335,0.36353518402777757
3471,2.586258,13.279984807047429,0.3636355509259257
3472,2.58967,13.32537350429295,0.3637358437499998
3473,2.554107,12.859810717503185,0.3638363136574072
3474,2.543762,12.727461731082393,0.36393643055555536
3475,2.544634,12.738564917997833,0.36403672337962945
3476,2.548579,12.78891781237991,0.3641370011574072
3477,2.56474,12.997278637878695,0.3642373738425924
3478,2.561515,12.955429931581493,0.36433760185185166
3479,2.538585,12.661741924202135,0.36443785416666646
3480,2.529832,12.551397324782428,0.3645385532407405
3481,2.557669,12.905699041865974,0.36463902430555534
3482,2.565523,13.00745949233653,0.3647392962962961
3483,2.569094,13.053992164821517,0.3648397499999998
3484,2.548856,12.792460833299678,0.3649401736111109
3485,2.558511,12.916570216581508,0.36504067708333315
3486,2.556596,12.891858653490313,0.36514114814814796
3487,2.5621,12.96301107535982,0.3652415752314813
3488,2.567345,13.031180686977644,0.36534180324074056
3489,2.575126,13.132971808692758,0.3654422905092591
3490,2.514083,12.355273796745447,0.36554256944444424
3491,2.541119,12.69386746410687,0.3656428900462961
3492,2.535047,12.617023834221825,0.365743216435185
3493,2.589065,13.317314091541043,0.36584363773148126
3494,2.574292,13.122023476293515,0.3659439571759257
3495,2.556842,12.895030440832922,0.36604424884259235
3496,2.54078,12.68956497235009,0.3661445196759257
3497,2.575419,13.136820333214017,0.36624488310185166
3498,2.535117,12.61790705680265,0.3663451562499998
3499,2.576061,13.145256879709596,0.36644588541666645
3500,2.55668,12.89294161510096,0.3665463252314813
3501,2.581286,13.214120596698237,0.3666468460648146
3502,2.528274,12.531857473247294,0.3667471122685183
3503,2.563396,12.979822028858356,0.36684758912037013
3504,2.562699,12.970778245029035,0.36694785648148126
3505,2.551119,12.821442953065425,0.36704799537037014
3506,2.555475,12.877414977132894,0.3671483252314813
3507,2.564437,12.993341059024738,0.3672486921296294
3508,2.557204,12.899699286862651,0.36734902314814794
3509,2.537218,12.644445148031792,0.36744929166666646
3510,2.561185,12.95115534504964,0.3675497210648146
3511,2.559978,12.93553273069258,0.3676500648148146
3512,2.578196,13.173351983999622,0.3677503611111109
3513,2.536473,12.635028544516853,0.3678507361111109
3514,2.561016,12.948966784734882,0.36795114814814794
3515,2.543668,12.726265405907833,0.3680516608796294
3516,2.566048,13.014290201474259,0.368152122685185
3517,2.557503,12.903556873629904,0.36825247569444425
3518,2.578391,13.175921038111134,0.36835294097222204
3519,2.582885,13.235266877478274,0.36845331365740724
3520,2.500379,12.187112000977935,0.3685535451388887
3521,2.591184,13.345563399672656,0.3686536053240739
3522,2.55008,12.808128391949468,0.3687538437499998
3523,2.565197,13.003219751657303,0.36885410185185163
3524,2.564631,12.995862011714694,0.3689543611111109
3525,2.544667,12.738985297576354,0.36905461574074055
3526,2.56361,12.9826000080057,0.36915478819444425
3527,2.577228,13.160606349161615,0.369255060185185
3528,2.557777,12.907092932631242,0.3693551863425924
3529,2.547309,12.77268619601624,0.369457091435185
3530,2.532094,12.57982072027202,0.3695576273148146
3531,2.550309,12.811061789212394,0.369658128472222
3532,2.558392,12.91503323617788,0.3697586990740739
3533,2.555325,12.875483509749998,0.36985925694444427
3534,2.568465,13.045783785555754,0.36995961574074054
3535,2.57201,13.092113159372115,0.37005992476851834
3536,2.551064,12.820737793095088,0.3701603819444443
3537,2.567353,13.03128493684014,0.370260804398148
3538,2.574154,13.12021276199595,0.37036246064814804
3539,2.52838,12.533185920545916,0.3704626585648147
3540,2.550744,12.816635813353056,0.3705627557870369
3541,2.555257,12.874608006638782,0.3706627384259258
3542,2.554057,12.8591677430418,0.3707630312499999
3543,2.576298,13.148372674797217,0.37086319328703693
3544,2.556357,12.888777867440732,0.3709634537037036
3545,2.568489,13.04609688812382,0.3710637511574073
3546,2.559897,12.93448499497526,0.3711639062499999
3547,2.55107,12.820814717752619,0.3712639351851851
3548,2.563964,12.98719666196828,0.37136585416666656
3549,2.571139,13.080714893475697,0.3714660810185184
3550,2.547794,12.778882451291755,0.3715662141203703
3551,2.53817,12.65648839148703,0.3716665474537036
3552,2.554291,12.862177140379433,0.3717670868055554
3553,2.559055,12.923598742365003,0.3718675312499999
3554,2.571481,13.08518926304285,0.37196805787037024
3555,2.541368,12.69702863065433,0.3720683993055554
3556,2.558667,12.918585358712289,0.3721688599537036
3557,2.558927,12.92194462759159,0.3722692395833332
3558,2.530436,12.558980658702897,0.3723695324074073
3559,2.568189,13.042183646073038,0.372469517361111
3560,2.557993,12.909881165823034,0.3725698159722221
3561,2.55596,12.883662038186651,0.3726698784722221
3562,2.568038,13.040214425022414,0.3727699687499999
3563,2.535201,12.61896700551264,0.3728699976851851
3564,2.545743,12.752699822847944,0.37297040162037026
3565,2.578905,13.182695202335784,0.37307055671296285
3566,2.554635,12.866602490432294,0.37317072916666655
3567,2.539879,12.678136823464193,0.3732708414351851
3568,2.543221,12.720578036493157,0.37337105555555544
3569,2.560202,12.93843061457513,0.3734713171296295
3570,2.576149,13.146413713214937,0.37357135416666654
3571,2.523623,12.473707137569509,0.3736715983796295
3572,2.564734,12.99720065444082,0.3737719583333332
3573,2.54267,12.71357092863055,0.37387241782407393
3574,2.549545,12.801277875936211,0.3739728819444443
3575,2.564089,12.98882016301773,0.3740732662037035
3576,2.564047,12.98827464402686,0.37417356249999983
3577,2.564874,12.999020389910951,0.3742737129629628
3578,2.548504,12.787958679511911,0.37437398726851834
3579,2.544343,12.734858534911591,0.3744741689814813
3580,2.54605,12.756615502719669,0.37457416435185165
3581,2.532611,12.586326169098022,0.3746742766203702
3582,2.519932,12.427751547738682,0.3747742951388887
3583,2.545195,12.74571325783868,0.37487441203703686
3584,2.570894,13.077510510879693,0.3749745138888887
3585,2.564725,12.997083680161316,0.375074679398148
3586,2.572762,13.101962131217238,0.37517455324074056
3587,2.547345,12.773146020996098,0.37527456828703687
3588,2.528789,12.538313042012291,0.37537456944444425
3589,2.550468,12.813098909983689,0.37547464930555535
3590,2.53805,12.654969704003125,0.37557480439814794
3591,2.567941,13.03894958556889,0.37567474652777755
3592,2.536747,12.638491016675074,0.3757747986111109
3593,2.572925,13.104097925107101,0.37587479513888866
3594,2.513262,12.345134279799566,0.3759749525462961
3595,2.556199,12.886741601406925,0.37607509837962944
3596,2.545984,12.755773593879782,0.37617525231481463
3597,2.529832,12.551397324782428,0.37627546874999984
3598,2.562639,12.970000021681267,0.3763757233796295
3599,2.496046,12.1344194854539,0.3764758206018517
3600,2.55763,12.905195729417995,0.3765758032407406
3601,2.544339,12.73480759557933,0.3766761076388887
3602,2.536785,12.638971288458814,0.37677625231481465
3603,2.556108,12.885568961277134,0.3768764282407406
3604,2.578775,13.18098156334843,0.37697637499999986
3605,2.532346,12.58299123456155,0.37707629976851836
3606,2.541176,12.694591035173902,0.3771764050925924
3607,2.55559,12.878895965010436,0.3772763715277776
3608,2.547438,12.774333978815234,0.3773763391203702
3609,2.556649,12.892541940105888,0.3774764456018517
3610,2.532662,12.586968088101441,0.37757665972222204
3611,2.545866,12.754268501397911,0.3776771354166665
3612,2.562208,12.96441115615896,0.37777720601851833
3613,2.55247,12.838776428621333,0.3778772071759257
3614,2.542634,12.71311324831541,0.377978509259259
3615,2.578054,13.171481500825339,0.3780787974537035
3616,2.526802,12.513424149301516,0.37817949074074053
3617,2.546721,12.765178064140077,0.3782795046296294
3618,2.52436,12.482903648227804,0.37837943749999975
3619,2.517469,12.397179660410877,0.37847935995370346
3620,2.558269,12.913444784781595,0.3785792233796294
3621,2.55706,12.897841863903002,0.3786790543981479
3622,2.545205,12.745840715608548,0.3787789398148146
3623,2.571171,13.081133483049687,0.3788788796296294
3624,2.576251,13.147754715803654,0.3789788032407405
3625,2.537378,12.646468421113005,0.3790787037037035
3626,2.558229,12.912928257320818,0.37917985185185166
3627,2.538968,12.66659230014681,0.379279628472222
3628,2.55869,12.918882489592532,0.3793796168981479
3629,2.543601,12.7254127746891,0.3794793807870368
3630,2.555716,12.880518808138996,0.3795791932870368
3631,2.553609,12.853408126143435,0.3796790532407405
3632,2.536342,12.633373464187647,0.3797789108796294
3633,2.541632,12.700381088717817,0.37987894791666643
3634,2.547377,12.77355476820869,0.37997903240740716
3635,2.551694,12.828817402714531,0.38007923379629605
3636,2.543023,12.718059611374244,0.38018068402777755
3637,2.574231,13.121223057274493,0.3802804606481479
3638,2.55386,12.856634736505757,0.38038033680555533
3639,2.523145,12.467746130351973,0.3804802442129627
3640,2.498148,12.159952861389034,0.3805800046296294
3641,2.548442,12.787165850651732,0.3806798935185183
3642,2.569535,13.059750244929546,0.38077972685185163
3643,2.545805,12.75349051474816,0.38087949884259237
3644,2.565378,13.005573547444447,0.38097936689814793
3645,2.510572,12.311970493877004,0.3810790636574072
3646,2.554947,12.870617496717715,0.3811787719907405
3647,2.569664,13.061435061379465,0.3812784143518516
3648,2.564019,12.987910977428186,0.38137812847222197
3649,2.538245,12.657437663713655,0.3814778958333331
3650,2.541459,12.698184112833365,0.3815778240740738
3651,2.550934,12.81907120551252,0.3816776273148145
3652,2.54411,12.731891658527477,0.38177731944444415
3653,2.566826,13.024419258943446,0.38187702314814786
3654,2.55501,12.871428371162285,0.38197670601851824
3655,2.541481,12.69846347595683,0.38207642245370343
3656,2.549229,12.797233311202298,0.3821759907407405
3657,2.533033,12.591638719610698,0.38227571874999977
3658,2.544698,12.739380212241723,0.38237575347222197
3659,2.555569,12.878625511034949,0.3824757152777775
3660,2.551189,12.822340485485409,0.3825755995370368
3661,2.565204,13.003310774514146,0.3826755462962961
3662,2.543182,12.720081943623606,0.38277545023148124
3663,2.556437,12.889809010915311,0.38287558680555533
3664,2.539785,12.676945134613042,0.3829756053240739
3665,2.557401,12.902240777950816,0.3830753900462961
3666,2.568023,13.040018823273059,0.3831750960648146
3667,2.535186,12.618777722427186,0.383274753472222
3668,2.51548,12.372546176187468,0.3833745104166664
3669,2.525259,12.49413082446713,0.3834743541666664
3670,2.570699,13.074960644950076,0.383574228009259
3671,2.547057,12.769467884619115,0.38367410763888865
3672,2.562994,12.974605189057813,0.38377391782407383
3673,2.541035,12.692801224022592,0.3838737916666664
3674,2.575084,13.13242023545991,0.3839735127314812
3675,2.545459,12.749078570340455,0.3840732939814812
3676,2.574276,13.121813525597505,0.3841730914351849
3677,2.553317,12.849655478883765,0.38427297106481456
3678,2.565113,13.002127527072243,0.38437279282407383
3679,2.560938,12.947956804715409,0.38447281134259237
3680,2.572441,13.097757076320535,0.38457264930555535
3681,2.549312,12.798295525648419,0.384672472222222
3682,2.527067,12.516740646117501,0.38477223263888866
3683,2.561933,12.960846433262876,0.3848720694444442
3684,2.535455,12.622172630229146,0.38497193865740714
3685,2.559535,12.92980355879815,0.3850717731481479
3686,2.532425,12.58398533013534,0.38517181481481455
3687,2.550606,12.814867239645208,0.3852719907407405
3688,2.528174,12.530604350157166,0.38537202083333305
3689,2.550974,12.819583978616137,0.3854717118055553
3690,2.561718,12.958060150815824,0.3855714513888886
3691,2.545259,12.74652900959096,0.3856711550925923
3692,2.563421,12.980146528465305,0.385770827546296
3693,2.540313,12.683640329019894,0.3858704513888886
3694,2.542442,12.71067256488484,0.38596999652777747
3695,2.559378,12.927773738984447,0.3860695914351849
3696,2.533294,12.594925566231343,0.3861693298611108
3697,2.544336,12.734769391213849,0.3862690752314812
3698,2.554636,12.866615357041214,0.3863690162037034
3699,2.536001,12.629066218263532,0.38646868171296267
3700,2.566696,13.022726194491359,0.3865683773148145
3701,2.56106,12.949536551808194,0.3866683483796293
3702,2.563364,12.97940668119903,0.38676992013888856
3703,2.551897,12.831421916996536,0.386869583333333
3704,2.555732,12.88072489808864,0.38697016666666634
3705,2.541667,12.700825609834997,0.38706969675925895
3706,2.562924,12.97369699848162,0.38716941435185154
3707,2.565881,13.012116996478282,0.3872690185185182
3708,2.559311,12.926907607159675,0.38736864004629595
3709,2.555624,12.87933385491733,0.3874682418981478
3710,2.528806,12.5385261951458,0.38756788657407376
3711,2.537382,12.64651900708786,0.38766751273148115
3712,2.56009,12.93698159149311,0.3877671099537034
3713,2.54551,12.749728789928001,0.38786671412037005
3714,2.545129,12.744872068523216,0.3879675393518515
3715,2.550152,12.80905061039316,0.38806708680555524
3716,2.530671,12.561932365969712,0.388166546296296
3717,2.525681,12.499404460333958,0.3882661724537034
3718,2.564941,12.99989135345403,0.38836563657407375
3719,2.537208,12.64431870421253,0.3884652696759256
3720,2.550759,12.816828064332139,0.38856487152777747
3721,2.549952,12.806489056435014,0.38866439930555524
3722,2.577809,13.168254883134443,0.3887639571759256
3723,2.562558,12.96894949422645,0.38886493171296266
3724,2.520774,12.438220121192815,0.3889644687499997
3725,2.527307,12.519745024383539,0.38906401504629595
3726,2.566358,13.018325256837986,0.38916368287037
3727,2.555977,12.883881062303002,0.38926329282407374
3728,2.54511,12.74462991825435,0.38936316435185153
3729,2.565378,13.005573547444447,0.38946277546296265
3730,2.527022,12.516177405461436,0.3895623506944441
3731,2.561631,12.956932848621062,0.38966200694444414
3732,2.561506,12.955313333236802,0.38976163078703674
3733,2.530751,12.562937360758246,0.389861233796296
