> setting tensorboard ...
WARNING: one_logger package is required to enable e2e metrics tracking. please go to https://confluence.nvidia.com/display/MLWFO/Package+Repositories for details to install it
INFO:megatron.core.timers:(min, max) time across ranks (ms):
    startup-program-entry-spread ...................: (0.34, 7.35)
    startup-library-setup ..........................: (23336.78, 23348.10)
    startup-program-setup ..........................: (138.86, 142.04)
    startup-in-process-setup .......................: (0.00, 0.00)
    startup-in-job-setup ...........................: (36.08, 38.02)
    startup-initialize-megatron ....................: (5764.38, 5768.28)
    startup-set-jit-fusion-options .................: (5835.63, 5845.66)
    all-reduce-start-timestamps-tensor .............: (2.54, 12.58)
    startup-megatron-init-local ....................: (11650.18, 11652.94)
    startup-megatron-init-global ...................: (35137.25, 35138.68)
INFO:megatron.core.timers:(min, max) time across ranks (ms):
    load-checkpoint ................................: (8613.38, 8613.53)
INFO:megatron.core.timers:(min, max) time across ranks (ms):
    model-and-optimizer-setup ......................: (9215.54, 9216.04)
    train/valid/test-data-iterators-setup ..........: (388.94, 407.34)
 [2026-03-27 18:07:45.240728] iteration    86001/  100000 | consumed samples:     88065024 | elapsed time per iteration (ms): 5916.7 | learning rate: 4.336733E-05 | global batch size:  1024 | lm loss: 2.114113E+00 | loss scale: 1.0 | grad norm: 0.085 | number of skipped iterations:   0 | number of nan iterations:   0 |
 [2026-03-27 18:07:47.356985] iteration    86002/  100000 | consumed samples:     88066048 | elapsed time per iteration (ms): 4016.4 | learning rate: 4.336545E-05 | global batch size:  1024 | lm loss: 2.126406E+00 | loss scale: 1.0 | grad norm: 0.074 | number of skipped iterations:   0 | number of nan iterations:   0 |
 [2026-03-27 18:07:49.453019] iteration    86003/  100000 | consumed samples:     88067072 | elapsed time per iteration (ms): 2095.8 | learning rate: 4.336357E-05 | global batch size:  1024 | lm loss: 2.138417E+00 | loss scale: 1.0 | grad norm: 0.083 | number of skipped iterations:   0 | number of nan iterations:   0 |
 [2026-03-27 18:07:51.579948] iteration    86004/  100000 | consumed samples:     88068096 | elapsed time per iteration (ms): 2126.6 | learning rate: 4.336169E-05 | global batch size:  1024 | lm loss: 2.119740E+00 | loss scale: 1.0 | grad norm: 0.082 | number of skipped iterations:   0 | number of nan iterations:   0 |
 [2026-03-27 18:07:53.733635] iteration    86005/  100000 | consumed samples:     88069120 | elapsed time per iteration (ms): 2153.4 | learning rate: 4.335981E-05 | global batch size:  1024 | lm loss: 2.120467E+00 | loss scale: 1.0 | grad norm: 0.072 | number of skipped iterations:   0 | number of nan iterations:   0 |
 [2026-03-27 18:07:55.923731] iteration    86006/  100000 | consumed samples:     88070144 | elapsed time per iteration (ms): 2189.8 | learning rate: 4.335794E-05 | global batch size:  1024 | lm loss: 2.122363E+00 | loss scale: 1.0 | grad norm: 0.070 | number of skipped iterations:   0 | number of nan iterations:   0 |
 [2026-03-27 18:07:58.065859] iteration    86007/  100000 | consumed samples:     88071168 | elapsed time per iteration (ms): 2141.8 | learning rate: 4.335606E-05 | global batch size:  1024 | lm loss: 2.126327E+00 | loss scale: 1.0 | grad norm: 0.075 | number of skipped iterations:   0 | number of nan iterations:   0 |
 [2026-03-27 18:08:00.218668] iteration    86008/  100000 | consumed samples:     88072192 | elapsed time per iteration (ms): 2152.5 | learning rate: 4.335419E-05 | global batch size:  1024 | lm loss: 2.157639E+00 | loss scale: 1.0 | grad norm: 0.073 | number of skipped iterations:   0 | number of nan iterations:   0 |
 [2026-03-27 18:08:02.368775] iteration    86009/  100000 | consumed samples:     88073216 | elapsed time per iteration (ms): 2149.8 | learning rate: 4.335231E-05 | global batch size:  1024 | lm loss: 2.114423E+00 | loss scale: 1.0 | grad norm: 0.070 | number of skipped iterations:   0 | number of nan iterations:   0 |
 [2026-03-27 18:08:04.511953] iteration    86010/  100000 | consumed samples:     88074240 | elapsed time per iteration (ms): 2142.9 | learning rate: 4.335043E-05 | global batch size:  1024 | lm loss: 2.119588E+00 | loss scale: 1.0 | grad norm: 0.068 | number of skipped iterations:   0 | number of nan iterations:   0 |
 [2026-03-27 18:08:06.677049] iteration    86011/  100000 | consumed samples:     88075264 | elapsed time per iteration (ms): 2164.8 | learning rate: 4.334855E-05 | global batch size:  1024 | lm loss: 2.100452E+00 | loss scale: 1.0 | grad norm: 0.074 | number of skipped iterations:   0 | number of nan iterations:   0 |
 [2026-03-27 18:08:08.859348] iteration    86012/  100000 | consumed samples:     88076288 | elapsed time per iteration (ms): 2182.0 | learning rate: 4.334668E-05 | global batch size:  1024 | lm loss: 2.123619E+00 | loss scale: 1.0 | grad norm: 0.072 | number of skipped iterations:   0 | number of nan iterations:   0 |
 [2026-03-27 18:08:11.070517] iteration    86013/  100000 | consumed samples:     88077312 | elapsed time per iteration (ms): 2210.9 | learning rate: 4.334480E-05 | global batch size:  1024 | lm loss: 2.142626E+00 | loss scale: 1.0 | grad norm: 0.067 | number of skipped iterations:   0 | number of nan iterations:   0 |
 [2026-03-27 18:08:13.259359] iteration    86014/  100000 | consumed samples:     88078336 | elapsed time per iteration (ms): 2188.6 | learning rate: 4.334293E-05 | global batch size:  1024 | lm loss: 2.112667E+00 | loss scale: 1.0 | grad norm: 0.069 | number of skipped iterations:   0 | number of nan iterations:   0 |
 [2026-03-27 18:08:15.454488] iteration    86015/  100000 | consumed samples:     88079360 | elapsed time per iteration (ms): 2194.8 | learning rate: 4.334105E-05 | global batch size:  1024 | lm loss: 2.126870E+00 | loss scale: 1.0 | grad norm: 0.074 | number of skipped iterations:   0 | number of nan iterations:   0 |
 [2026-03-27 18:08:17.639734] iteration    86016/  100000 | consumed samples:     88080384 | elapsed time per iteration (ms): 2185.0 | learning rate: 4.333918E-05 | global batch size:  1024 | lm loss: 2.119349E+00 | loss scale: 1.0 | grad norm: 0.071 | number of skipped iterations:   0 | number of nan iterations:   0 |
 [2026-03-27 18:08:19.746810] iteration    86017/  100000 | consumed samples:     88081408 | elapsed time per iteration (ms): 2106.8 | learning rate: 4.333730E-05 | global batch size:  1024 | lm loss: 2.140228E+00 | loss scale: 1.0 | grad norm: 0.059 | number of skipped iterations:   0 | number of nan iterations:   0 |
 [2026-03-27 18:08:21.920095] iteration    86018/  100000 | consumed samples:     88082432 | elapsed time per iteration (ms): 2173.0 | learning rate: 4.333543E-05 | global batch size:  1024 | lm loss: 2.133820E+00 | loss scale: 1.0 | grad norm: 0.068 | number of skipped iterations:   0 | number of nan iterations:   0 |
 [2026-03-27 18:08:24.123213] iteration    86019/  100000 | consumed samples:     88083456 | elapsed time per iteration (ms): 2202.8 | learning rate: 4.333355E-05 | global batch size:  1024 | lm loss: 2.138948E+00 | loss scale: 1.0 | grad norm: 0.073 | number of skipped iterations:   0 | number of nan iterations:   0 |
 [2026-03-27 18:08:26.233157] iteration    86020/  100000 | consumed samples:     88084480 | elapsed time per iteration (ms): 2109.7 | learning rate: 4.333167E-05 | global batch size:  1024 | lm loss: 2.140313E+00 | loss scale: 1.0 | grad norm: 0.064 | number of skipped iterations:   0 | number of nan iterations:   0 |
 [2026-03-27 18:08:28.422972] iteration    86021/  100000 | consumed samples:     88085504 | elapsed time per iteration (ms): 2189.5 | learning rate: 4.332980E-05 | global batch size:  1024 | lm loss: 2.127046E+00 | loss scale: 1.0 | grad norm: 0.072 | number of skipped iterations:   0 | number of nan iterations:   0 |
 [2026-03-27 18:08:30.576981] iteration    86022/  100000 | consumed samples:     88086528 | elapsed time per iteration (ms): 2153.7 | learning rate: 4.332792E-05 | global batch size:  1024 | lm loss: 2.148248E+00 | loss scale: 1.0 | grad norm: 0.069 | number of skipped iterations:   0 | number of nan iterations:   0 |
 [2026-03-27 18:08:32.770499] iteration    86023/  100000 | consumed samples:     88087552 | elapsed time per iteration (ms): 2193.2 | learning rate: 4.332605E-05 | global batch size:  1024 | lm loss: 2.136560E+00 | loss scale: 1.0 | grad norm: 0.062 | number of skipped iterations:   0 | number of nan iterations:   0 |
 [2026-03-27 18:08:34.962855] iteration    86024/  100000 | consumed samples:     88088576 | elapsed time per iteration (ms): 2192.1 | learning rate: 4.332417E-05 | global batch size:  1024 | lm loss: 2.118962E+00 | loss scale: 1.0 | grad norm: 0.068 | number of skipped iterations:   0 | number of nan iterations:   0 |
 [2026-03-27 18:08:37.112103] iteration    86025/  100000 | consumed samples:     88089600 | elapsed time per iteration (ms): 2149.0 | learning rate: 4.332230E-05 | global batch size:  1024 | lm loss: 2.091782E+00 | loss scale: 1.0 | grad norm: 0.067 | number of skipped iterations:   0 | number of nan iterations:   0 |
 [2026-03-27 18:08:39.281440] iteration    86026/  100000 | consumed samples:     88090624 | elapsed time per iteration (ms): 2169.0 | learning rate: 4.332043E-05 | global batch size:  1024 | lm loss: 2.137053E+00 | loss scale: 1.0 | grad norm: 0.067 | number of skipped iterations:   0 | number of nan iterations:   0 |
 [2026-03-27 18:08:41.469144] iteration    86027/  100000 | consumed samples:     88091648 | elapsed time per iteration (ms): 2187.4 | learning rate: 4.331855E-05 | global batch size:  1024 | lm loss: 2.146718E+00 | loss scale: 1.0 | grad norm: 0.067 | number of skipped iterations:   0 | number of nan iterations:   0 |
 [2026-03-27 18:08:43.674247] iteration    86028/  100000 | consumed samples:     88092672 | elapsed time per iteration (ms): 2204.8 | learning rate: 4.331668E-05 | global batch size:  1024 | lm loss: 2.140705E+00 | loss scale: 1.0 | grad norm: 0.069 | number of skipped iterations:   0 | number of nan iterations:   0 |
 [2026-03-27 18:08:45.853704] iteration    86029/  100000 | consumed samples:     88093696 | elapsed time per iteration (ms): 2178.5 | learning rate: 4.331480E-05 | global batch size:  1024 | lm loss: 2.137808E+00 | loss scale: 1.0 | grad norm: 0.062 | number of skipped iterations:   0 | number of nan iterations:   0 |
 [2026-03-27 18:08:48.064461] iteration    86030/  100000 | consumed samples:     88094720 | elapsed time per iteration (ms): 2210.5 | learning rate: 4.331293E-05 | global batch size:  1024 | lm loss: 2.106193E+00 | loss scale: 1.0 | grad norm: 0.071 | number of skipped iterations:   0 | number of nan iterations:   0 |
 [2026-03-27 18:08:50.226161] iteration    86031/  100000 | consumed samples:     88095744 | elapsed time per iteration (ms): 2161.4 | learning rate: 4.331105E-05 | global batch size:  1024 | lm loss: 2.119900E+00 | loss scale: 1.0 | grad norm: 0.067 | number of skipped iterations:   0 | number of nan iterations:   0 |
 [2026-03-27 18:08:52.318251] iteration    86032/  100000 | consumed samples:     88096768 | elapsed time per iteration (ms): 2091.8 | learning rate: 4.330918E-05 | global batch size:  1024 | lm loss: 2.125925E+00 | loss scale: 1.0 | grad norm: 0.061 | number of skipped iterations:   0 | number of nan iterations:   0 |
 [2026-03-27 18:08:54.548906] iteration    86033/  100000 | consumed samples:     88097792 | elapsed time per iteration (ms): 2229.8 | learning rate: 4.330731E-05 | global batch size:  1024 | lm loss: 2.114723E+00 | loss scale: 1.0 | grad norm: 0.066 | number of skipped iterations:   0 | number of nan iterations:   0 |
 [2026-03-27 18:08:56.731674] iteration    86034/  100000 | consumed samples:     88098816 | elapsed time per iteration (ms): 2182.5 | learning rate: 4.330543E-05 | global batch size:  1024 | lm loss: 2.138928E+00 | loss scale: 1.0 | grad norm: 0.069 | number of skipped iterations:   0 | number of nan iterations:   0 |
 [2026-03-27 18:08:58.935443] iteration    86035/  100000 | consumed samples:     88099840 | elapsed time per iteration (ms): 2203.5 | learning rate: 4.330356E-05 | global batch size:  1024 | lm loss: 2.113215E+00 | loss scale: 1.0 | grad norm: 0.064 | number of skipped iterations:   0 | number of nan iterations:   0 |
 [2026-03-27 18:09:01.120713] iteration    86036/  100000 | consumed samples:     88100864 | elapsed time per iteration (ms): 2185.0 | learning rate: 4.330169E-05 | global batch size:  1024 | lm loss: 2.126259E+00 | loss scale: 1.0 | grad norm: 0.059 | number of skipped iterations:   0 | number of nan iterations:   0 |
 [2026-03-27 18:09:03.328325] iteration    86037/  100000 | consumed samples:     88101888 | elapsed time per iteration (ms): 2207.3 | learning rate: 4.329981E-05 | global batch size:  1024 | lm loss: 2.133311E+00 | loss scale: 1.0 | grad norm: 0.066 | number of skipped iterations:   0 | number of nan iterations:   0 |
 [2026-03-27 18:09:05.513574] iteration    86038/  100000 | consumed samples:     88102912 | elapsed time per iteration (ms): 2184.9 | learning rate: 4.329794E-05 | global batch size:  1024 | lm loss: 2.124292E+00 | loss scale: 1.0 | grad norm: 0.065 | number of skipped iterations:   0 | number of nan iterations:   0 |
 [2026-03-27 18:09:07.712928] iteration    86039/  100000 | consumed samples:     88103936 | elapsed time per iteration (ms): 2199.1 | learning rate: 4.329607E-05 | global batch size:  1024 | lm loss: 2.125119E+00 | loss scale: 1.0 | grad norm: 0.065 | number of skipped iterations:   0 | number of nan iterations:   0 |
 [2026-03-27 18:09:09.912851] iteration    86040/  100000 | consumed samples:     88104960 | elapsed time per iteration (ms): 2199.7 | learning rate: 4.329419E-05 | global batch size:  1024 | lm loss: 2.116307E+00 | loss scale: 1.0 | grad norm: 0.064 | number of skipped iterations:   0 | number of nan iterations:   0 |
 [2026-03-27 18:09:12.090284] iteration    86041/  100000 | consumed samples:     88105984 | elapsed time per iteration (ms): 2177.2 | learning rate: 4.329232E-05 | global batch size:  1024 | lm loss: 2.139118E+00 | loss scale: 1.0 | grad norm: 0.063 | number of skipped iterations:   0 | number of nan iterations:   0 |
 [2026-03-27 18:09:14.269248] iteration    86042/  100000 | consumed samples:     88107008 | elapsed time per iteration (ms): 2177.3 | learning rate: 4.329045E-05 | global batch size:  1024 | lm loss: 2.117964E+00 | loss scale: 1.0 | grad norm: 0.074 | number of skipped iterations:   0 | number of nan iterations:   0 |
 [2026-03-27 18:09:16.374804] iteration    86043/  100000 | consumed samples:     88108032 | elapsed time per iteration (ms): 2105.3 | learning rate: 4.328858E-05 | global batch size:  1024 | lm loss: 2.143064E+00 | loss scale: 1.0 | grad norm: 0.062 | number of skipped iterations:   0 | number of nan iterations:   0 |
 [2026-03-27 18:09:18.562009] iteration    86044/  100000 | consumed samples:     88109056 | elapsed time per iteration (ms): 2186.8 | learning rate: 4.328671E-05 | global batch size:  1024 | lm loss: 2.131275E+00 | loss scale: 1.0 | grad norm: 0.066 | number of skipped iterations:   0 | number of nan iterations:   0 |
 [2026-03-27 18:09:20.757767] iteration    86045/  100000 | consumed samples:     88110080 | elapsed time per iteration (ms): 2195.0 | learning rate: 4.328483E-05 | global batch size:  1024 | lm loss: 2.116705E+00 | loss scale: 1.0 | grad norm: 0.070 | number of skipped iterations:   0 | number of nan iterations:   0 |
 [2026-03-27 18:09:23.124915] iteration    86046/  100000 | consumed samples:     88111104 | elapsed time per iteration (ms): 2366.9 | learning rate: 4.328296E-05 | global batch size:  1024 | lm loss: 2.159383E+00 | loss scale: 1.0 | grad norm: 0.066 | number of skipped iterations:   0 | number of nan iterations:   0 |
 [2026-03-27 18:09:25.300543] iteration    86047/  100000 | consumed samples:     88112128 | elapsed time per iteration (ms): 2175.4 | learning rate: 4.328109E-05 | global batch size:  1024 | lm loss: 2.104225E+00 | loss scale: 1.0 | grad norm: 0.057 | number of skipped iterations:   0 | number of nan iterations:   0 |
 [2026-03-27 18:09:27.522103] iteration    86048/  100000 | consumed samples:     88113152 | elapsed time per iteration (ms): 2221.3 | learning rate: 4.327921E-05 | global batch size:  1024 | lm loss: 2.123077E+00 | loss scale: 1.0 | grad norm: 0.066 | number of skipped iterations:   0 | number of nan iterations:   0 |
 [2026-03-27 18:09:29.697023] iteration    86049/  100000 | consumed samples:     88114176 | elapsed time per iteration (ms): 2174.6 | learning rate: 4.327734E-05 | global batch size:  1024 | lm loss: 2.124945E+00 | loss scale: 1.0 | grad norm: 0.068 | number of skipped iterations:   0 | number of nan iterations:   0 |
 [2026-03-27 18:09:31.792676] iteration    86050/  100000 | consumed samples:     88115200 | elapsed time per iteration (ms): 2095.4 | learning rate: 4.327547E-05 | global batch size:  1024 | lm loss: 2.125759E+00 | loss scale: 1.0 | grad norm: 0.066 | number of skipped iterations:   0 | number of nan iterations:   0 |
 [2026-03-27 18:09:33.956102] iteration    86051/  100000 | consumed samples:     88116224 | elapsed time per iteration (ms): 2163.1 | learning rate: 4.327360E-05 | global batch size:  1024 | lm loss: 2.131046E+00 | loss scale: 1.0 | grad norm: 0.065 | number of skipped iterations:   0 | number of nan iterations:   0 |
 [2026-03-27 18:09:36.186570] iteration    86052/  100000 | consumed samples:     88117248 | elapsed time per iteration (ms): 2230.2 | learning rate: 4.327173E-05 | global batch size:  1024 | lm loss: 2.112287E+00 | loss scale: 1.0 | grad norm: 0.061 | number of skipped iterations:   0 | number of nan iterations:   0 |
 [2026-03-27 18:09:38.388855] iteration    86053/  100000 | consumed samples:     88118272 | elapsed time per iteration (ms): 2202.0 | learning rate: 4.326986E-05 | global batch size:  1024 | lm loss: 2.120557E+00 | loss scale: 1.0 | grad norm: 0.063 | number of skipped iterations:   0 | number of nan iterations:   0 |
 [2026-03-27 18:09:40.562097] iteration    86054/  100000 | consumed samples:     88119296 | elapsed time per iteration (ms): 2173.0 | learning rate: 4.326799E-05 | global batch size:  1024 | lm loss: 2.161587E+00 | loss scale: 1.0 | grad norm: 0.063 | number of skipped iterations:   0 | number of nan iterations:   0 |
 [2026-03-27 18:09:42.753099] iteration    86055/  100000 | consumed samples:     88120320 | elapsed time per iteration (ms): 2190.7 | learning rate: 4.326612E-05 | global batch size:  1024 | lm loss: 2.129789E+00 | loss scale: 1.0 | grad norm: 0.066 | number of skipped iterations:   0 | number of nan iterations:   0 |
 [2026-03-27 18:09:44.949769] iteration    86056/  100000 | consumed samples:     88121344 | elapsed time per iteration (ms): 2196.4 | learning rate: 4.326425E-05 | global batch size:  1024 | lm loss: 2.106019E+00 | loss scale: 1.0 | grad norm: 0.068 | number of skipped iterations:   0 | number of nan iterations:   0 |
 [2026-03-27 18:09:47.051698] iteration    86057/  100000 | consumed samples:     88122368 | elapsed time per iteration (ms): 2101.6 | learning rate: 4.326237E-05 | global batch size:  1024 | lm loss: 2.097153E+00 | loss scale: 1.0 | grad norm: 0.061 | number of skipped iterations:   0 | number of nan iterations:   0 |
 [2026-03-27 18:09:49.153520] iteration    86058/  100000 | consumed samples:     88123392 | elapsed time per iteration (ms): 2101.6 | learning rate: 4.326050E-05 | global batch size:  1024 | lm loss: 2.135242E+00 | loss scale: 1.0 | grad norm: 0.067 | number of skipped iterations:   0 | number of nan iterations:   0 |
 [2026-03-27 18:09:51.361723] iteration    86059/  100000 | consumed samples:     88124416 | elapsed time per iteration (ms): 2207.9 | learning rate: 4.325863E-05 | global batch size:  1024 | lm loss: 2.124463E+00 | loss scale: 1.0 | grad norm: 0.067 | number of skipped iterations:   0 | number of nan iterations:   0 |
 [2026-03-27 18:09:53.571617] iteration    86060/  100000 | consumed samples:     88125440 | elapsed time per iteration (ms): 2209.3 | learning rate: 4.325676E-05 | global batch size:  1024 | lm loss: 2.142268E+00 | loss scale: 1.0 | grad norm: 0.065 | number of skipped iterations:   0 | number of nan iterations:   0 |
 [2026-03-27 18:09:55.754545] iteration    86061/  100000 | consumed samples:     88126464 | elapsed time per iteration (ms): 2182.7 | learning rate: 4.325489E-05 | global batch size:  1024 | lm loss: 2.102042E+00 | loss scale: 1.0 | grad norm: 0.073 | number of skipped iterations:   0 | number of nan iterations:   0 |
 [2026-03-27 18:09:57.919577] iteration    86062/  100000 | consumed samples:     88127488 | elapsed time per iteration (ms): 2164.8 | learning rate: 4.325303E-05 | global batch size:  1024 | lm loss: 2.102540E+00 | loss scale: 1.0 | grad norm: 0.073 | number of skipped iterations:   0 | number of nan iterations:   0 |
 [2026-03-27 18:10:00.128820] iteration    86063/  100000 | consumed samples:     88128512 | elapsed time per iteration (ms): 2208.9 | learning rate: 4.325116E-05 | global batch size:  1024 | lm loss: 2.111701E+00 | loss scale: 1.0 | grad norm: 0.074 | number of skipped iterations:   0 | number of nan iterations:   0 |
 [2026-03-27 18:10:02.329555] iteration    86064/  100000 | consumed samples:     88129536 | elapsed time per iteration (ms): 2200.4 | learning rate: 4.324929E-05 | global batch size:  1024 | lm loss: 2.094587E+00 | loss scale: 1.0 | grad norm: 0.072 | number of skipped iterations:   0 | number of nan iterations:   0 |
 [2026-03-27 18:10:04.438529] iteration    86065/  100000 | consumed samples:     88130560 | elapsed time per iteration (ms): 2108.7 | learning rate: 4.324742E-05 | global batch size:  1024 | lm loss: 2.124592E+00 | loss scale: 1.0 | grad norm: 0.065 | number of skipped iterations:   0 | number of nan iterations:   0 |
 [2026-03-27 18:10:06.615490] iteration    86066/  100000 | consumed samples:     88131584 | elapsed time per iteration (ms): 2176.7 | learning rate: 4.324555E-05 | global batch size:  1024 | lm loss: 2.125888E+00 | loss scale: 1.0 | grad norm: 0.076 | number of skipped iterations:   0 | number of nan iterations:   0 |
 [2026-03-27 18:10:08.785355] iteration    86067/  100000 | consumed samples:     88132608 | elapsed time per iteration (ms): 2169.6 | learning rate: 4.324368E-05 | global batch size:  1024 | lm loss: 2.126755E+00 | loss scale: 1.0 | grad norm: 0.071 | number of skipped iterations:   0 | number of nan iterations:   0 |
 [2026-03-27 18:10:10.966763] iteration    86068/  100000 | consumed samples:     88133632 | elapsed time per iteration (ms): 2181.1 | learning rate: 4.324181E-05 | global batch size:  1024 | lm loss: 2.108964E+00 | loss scale: 1.0 | grad norm: 0.061 | number of skipped iterations:   0 | number of nan iterations:   0 |
 [2026-03-27 18:10:13.180614] iteration    86069/  100000 | consumed samples:     88134656 | elapsed time per iteration (ms): 2213.6 | learning rate: 4.323994E-05 | global batch size:  1024 | lm loss: 2.149421E+00 | loss scale: 1.0 | grad norm: 0.081 | number of skipped iterations:   0 | number of nan iterations:   0 |
 [2026-03-27 18:10:15.385194] iteration    86070/  100000 | consumed samples:     88135680 | elapsed time per iteration (ms): 2203.0 | learning rate: 4.323807E-05 | global batch size:  1024 | lm loss: 2.116062E+00 | loss scale: 1.0 | grad norm: 0.080 | number of skipped iterations:   0 | number of nan iterations:   0 |
 [2026-03-27 18:10:17.591868] iteration    86071/  100000 | consumed samples:     88136704 | elapsed time per iteration (ms): 2206.4 | learning rate: 4.323620E-05 | global batch size:  1024 | lm loss: 2.116473E+00 | loss scale: 1.0 | grad norm: 0.062 | number of skipped iterations:   0 | number of nan iterations:   0 |
 [2026-03-27 18:10:19.783578] iteration    86072/  100000 | consumed samples:     88137728 | elapsed time per iteration (ms): 2191.4 | learning rate: 4.323433E-05 | global batch size:  1024 | lm loss: 2.091347E+00 | loss scale: 1.0 | grad norm: 0.085 | number of skipped iterations:   0 | number of nan iterations:   0 |
 [2026-03-27 18:10:21.980529] iteration    86073/  100000 | consumed samples:     88138752 | elapsed time per iteration (ms): 2196.6 | learning rate: 4.323246E-05 | global batch size:  1024 | lm loss: 2.118907E+00 | loss scale: 1.0 | grad norm: 0.081 | number of skipped iterations:   0 | number of nan iterations:   0 |
 [2026-03-27 18:10:24.182373] iteration    86074/  100000 | consumed samples:     88139776 | elapsed time per iteration (ms): 2201.6 | learning rate: 4.323059E-05 | global batch size:  1024 | lm loss: 2.116579E+00 | loss scale: 1.0 | grad norm: 0.060 | number of skipped iterations:   0 | number of nan iterations:   0 |
 [2026-03-27 18:10:26.376373] iteration    86075/  100000 | consumed samples:     88140800 | elapsed time per iteration (ms): 2193.7 | learning rate: 4.322873E-05 | global batch size:  1024 | lm loss: 2.131816E+00 | loss scale: 1.0 | grad norm: 0.085 | number of skipped iterations:   0 | number of nan iterations:   0 |
 [2026-03-27 18:10:28.497566] iteration    86076/  100000 | consumed samples:     88141824 | elapsed time per iteration (ms): 2120.9 | learning rate: 4.322686E-05 | global batch size:  1024 | lm loss: 2.112761E+00 | loss scale: 1.0 | grad norm: 0.080 | number of skipped iterations:   0 | number of nan iterations:   0 |
 [2026-03-27 18:10:30.676389] iteration    86077/  100000 | consumed samples:     88142848 | elapsed time per iteration (ms): 2178.5 | learning rate: 4.322499E-05 | global batch size:  1024 | lm loss: 2.121880E+00 | loss scale: 1.0 | grad norm: 0.065 | number of skipped iterations:   0 | number of nan iterations:   0 |
 [2026-03-27 18:10:32.887275] iteration    86078/  100000 | consumed samples:     88143872 | elapsed time per iteration (ms): 2210.6 | learning rate: 4.322312E-05 | global batch size:  1024 | lm loss: 2.135645E+00 | loss scale: 1.0 | grad norm: 0.084 | number of skipped iterations:   0 | number of nan iterations:   0 |
 [2026-03-27 18:10:35.098482] iteration    86079/  100000 | consumed samples:     88144896 | elapsed time per iteration (ms): 2210.9 | learning rate: 4.322125E-05 | global batch size:  1024 | lm loss: 2.110388E+00 | loss scale: 1.0 | grad norm: 0.081 | number of skipped iterations:   0 | number of nan iterations:   0 |
 [2026-03-27 18:10:37.305550] iteration    86080/  100000 | consumed samples:     88145920 | elapsed time per iteration (ms): 2206.8 | learning rate: 4.321938E-05 | global batch size:  1024 | lm loss: 2.137607E+00 | loss scale: 1.0 | grad norm: 0.063 | number of skipped iterations:   0 | number of nan iterations:   0 |
 [2026-03-27 18:10:39.543793] iteration    86081/  100000 | consumed samples:     88146944 | elapsed time per iteration (ms): 2238.0 | learning rate: 4.321752E-05 | global batch size:  1024 | lm loss: 2.125903E+00 | loss scale: 1.0 | grad norm: 0.088 | number of skipped iterations:   0 | number of nan iterations:   0 |
 [2026-03-27 18:10:41.756709] iteration    86082/  100000 | consumed samples:     88147968 | elapsed time per iteration (ms): 2212.6 | learning rate: 4.321565E-05 | global batch size:  1024 | lm loss: 2.132683E+00 | loss scale: 1.0 | grad norm: 0.073 | number of skipped iterations:   0 | number of nan iterations:   0 |
 [2026-03-27 18:10:43.962862] iteration    86083/  100000 | consumed samples:     88148992 | elapsed time per iteration (ms): 2205.9 | learning rate: 4.321378E-05 | global batch size:  1024 | lm loss: 2.107208E+00 | loss scale: 1.0 | grad norm: 0.064 | number of skipped iterations:   0 | number of nan iterations:   0 |
 [2026-03-27 18:10:46.087001] iteration    86084/  100000 | consumed samples:     88150016 | elapsed time per iteration (ms): 2123.8 | learning rate: 4.321192E-05 | global batch size:  1024 | lm loss: 2.126990E+00 | loss scale: 1.0 | grad norm: 0.085 | number of skipped iterations:   0 | number of nan iterations:   0 |
 [2026-03-27 18:10:48.309433] iteration    86085/  100000 | consumed samples:     88151040 | elapsed time per iteration (ms): 2222.2 | learning rate: 4.321005E-05 | global batch size:  1024 | lm loss: 2.105002E+00 | loss scale: 1.0 | grad norm: 0.073 | number of skipped iterations:   0 | number of nan iterations:   0 |
 [2026-03-27 18:10:50.535976] iteration    86086/  100000 | consumed samples:     88152064 | elapsed time per iteration (ms): 2226.3 | learning rate: 4.320818E-05 | global batch size:  1024 | lm loss: 2.115123E+00 | loss scale: 1.0 | grad norm: 0.068 | number of skipped iterations:   0 | number of nan iterations:   0 |
 [2026-03-27 18:10:52.733605] iteration    86087/  100000 | consumed samples:     88153088 | elapsed time per iteration (ms): 2197.3 | learning rate: 4.320631E-05 | global batch size:  1024 | lm loss: 2.109711E+00 | loss scale: 1.0 | grad norm: 0.087 | number of skipped iterations:   0 | number of nan iterations:   0 |
 [2026-03-27 18:10:54.908885] iteration    86088/  100000 | consumed samples:     88154112 | elapsed time per iteration (ms): 2175.0 | learning rate: 4.320445E-05 | global batch size:  1024 | lm loss: 2.083261E+00 | loss scale: 1.0 | grad norm: 0.073 | number of skipped iterations:   0 | number of nan iterations:   0 |
 [2026-03-27 18:10:57.122082] iteration    86089/  100000 | consumed samples:     88155136 | elapsed time per iteration (ms): 2212.9 | learning rate: 4.320258E-05 | global batch size:  1024 | lm loss: 2.123508E+00 | loss scale: 1.0 | grad norm: 0.065 | number of skipped iterations:   0 | number of nan iterations:   0 |
 [2026-03-27 18:10:59.336457] iteration    86090/  100000 | consumed samples:     88156160 | elapsed time per iteration (ms): 2214.1 | learning rate: 4.320071E-05 | global batch size:  1024 | lm loss: 2.116153E+00 | loss scale: 1.0 | grad norm: 0.082 | number of skipped iterations:   0 | number of nan iterations:   0 |
 [2026-03-27 18:11:01.526872] iteration    86091/  100000 | consumed samples:     88157184 | elapsed time per iteration (ms): 2190.1 | learning rate: 4.319885E-05 | global batch size:  1024 | lm loss: 2.124560E+00 | loss scale: 1.0 | grad norm: 0.072 | number of skipped iterations:   0 | number of nan iterations:   0 |
 [2026-03-27 18:11:03.720200] iteration    86092/  100000 | consumed samples:     88158208 | elapsed time per iteration (ms): 2193.0 | learning rate: 4.319698E-05 | global batch size:  1024 | lm loss: 2.125880E+00 | loss scale: 1.0 | grad norm: 0.063 | number of skipped iterations:   0 | number of nan iterations:   0 |
 [2026-03-27 18:11:05.906646] iteration    86093/  100000 | consumed samples:     88159232 | elapsed time per iteration (ms): 2186.2 | learning rate: 4.319512E-05 | global batch size:  1024 | lm loss: 2.116647E+00 | loss scale: 1.0 | grad norm: 0.086 | number of skipped iterations:   0 | number of nan iterations:   0 |
 [2026-03-27 18:11:08.092381] iteration    86094/  100000 | consumed samples:     88160256 | elapsed time per iteration (ms): 2185.5 | learning rate: 4.319325E-05 | global batch size:  1024 | lm loss: 2.131049E+00 | loss scale: 1.0 | grad norm: 0.075 | number of skipped iterations:   0 | number of nan iterations:   0 |
 [2026-03-27 18:11:10.293113] iteration    86095/  100000 | consumed samples:     88161280 | elapsed time per iteration (ms): 2200.5 | learning rate: 4.319138E-05 | global batch size:  1024 | lm loss: 2.111043E+00 | loss scale: 1.0 | grad norm: 0.063 | number of skipped iterations:   0 | number of nan iterations:   0 |
 [2026-03-27 18:11:12.532778] iteration    86096/  100000 | consumed samples:     88162304 | elapsed time per iteration (ms): 2239.4 | learning rate: 4.318952E-05 | global batch size:  1024 | lm loss: 2.134974E+00 | loss scale: 1.0 | grad norm: 0.083 | number of skipped iterations:   0 | number of nan iterations:   0 |
 [2026-03-27 18:11:14.701155] iteration    86097/  100000 | consumed samples:     88163328 | elapsed time per iteration (ms): 2168.1 | learning rate: 4.318765E-05 | global batch size:  1024 | lm loss: 2.145141E+00 | loss scale: 1.0 | grad norm: 0.077 | number of skipped iterations:   0 | number of nan iterations:   0 |
 [2026-03-27 18:11:16.892703] iteration    86098/  100000 | consumed samples:     88164352 | elapsed time per iteration (ms): 2191.3 | learning rate: 4.318579E-05 | global batch size:  1024 | lm loss: 2.112300E+00 | loss scale: 1.0 | grad norm: 0.067 | number of skipped iterations:   0 | number of nan iterations:   0 |
 [2026-03-27 18:11:19.080460] iteration    86099/  100000 | consumed samples:     88165376 | elapsed time per iteration (ms): 2187.5 | learning rate: 4.318392E-05 | global batch size:  1024 | lm loss: 2.140352E+00 | loss scale: 1.0 | grad norm: 0.078 | number of skipped iterations:   0 | number of nan iterations:   0 |
 [2026-03-27 18:11:21.282453] iteration    86100/  100000 | consumed samples:     88166400 | elapsed time per iteration (ms): 2201.7 | learning rate: 4.318206E-05 | global batch size:  1024 | lm loss: 2.142242E+00 | loss scale: 1.0 | grad norm: 0.072 | number of skipped iterations:   0 | number of nan iterations:   0 |
INFO:megatron.core.timers:(min, max) time across ranks (ms):
    evaluate .......................................: (3740.52, 3741.43)
-------------------------------------------------------------------------------------------------
 validation loss at iteration 86100 | lm loss value: 2.325688E+00 | lm loss PPL: 1.023372E+01 | 
-------------------------------------------------------------------------------------------------
 [2026-03-27 18:11:27.249391] iteration    86101/  100000 | consumed samples:     88167424 | elapsed time per iteration (ms): 2220.6 | learning rate: 4.318019E-05 | global batch size:  1024 | lm loss: 2.117652E+00 | loss scale: 1.0 | grad norm: 0.075 | number of skipped iterations:   0 | number of nan iterations:   0 |
 [2026-03-27 18:11:29.442117] iteration    86102/  100000 | consumed samples:     88168448 | elapsed time per iteration (ms): 2191.9 | learning rate: 4.317833E-05 | global batch size:  1024 | lm loss: 2.117626E+00 | loss scale: 1.0 | grad norm: 0.084 | number of skipped iterations:   0 | number of nan iterations:   0 |
 [2026-03-27 18:11:31.630347] iteration    86103/  100000 | consumed samples:     88169472 | elapsed time per iteration (ms): 2187.9 | learning rate: 4.317646E-05 | global batch size:  1024 | lm loss: 2.091318E+00 | loss scale: 1.0 | grad norm: 0.072 | number of skipped iterations:   0 | number of nan iterations:   0 |
 [2026-03-27 18:11:33.842325] iteration    86104/  100000 | consumed samples:     88170496 | elapsed time per iteration (ms): 2211.7 | learning rate: 4.317460E-05 | global batch size:  1024 | lm loss: 2.129906E+00 | loss scale: 1.0 | grad norm: 0.073 | number of skipped iterations:   0 | number of nan iterations:   0 |
 [2026-03-27 18:11:36.019903] iteration    86105/  100000 | consumed samples:     88171520 | elapsed time per iteration (ms): 2177.3 | learning rate: 4.317273E-05 | global batch size:  1024 | lm loss: 2.102468E+00 | loss scale: 1.0 | grad norm: 0.082 | number of skipped iterations:   0 | number of nan iterations:   0 |
 [2026-03-27 18:11:38.233677] iteration    86106/  100000 | consumed samples:     88172544 | elapsed time per iteration (ms): 2213.5 | learning rate: 4.317087E-05 | global batch size:  1024 | lm loss: 2.121264E+00 | loss scale: 1.0 | grad norm: 0.069 | number of skipped iterations:   0 | number of nan iterations:   0 |
 [2026-03-27 18:11:40.394460] iteration    86107/  100000 | consumed samples:     88173568 | elapsed time per iteration (ms): 2160.5 | learning rate: 4.316900E-05 | global batch size:  1024 | lm loss: 2.129927E+00 | loss scale: 1.0 | grad norm: 0.062 | number of skipped iterations:   0 | number of nan iterations:   0 |
 [2026-03-27 18:11:42.596370] iteration    86108/  100000 | consumed samples:     88174592 | elapsed time per iteration (ms): 2201.6 | learning rate: 4.316714E-05 | global batch size:  1024 | lm loss: 2.121369E+00 | loss scale: 1.0 | grad norm: 0.076 | number of skipped iterations:   0 | number of nan iterations:   0 |
 [2026-03-27 18:11:44.696265] iteration    86109/  100000 | consumed samples:     88175616 | elapsed time per iteration (ms): 2099.6 | learning rate: 4.316527E-05 | global batch size:  1024 | lm loss: 2.126320E+00 | loss scale: 1.0 | grad norm: 0.073 | number of skipped iterations:   0 | number of nan iterations:   0 |
 [2026-03-27 18:11:46.945778] iteration    86110/  100000 | consumed samples:     88176640 | elapsed time per iteration (ms): 2249.2 | learning rate: 4.316341E-05 | global batch size:  1024 | lm loss: 2.149588E+00 | loss scale: 1.0 | grad norm: 0.068 | number of skipped iterations:   0 | number of nan iterations:   0 |
 [2026-03-27 18:11:49.038932] iteration    86111/  100000 | consumed samples:     88177664 | elapsed time per iteration (ms): 2092.9 | learning rate: 4.316155E-05 | global batch size:  1024 | lm loss: 2.103288E+00 | loss scale: 1.0 | grad norm: 0.078 | number of skipped iterations:   0 | number of nan iterations:   0 |
 [2026-03-27 18:11:51.227304] iteration    86112/  100000 | consumed samples:     88178688 | elapsed time per iteration (ms): 2188.1 | learning rate: 4.315968E-05 | global batch size:  1024 | lm loss: 2.130001E+00 | loss scale: 1.0 | grad norm: 0.083 | number of skipped iterations:   0 | number of nan iterations:   0 |
 [2026-03-27 18:11:53.350765] iteration    86113/  100000 | consumed samples:     88179712 | elapsed time per iteration (ms): 2123.2 | learning rate: 4.315782E-05 | global batch size:  1024 | lm loss: 2.125248E+00 | loss scale: 1.0 | grad norm: 0.075 | number of skipped iterations:   0 | number of nan iterations:   0 |
 [2026-03-27 18:11:55.535385] iteration    86114/  100000 | consumed samples:     88180736 | elapsed time per iteration (ms): 2184.3 | learning rate: 4.315596E-05 | global batch size:  1024 | lm loss: 2.118035E+00 | loss scale: 1.0 | grad norm: 0.076 | number of skipped iterations:   0 | number of nan iterations:   0 |
 [2026-03-27 18:11:57.770063] iteration    86115/  100000 | consumed samples:     88181760 | elapsed time per iteration (ms): 2234.4 | learning rate: 4.315409E-05 | global batch size:  1024 | lm loss: 2.119423E+00 | loss scale: 1.0 | grad norm: 0.075 | number of skipped iterations:   0 | number of nan iterations:   0 |
 [2026-03-27 18:11:59.945798] iteration    86116/  100000 | consumed samples:     88182784 | elapsed time per iteration (ms): 2175.4 | learning rate: 4.315223E-05 | global batch size:  1024 | lm loss: 2.137647E+00 | loss scale: 1.0 | grad norm: 0.076 | number of skipped iterations:   0 | number of nan iterations:   0 |
 [2026-03-27 18:12:02.078551] iteration    86117/  100000 | consumed samples:     88183808 | elapsed time per iteration (ms): 2132.5 | learning rate: 4.315036E-05 | global batch size:  1024 | lm loss: 2.117605E+00 | loss scale: 1.0 | grad norm: 0.075 | number of skipped iterations:   0 | number of nan iterations:   0 |
 [2026-03-27 18:12:04.310312] iteration    86118/  100000 | consumed samples:     88184832 | elapsed time per iteration (ms): 2231.5 | learning rate: 4.314850E-05 | global batch size:  1024 | lm loss: 2.115215E+00 | loss scale: 1.0 | grad norm: 0.079 | number of skipped iterations:   0 | number of nan iterations:   0 |
 [2026-03-27 18:12:06.484667] iteration    86119/  100000 | consumed samples:     88185856 | elapsed time per iteration (ms): 2174.1 | learning rate: 4.314664E-05 | global batch size:  1024 | lm loss: 2.135232E+00 | loss scale: 1.0 | grad norm: 0.081 | number of skipped iterations:   0 | number of nan iterations:   0 |
 [2026-03-27 18:12:08.683942] iteration    86120/  100000 | consumed samples:     88186880 | elapsed time per iteration (ms): 2199.0 | learning rate: 4.314478E-05 | global batch size:  1024 | lm loss: 2.140054E+00 | loss scale: 1.0 | grad norm: 0.066 | number of skipped iterations:   0 | number of nan iterations:   0 |
 [2026-03-27 18:12:10.804749] iteration    86121/  100000 | consumed samples:     88187904 | elapsed time per iteration (ms): 2120.5 | learning rate: 4.314291E-05 | global batch size:  1024 | lm loss: 2.132393E+00 | loss scale: 1.0 | grad norm: 0.072 | number of skipped iterations:   0 | number of nan iterations:   0 |
 [2026-03-27 18:12:12.929691] iteration    86122/  100000 | consumed samples:     88188928 | elapsed time per iteration (ms): 2124.7 | learning rate: 4.314105E-05 | global batch size:  1024 | lm loss: 2.146047E+00 | loss scale: 1.0 | grad norm: 0.085 | number of skipped iterations:   0 | number of nan iterations:   0 |
 [2026-03-27 18:12:15.045735] iteration    86123/  100000 | consumed samples:     88189952 | elapsed time per iteration (ms): 2115.7 | learning rate: 4.313919E-05 | global batch size:  1024 | lm loss: 2.083237E+00 | loss scale: 1.0 | grad norm: 0.064 | number of skipped iterations:   0 | number of nan iterations:   0 |
 [2026-03-27 18:12:17.234881] iteration    86124/  100000 | consumed samples:     88190976 | elapsed time per iteration (ms): 2188.9 | learning rate: 4.313733E-05 | global batch size:  1024 | lm loss: 2.146005E+00 | loss scale: 1.0 | grad norm: 0.071 | number of skipped iterations:   0 | number of nan iterations:   0 |
 [2026-03-27 18:12:19.354534] iteration    86125/  100000 | consumed samples:     88192000 | elapsed time per iteration (ms): 2119.4 | learning rate: 4.313546E-05 | global batch size:  1024 | lm loss: 2.132910E+00 | loss scale: 1.0 | grad norm: 0.072 | number of skipped iterations:   0 | number of nan iterations:   0 |
 [2026-03-27 18:12:21.520332] iteration    86126/  100000 | consumed samples:     88193024 | elapsed time per iteration (ms): 2165.5 | learning rate: 4.313360E-05 | global batch size:  1024 | lm loss: 2.127486E+00 | loss scale: 1.0 | grad norm: 0.068 | number of skipped iterations:   0 | number of nan iterations:   0 |
 [2026-03-27 18:12:23.730468] iteration    86127/  100000 | consumed samples:     88194048 | elapsed time per iteration (ms): 2209.8 | learning rate: 4.313174E-05 | global batch size:  1024 | lm loss: 2.118007E+00 | loss scale: 1.0 | grad norm: 0.076 | number of skipped iterations:   0 | number of nan iterations:   0 |
 [2026-03-27 18:12:25.942703] iteration    86128/  100000 | consumed samples:     88195072 | elapsed time per iteration (ms): 2212.0 | learning rate: 4.312988E-05 | global batch size:  1024 | lm loss: 2.131746E+00 | loss scale: 1.0 | grad norm: 0.075 | number of skipped iterations:   0 | number of nan iterations:   0 |
 [2026-03-27 18:12:28.068658] iteration    86129/  100000 | consumed samples:     88196096 | elapsed time per iteration (ms): 2125.7 | learning rate: 4.312802E-05 | global batch size:  1024 | lm loss: 2.072876E+00 | loss scale: 1.0 | grad norm: 0.063 | number of skipped iterations:   0 | number of nan iterations:   0 |
 [2026-03-27 18:12:30.284634] iteration    86130/  100000 | consumed samples:     88197120 | elapsed time per iteration (ms): 2215.7 | learning rate: 4.312616E-05 | global batch size:  1024 | lm loss: 2.128081E+00 | loss scale: 1.0 | grad norm: 0.083 | number of skipped iterations:   0 | number of nan iterations:   0 |
 [2026-03-27 18:12:32.457826] iteration    86131/  100000 | consumed samples:     88198144 | elapsed time per iteration (ms): 2172.9 | learning rate: 4.312430E-05 | global batch size:  1024 | lm loss: 2.129150E+00 | loss scale: 1.0 | grad norm: 0.080 | number of skipped iterations:   0 | number of nan iterations:   0 |
 [2026-03-27 18:12:34.688663] iteration    86132/  100000 | consumed samples:     88199168 | elapsed time per iteration (ms): 2230.5 | learning rate: 4.312243E-05 | global batch size:  1024 | lm loss: 2.119081E+00 | loss scale: 1.0 | grad norm: 0.064 | number of skipped iterations:   0 | number of nan iterations:   0 |
 [2026-03-27 18:12:36.786263] iteration    86133/  100000 | consumed samples:     88200192 | elapsed time per iteration (ms): 2097.3 | learning rate: 4.312057E-05 | global batch size:  1024 | lm loss: 2.112923E+00 | loss scale: 1.0 | grad norm: 0.087 | number of skipped iterations:   0 | number of nan iterations:   0 |
 [2026-03-27 18:12:38.956071] iteration    86134/  100000 | consumed samples:     88201216 | elapsed time per iteration (ms): 2169.5 | learning rate: 4.311871E-05 | global batch size:  1024 | lm loss: 2.114254E+00 | loss scale: 1.0 | grad norm: 0.077 | number of skipped iterations:   0 | number of nan iterations:   0 |
 [2026-03-27 18:12:41.151116] iteration    86135/  100000 | consumed samples:     88202240 | elapsed time per iteration (ms): 2194.8 | learning rate: 4.311685E-05 | global batch size:  1024 | lm loss: 2.129935E+00 | loss scale: 1.0 | grad norm: 0.066 | number of skipped iterations:   0 | number of nan iterations:   0 |
 [2026-03-27 18:12:43.346723] iteration    86136/  100000 | consumed samples:     88203264 | elapsed time per iteration (ms): 2195.3 | learning rate: 4.311499E-05 | global batch size:  1024 | lm loss: 2.128954E+00 | loss scale: 1.0 | grad norm: 0.079 | number of skipped iterations:   0 | number of nan iterations:   0 |
 [2026-03-27 18:12:45.457161] iteration    86137/  100000 | consumed samples:     88204288 | elapsed time per iteration (ms): 2110.2 | learning rate: 4.311313E-05 | global batch size:  1024 | lm loss: 2.143207E+00 | loss scale: 1.0 | grad norm: 0.075 | number of skipped iterations:   0 | number of nan iterations:   0 |
 [2026-03-27 18:12:47.629564] iteration    86138/  100000 | consumed samples:     88205312 | elapsed time per iteration (ms): 2172.1 | learning rate: 4.311127E-05 | global batch size:  1024 | lm loss: 2.133466E+00 | loss scale: 1.0 | grad norm: 0.064 | number of skipped iterations:   0 | number of nan iterations:   0 |
 [2026-03-27 18:12:49.862381] iteration    86139/  100000 | consumed samples:     88206336 | elapsed time per iteration (ms): 2232.5 | learning rate: 4.310941E-05 | global batch size:  1024 | lm loss: 2.132952E+00 | loss scale: 1.0 | grad norm: 0.075 | number of skipped iterations:   0 | number of nan iterations:   0 |
 [2026-03-27 18:12:52.082286] iteration    86140/  100000 | consumed samples:     88207360 | elapsed time per iteration (ms): 2219.6 | learning rate: 4.310755E-05 | global batch size:  1024 | lm loss: 2.163312E+00 | loss scale: 1.0 | grad norm: 0.071 | number of skipped iterations:   0 | number of nan iterations:   0 |
 [2026-03-27 18:12:54.182537] iteration    86141/  100000 | consumed samples:     88208384 | elapsed time per iteration (ms): 2100.0 | learning rate: 4.310569E-05 | global batch size:  1024 | lm loss: 2.108715E+00 | loss scale: 1.0 | grad norm: 0.073 | number of skipped iterations:   0 | number of nan iterations:   0 |
 [2026-03-27 18:12:56.366336] iteration    86142/  100000 | consumed samples:     88209408 | elapsed time per iteration (ms): 2183.5 | learning rate: 4.310383E-05 | global batch size:  1024 | lm loss: 2.140694E+00 | loss scale: 1.0 | grad norm: 0.078 | number of skipped iterations:   0 | number of nan iterations:   0 |
 [2026-03-27 18:12:58.574469] iteration    86143/  100000 | consumed samples:     88210432 | elapsed time per iteration (ms): 2207.8 | learning rate: 4.310197E-05 | global batch size:  1024 | lm loss: 2.119586E+00 | loss scale: 1.0 | grad norm: 0.068 | number of skipped iterations:   0 | number of nan iterations:   0 |
 [2026-03-27 18:13:00.790016] iteration    86144/  100000 | consumed samples:     88211456 | elapsed time per iteration (ms): 2215.3 | learning rate: 4.310011E-05 | global batch size:  1024 | lm loss: 2.118169E+00 | loss scale: 1.0 | grad norm: 0.083 | number of skipped iterations:   0 | number of nan iterations:   0 |
 [2026-03-27 18:13:02.889070] iteration    86145/  100000 | consumed samples:     88212480 | elapsed time per iteration (ms): 2098.8 | learning rate: 4.309825E-05 | global batch size:  1024 | lm loss: 2.106291E+00 | loss scale: 1.0 | grad norm: 0.075 | number of skipped iterations:   0 | number of nan iterations:   0 |
 [2026-03-27 18:13:05.115365] iteration    86146/  100000 | consumed samples:     88213504 | elapsed time per iteration (ms): 2226.0 | learning rate: 4.309639E-05 | global batch size:  1024 | lm loss: 2.098450E+00 | loss scale: 1.0 | grad norm: 0.071 | number of skipped iterations:   0 | number of nan iterations:   0 |
 [2026-03-27 18:13:07.276215] iteration    86147/  100000 | consumed samples:     88214528 | elapsed time per iteration (ms): 2160.6 | learning rate: 4.309453E-05 | global batch size:  1024 | lm loss: 2.139257E+00 | loss scale: 1.0 | grad norm: 0.079 | number of skipped iterations:   0 | number of nan iterations:   0 |
 [2026-03-27 18:13:09.475592] iteration    86148/  100000 | consumed samples:     88215552 | elapsed time per iteration (ms): 2199.1 | learning rate: 4.309267E-05 | global batch size:  1024 | lm loss: 2.141804E+00 | loss scale: 1.0 | grad norm: 0.078 | number of skipped iterations:   0 | number of nan iterations:   0 |
 [2026-03-27 18:13:11.581703] iteration    86149/  100000 | consumed samples:     88216576 | elapsed time per iteration (ms): 2105.2 | learning rate: 4.309081E-05 | global batch size:  1024 | lm loss: 2.123648E+00 | loss scale: 1.0 | grad norm: 0.067 | number of skipped iterations:   0 | number of nan iterations:   0 |
 [2026-03-27 18:13:13.766547] iteration    86150/  100000 | consumed samples:     88217600 | elapsed time per iteration (ms): 2184.5 | learning rate: 4.308895E-05 | global batch size:  1024 | lm loss: 2.133269E+00 | loss scale: 1.0 | grad norm: 0.080 | number of skipped iterations:   0 | number of nan iterations:   0 |
 [2026-03-27 18:13:15.993516] iteration    86151/  100000 | consumed samples:     88218624 | elapsed time per iteration (ms): 2226.7 | learning rate: 4.308709E-05 | global batch size:  1024 | lm loss: 2.135361E+00 | loss scale: 1.0 | grad norm: 0.081 | number of skipped iterations:   0 | number of nan iterations:   0 |
 [2026-03-27 18:13:18.175233] iteration    86152/  100000 | consumed samples:     88219648 | elapsed time per iteration (ms): 2181.4 | learning rate: 4.308523E-05 | global batch size:  1024 | lm loss: 2.153966E+00 | loss scale: 1.0 | grad norm: 0.071 | number of skipped iterations:   0 | number of nan iterations:   0 |
 [2026-03-27 18:13:20.280805] iteration    86153/  100000 | consumed samples:     88220672 | elapsed time per iteration (ms): 2105.3 | learning rate: 4.308338E-05 | global batch size:  1024 | lm loss: 2.116366E+00 | loss scale: 1.0 | grad norm: 0.088 | number of skipped iterations:   0 | number of nan iterations:   0 |
 [2026-03-27 18:13:22.493528] iteration    86154/  100000 | consumed samples:     88221696 | elapsed time per iteration (ms): 2212.4 | learning rate: 4.308152E-05 | global batch size:  1024 | lm loss: 2.142862E+00 | loss scale: 1.0 | grad norm: 0.079 | number of skipped iterations:   0 | number of nan iterations:   0 |
 [2026-03-27 18:13:24.696484] iteration    86155/  100000 | consumed samples:     88222720 | elapsed time per iteration (ms): 2202.6 | learning rate: 4.307966E-05 | global batch size:  1024 | lm loss: 2.129567E+00 | loss scale: 1.0 | grad norm: 0.071 | number of skipped iterations:   0 | number of nan iterations:   0 |
 [2026-03-27 18:13:26.825842] iteration    86156/  100000 | consumed samples:     88223744 | elapsed time per iteration (ms): 2129.1 | learning rate: 4.307780E-05 | global batch size:  1024 | lm loss: 2.077410E+00 | loss scale: 1.0 | grad norm: 0.076 | number of skipped iterations:   0 | number of nan iterations:   0 |
 [2026-03-27 18:13:29.008435] iteration    86157/  100000 | consumed samples:     88224768 | elapsed time per iteration (ms): 2182.3 | learning rate: 4.307594E-05 | global batch size:  1024 | lm loss: 2.120387E+00 | loss scale: 1.0 | grad norm: 0.085 | number of skipped iterations:   0 | number of nan iterations:   0 |
 [2026-03-27 18:13:31.196574] iteration    86158/  100000 | consumed samples:     88225792 | elapsed time per iteration (ms): 2187.8 | learning rate: 4.307408E-05 | global batch size:  1024 | lm loss: 2.144303E+00 | loss scale: 1.0 | grad norm: 0.072 | number of skipped iterations:   0 | number of nan iterations:   0 |
 [2026-03-27 18:13:33.400962] iteration    86159/  100000 | consumed samples:     88226816 | elapsed time per iteration (ms): 2204.1 | learning rate: 4.307222E-05 | global batch size:  1024 | lm loss: 2.144218E+00 | loss scale: 1.0 | grad norm: 0.075 | number of skipped iterations:   0 | number of nan iterations:   0 |
 [2026-03-27 18:13:35.591762] iteration    86160/  100000 | consumed samples:     88227840 | elapsed time per iteration (ms): 2190.5 | learning rate: 4.307037E-05 | global batch size:  1024 | lm loss: 2.120642E+00 | loss scale: 1.0 | grad norm: 0.080 | number of skipped iterations:   0 | number of nan iterations:   0 |
 [2026-03-27 18:13:37.800089] iteration    86161/  100000 | consumed samples:     88228864 | elapsed time per iteration (ms): 2208.0 | learning rate: 4.306851E-05 | global batch size:  1024 | lm loss: 2.157087E+00 | loss scale: 1.0 | grad norm: 0.076 | number of skipped iterations:   0 | number of nan iterations:   0 |
 [2026-03-27 18:13:40.008354] iteration    86162/  100000 | consumed samples:     88229888 | elapsed time per iteration (ms): 2208.0 | learning rate: 4.306666E-05 | global batch size:  1024 | lm loss: 2.139534E+00 | loss scale: 1.0 | grad norm: 0.072 | number of skipped iterations:   0 | number of nan iterations:   0 |
 [2026-03-27 18:13:42.207707] iteration    86163/  100000 | consumed samples:     88230912 | elapsed time per iteration (ms): 2199.1 | learning rate: 4.306480E-05 | global batch size:  1024 | lm loss: 2.108726E+00 | loss scale: 1.0 | grad norm: 0.073 | number of skipped iterations:   0 | number of nan iterations:   0 |
 [2026-03-27 18:13:44.404881] iteration    86164/  100000 | consumed samples:     88231936 | elapsed time per iteration (ms): 2196.8 | learning rate: 4.306294E-05 | global batch size:  1024 | lm loss: 2.118751E+00 | loss scale: 1.0 | grad norm: 0.068 | number of skipped iterations:   0 | number of nan iterations:   0 |
 [2026-03-27 18:13:46.591587] iteration    86165/  100000 | consumed samples:     88232960 | elapsed time per iteration (ms): 2186.4 | learning rate: 4.306108E-05 | global batch size:  1024 | lm loss: 2.160732E+00 | loss scale: 1.0 | grad norm: 0.071 | number of skipped iterations:   0 | number of nan iterations:   0 |
 [2026-03-27 18:13:48.802803] iteration    86166/  100000 | consumed samples:     88233984 | elapsed time per iteration (ms): 2210.9 | learning rate: 4.305923E-05 | global batch size:  1024 | lm loss: 2.126562E+00 | loss scale: 1.0 | grad norm: 0.076 | number of skipped iterations:   0 | number of nan iterations:   0 |
 [2026-03-27 18:13:50.975988] iteration    86167/  100000 | consumed samples:     88235008 | elapsed time per iteration (ms): 2172.9 | learning rate: 4.305737E-05 | global batch size:  1024 | lm loss: 2.130005E+00 | loss scale: 1.0 | grad norm: 0.063 | number of skipped iterations:   0 | number of nan iterations:   0 |
 [2026-03-27 18:13:53.154778] iteration    86168/  100000 | consumed samples:     88236032 | elapsed time per iteration (ms): 2178.5 | learning rate: 4.305551E-05 | global batch size:  1024 | lm loss: 2.129295E+00 | loss scale: 1.0 | grad norm: 0.068 | number of skipped iterations:   0 | number of nan iterations:   0 |
 [2026-03-27 18:13:55.376164] iteration    86169/  100000 | consumed samples:     88237056 | elapsed time per iteration (ms): 2221.1 | learning rate: 4.305365E-05 | global batch size:  1024 | lm loss: 2.142469E+00 | loss scale: 1.0 | grad norm: 0.083 | number of skipped iterations:   0 | number of nan iterations:   0 |
 [2026-03-27 18:13:57.677279] iteration    86170/  100000 | consumed samples:     88238080 | elapsed time per iteration (ms): 2300.8 | learning rate: 4.305180E-05 | global batch size:  1024 | lm loss: 2.142331E+00 | loss scale: 1.0 | grad norm: 0.070 | number of skipped iterations:   0 | number of nan iterations:   0 |
 [2026-03-27 18:13:59.903795] iteration    86171/  100000 | consumed samples:     88239104 | elapsed time per iteration (ms): 2226.2 | learning rate: 4.304994E-05 | global batch size:  1024 | lm loss: 2.130149E+00 | loss scale: 1.0 | grad norm: 0.069 | number of skipped iterations:   0 | number of nan iterations:   0 |
 [2026-03-27 18:14:02.099595] iteration    86172/  100000 | consumed samples:     88240128 | elapsed time per iteration (ms): 2195.5 | learning rate: 4.304809E-05 | global batch size:  1024 | lm loss: 2.144198E+00 | loss scale: 1.0 | grad norm: 0.078 | number of skipped iterations:   0 | number of nan iterations:   0 |
 [2026-03-27 18:14:04.297412] iteration    86173/  100000 | consumed samples:     88241152 | elapsed time per iteration (ms): 2197.5 | learning rate: 4.304623E-05 | global batch size:  1024 | lm loss: 2.129963E+00 | loss scale: 1.0 | grad norm: 0.072 | number of skipped iterations:   0 | number of nan iterations:   0 |
 [2026-03-27 18:14:06.520930] iteration    86174/  100000 | consumed samples:     88242176 | elapsed time per iteration (ms): 2223.2 | learning rate: 4.304437E-05 | global batch size:  1024 | lm loss: 2.099189E+00 | loss scale: 1.0 | grad norm: 0.069 | number of skipped iterations:   0 | number of nan iterations:   0 |
 [2026-03-27 18:14:08.734945] iteration    86175/  100000 | consumed samples:     88243200 | elapsed time per iteration (ms): 2213.0 | learning rate: 4.304252E-05 | global batch size:  1024 | lm loss: 2.127265E+00 | loss scale: 1.0 | grad norm: 0.072 | number of skipped iterations:   0 | number of nan iterations:   0 |
 [2026-03-27 18:14:10.936968] iteration    86176/  100000 | consumed samples:     88244224 | elapsed time per iteration (ms): 2201.7 | learning rate: 4.304066E-05 | global batch size:  1024 | lm loss: 2.138586E+00 | loss scale: 1.0 | grad norm: 0.071 | number of skipped iterations:   0 | number of nan iterations:   0 |
 [2026-03-27 18:14:13.050441] iteration    86177/  100000 | consumed samples:     88245248 | elapsed time per iteration (ms): 2113.2 | learning rate: 4.303881E-05 | global batch size:  1024 | lm loss: 2.131369E+00 | loss scale: 1.0 | grad norm: 0.073 | number of skipped iterations:   0 | number of nan iterations:   0 |
 [2026-03-27 18:14:15.240050] iteration    86178/  100000 | consumed samples:     88246272 | elapsed time per iteration (ms): 2189.3 | learning rate: 4.303695E-05 | global batch size:  1024 | lm loss: 2.117872E+00 | loss scale: 1.0 | grad norm: 0.073 | number of skipped iterations:   0 | number of nan iterations:   0 |
 [2026-03-27 18:14:17.344052] iteration    86179/  100000 | consumed samples:     88247296 | elapsed time per iteration (ms): 2103.3 | learning rate: 4.303510E-05 | global batch size:  1024 | lm loss: 2.107368E+00 | loss scale: 1.0 | grad norm: 0.069 | number of skipped iterations:   0 | number of nan iterations:   0 |
 [2026-03-27 18:14:19.514402] iteration    86180/  100000 | consumed samples:     88248320 | elapsed time per iteration (ms): 2170.1 | learning rate: 4.303324E-05 | global batch size:  1024 | lm loss: 2.091119E+00 | loss scale: 1.0 | grad norm: 0.064 | number of skipped iterations:   0 | number of nan iterations:   0 |
 [2026-03-27 18:14:21.698121] iteration    86181/  100000 | consumed samples:     88249344 | elapsed time per iteration (ms): 2183.3 | learning rate: 4.303138E-05 | global batch size:  1024 | lm loss: 2.112788E+00 | loss scale: 1.0 | grad norm: 0.066 | number of skipped iterations:   0 | number of nan iterations:   0 |
 [2026-03-27 18:14:23.910674] iteration    86182/  100000 | consumed samples:     88250368 | elapsed time per iteration (ms): 2212.3 | learning rate: 4.302953E-05 | global batch size:  1024 | lm loss: 2.104098E+00 | loss scale: 1.0 | grad norm: 0.070 | number of skipped iterations:   0 | number of nan iterations:   0 |
 [2026-03-27 18:14:26.218720] iteration    86183/  100000 | consumed samples:     88251392 | elapsed time per iteration (ms): 2307.8 | learning rate: 4.302767E-05 | global batch size:  1024 | lm loss: 2.150504E+00 | loss scale: 1.0 | grad norm: 0.068 | number of skipped iterations:   0 | number of nan iterations:   0 |
 [2026-03-27 18:14:28.419405] iteration    86184/  100000 | consumed samples:     88252416 | elapsed time per iteration (ms): 2200.4 | learning rate: 4.302582E-05 | global batch size:  1024 | lm loss: 2.143849E+00 | loss scale: 1.0 | grad norm: 0.063 | number of skipped iterations:   0 | number of nan iterations:   0 |
 [2026-03-27 18:14:30.613626] iteration    86185/  100000 | consumed samples:     88253440 | elapsed time per iteration (ms): 2193.9 | learning rate: 4.302397E-05 | global batch size:  1024 | lm loss: 2.113749E+00 | loss scale: 1.0 | grad norm: 0.070 | number of skipped iterations:   0 | number of nan iterations:   0 |
 [2026-03-27 18:14:32.890531] iteration    86186/  100000 | consumed samples:     88254464 | elapsed time per iteration (ms): 2276.6 | learning rate: 4.302211E-05 | global batch size:  1024 | lm loss: 2.105354E+00 | loss scale: 1.0 | grad norm: 0.070 | number of skipped iterations:   0 | number of nan iterations:   0 |
 [2026-03-27 18:14:35.185386] iteration    86187/  100000 | consumed samples:     88255488 | elapsed time per iteration (ms): 2294.6 | learning rate: 4.302026E-05 | global batch size:  1024 | lm loss: 2.100814E+00 | loss scale: 1.0 | grad norm: 0.066 | number of skipped iterations:   0 | number of nan iterations:   0 |
 [2026-03-27 18:14:37.371050] iteration    86188/  100000 | consumed samples:     88256512 | elapsed time per iteration (ms): 2185.4 | learning rate: 4.301840E-05 | global batch size:  1024 | lm loss: 2.137787E+00 | loss scale: 1.0 | grad norm: 0.066 | number of skipped iterations:   0 | number of nan iterations:   0 |
 [2026-03-27 18:14:39.559090] iteration    86189/  100000 | consumed samples:     88257536 | elapsed time per iteration (ms): 2187.7 | learning rate: 4.301655E-05 | global batch size:  1024 | lm loss: 2.124048E+00 | loss scale: 1.0 | grad norm: 0.067 | number of skipped iterations:   0 | number of nan iterations:   0 |
 [2026-03-27 18:14:41.748461] iteration    86190/  100000 | consumed samples:     88258560 | elapsed time per iteration (ms): 2189.1 | learning rate: 4.301469E-05 | global batch size:  1024 | lm loss: 2.113452E+00 | loss scale: 1.0 | grad norm: 0.068 | number of skipped iterations:   0 | number of nan iterations:   0 |
 [2026-03-27 18:14:44.056106] iteration    86191/  100000 | consumed samples:     88259584 | elapsed time per iteration (ms): 2307.4 | learning rate: 4.301284E-05 | global batch size:  1024 | lm loss: 2.141336E+00 | loss scale: 1.0 | grad norm: 0.060 | number of skipped iterations:   0 | number of nan iterations:   0 |
 [2026-03-27 18:14:46.242445] iteration    86192/  100000 | consumed samples:     88260608 | elapsed time per iteration (ms): 2186.1 | learning rate: 4.301099E-05 | global batch size:  1024 | lm loss: 2.126161E+00 | loss scale: 1.0 | grad norm: 0.065 | number of skipped iterations:   0 | number of nan iterations:   0 |
 [2026-03-27 18:14:48.432935] iteration    86193/  100000 | consumed samples:     88261632 | elapsed time per iteration (ms): 2190.2 | learning rate: 4.300913E-05 | global batch size:  1024 | lm loss: 2.149924E+00 | loss scale: 1.0 | grad norm: 0.071 | number of skipped iterations:   0 | number of nan iterations:   0 |
 [2026-03-27 18:14:50.590987] iteration    86194/  100000 | consumed samples:     88262656 | elapsed time per iteration (ms): 2157.8 | learning rate: 4.300728E-05 | global batch size:  1024 | lm loss: 2.150993E+00 | loss scale: 1.0 | grad norm: 0.067 | number of skipped iterations:   0 | number of nan iterations:   0 |
 [2026-03-27 18:14:52.881500] iteration    86195/  100000 | consumed samples:     88263680 | elapsed time per iteration (ms): 2290.2 | learning rate: 4.300543E-05 | global batch size:  1024 | lm loss: 2.140250E+00 | loss scale: 1.0 | grad norm: 0.063 | number of skipped iterations:   0 | number of nan iterations:   0 |
 [2026-03-27 18:14:55.070657] iteration    86196/  100000 | consumed samples:     88264704 | elapsed time per iteration (ms): 2188.9 | learning rate: 4.300357E-05 | global batch size:  1024 | lm loss: 2.115302E+00 | loss scale: 1.0 | grad norm: 0.068 | number of skipped iterations:   0 | number of nan iterations:   0 |
 [2026-03-27 18:14:57.188181] iteration    86197/  100000 | consumed samples:     88265728 | elapsed time per iteration (ms): 2117.2 | learning rate: 4.300172E-05 | global batch size:  1024 | lm loss: 2.141082E+00 | loss scale: 1.0 | grad norm: 0.077 | number of skipped iterations:   0 | number of nan iterations:   0 |
 [2026-03-27 18:14:59.411955] iteration    86198/  100000 | consumed samples:     88266752 | elapsed time per iteration (ms): 2223.5 | learning rate: 4.299987E-05 | global batch size:  1024 | lm loss: 2.137509E+00 | loss scale: 1.0 | grad norm: 0.068 | number of skipped iterations:   0 | number of nan iterations:   0 |
 [2026-03-27 18:15:01.708299] iteration    86199/  100000 | consumed samples:     88267776 | elapsed time per iteration (ms): 2296.1 | learning rate: 4.299801E-05 | global batch size:  1024 | lm loss: 2.113728E+00 | loss scale: 1.0 | grad norm: 0.066 | number of skipped iterations:   0 | number of nan iterations:   0 |
 [2026-03-27 18:15:03.913511] iteration    86200/  100000 | consumed samples:     88268800 | elapsed time per iteration (ms): 2204.9 | learning rate: 4.299616E-05 | global batch size:  1024 | lm loss: 2.122531E+00 | loss scale: 1.0 | grad norm: 0.081 | number of skipped iterations:   0 | number of nan iterations:   0 |
INFO:megatron.core.timers:(min, max) time across ranks (ms):
    evaluate .......................................: (3380.97, 3381.85)
-------------------------------------------------------------------------------------------------
 validation loss at iteration 86200 | lm loss value: 2.321987E+00 | lm loss PPL: 1.019592E+01 | 
-------------------------------------------------------------------------------------------------
 [2026-03-27 18:15:09.511721] iteration    86201/  100000 | consumed samples:     88269824 | elapsed time per iteration (ms): 2211.9 | learning rate: 4.299431E-05 | global batch size:  1024 | lm loss: 2.073588E+00 | loss scale: 1.0 | grad norm: 0.070 | number of skipped iterations:   0 | number of nan iterations:   0 |
 [2026-03-27 18:15:11.672921] iteration    86202/  100000 | consumed samples:     88270848 | elapsed time per iteration (ms): 2160.9 | learning rate: 4.299245E-05 | global batch size:  1024 | lm loss: 2.134446E+00 | loss scale: 1.0 | grad norm: 0.063 | number of skipped iterations:   0 | number of nan iterations:   0 |
 [2026-03-27 18:15:14.003167] iteration    86203/  100000 | consumed samples:     88271872 | elapsed time per iteration (ms): 2330.0 | learning rate: 4.299060E-05 | global batch size:  1024 | lm loss: 2.143371E+00 | loss scale: 1.0 | grad norm: 0.072 | number of skipped iterations:   0 | number of nan iterations:   0 |
 [2026-03-27 18:15:16.178370] iteration    86204/  100000 | consumed samples:     88272896 | elapsed time per iteration (ms): 2174.9 | learning rate: 4.298875E-05 | global batch size:  1024 | lm loss: 2.140684E+00 | loss scale: 1.0 | grad norm: 0.068 | number of skipped iterations:   0 | number of nan iterations:   0 |
 [2026-03-27 18:15:18.383306] iteration    86205/  100000 | consumed samples:     88273920 | elapsed time per iteration (ms): 2204.7 | learning rate: 4.298690E-05 | global batch size:  1024 | lm loss: 2.115113E+00 | loss scale: 1.0 | grad norm: 0.068 | number of skipped iterations:   0 | number of nan iterations:   0 |
 [2026-03-27 18:15:20.571781] iteration    86206/  100000 | consumed samples:     88274944 | elapsed time per iteration (ms): 2188.2 | learning rate: 4.298505E-05 | global batch size:  1024 | lm loss: 2.108040E+00 | loss scale: 1.0 | grad norm: 0.068 | number of skipped iterations:   0 | number of nan iterations:   0 |
 [2026-03-27 18:15:22.765247] iteration    86207/  100000 | consumed samples:     88275968 | elapsed time per iteration (ms): 2193.2 | learning rate: 4.298320E-05 | global batch size:  1024 | lm loss: 2.131921E+00 | loss scale: 1.0 | grad norm: 0.067 | number of skipped iterations:   0 | number of nan iterations:   0 |
 [2026-03-27 18:15:24.991086] iteration    86208/  100000 | consumed samples:     88276992 | elapsed time per iteration (ms): 2225.6 | learning rate: 4.298134E-05 | global batch size:  1024 | lm loss: 2.110667E+00 | loss scale: 1.0 | grad norm: 0.078 | number of skipped iterations:   0 | number of nan iterations:   0 |
 [2026-03-27 18:15:27.183687] iteration    86209/  100000 | consumed samples:     88278016 | elapsed time per iteration (ms): 2192.3 | learning rate: 4.297949E-05 | global batch size:  1024 | lm loss: 2.122351E+00 | loss scale: 1.0 | grad norm: 0.066 | number of skipped iterations:   0 | number of nan iterations:   0 |
 [2026-03-27 18:15:29.377866] iteration    86210/  100000 | consumed samples:     88279040 | elapsed time per iteration (ms): 2193.9 | learning rate: 4.297764E-05 | global batch size:  1024 | lm loss: 2.113993E+00 | loss scale: 1.0 | grad norm: 0.062 | number of skipped iterations:   0 | number of nan iterations:   0 |
 [2026-03-27 18:15:31.711188] iteration    86211/  100000 | consumed samples:     88280064 | elapsed time per iteration (ms): 2333.0 | learning rate: 4.297579E-05 | global batch size:  1024 | lm loss: 2.106605E+00 | loss scale: 1.0 | grad norm: 0.073 | number of skipped iterations:   0 | number of nan iterations:   0 |
 [2026-03-27 18:15:33.885565] iteration    86212/  100000 | consumed samples:     88281088 | elapsed time per iteration (ms): 2174.1 | learning rate: 4.297394E-05 | global batch size:  1024 | lm loss: 2.128705E+00 | loss scale: 1.0 | grad norm: 0.072 | number of skipped iterations:   0 | number of nan iterations:   0 |
 [2026-03-27 18:15:36.094824] iteration    86213/  100000 | consumed samples:     88282112 | elapsed time per iteration (ms): 2209.0 | learning rate: 4.297209E-05 | global batch size:  1024 | lm loss: 2.095312E+00 | loss scale: 1.0 | grad norm: 0.060 | number of skipped iterations:   0 | number of nan iterations:   0 |
 [2026-03-27 18:15:38.315427] iteration    86214/  100000 | consumed samples:     88283136 | elapsed time per iteration (ms): 2220.3 | learning rate: 4.297024E-05 | global batch size:  1024 | lm loss: 2.129801E+00 | loss scale: 1.0 | grad norm: 0.067 | number of skipped iterations:   0 | number of nan iterations:   0 |
 [2026-03-27 18:15:40.596224] iteration    86215/  100000 | consumed samples:     88284160 | elapsed time per iteration (ms): 2280.5 | learning rate: 4.296839E-05 | global batch size:  1024 | lm loss: 2.095453E+00 | loss scale: 1.0 | grad norm: 0.071 | number of skipped iterations:   0 | number of nan iterations:   0 |
 [2026-03-27 18:15:42.869361] iteration    86216/  100000 | consumed samples:     88285184 | elapsed time per iteration (ms): 2272.9 | learning rate: 4.296653E-05 | global batch size:  1024 | lm loss: 2.106968E+00 | loss scale: 1.0 | grad norm: 0.069 | number of skipped iterations:   0 | number of nan iterations:   0 |
 [2026-03-27 18:15:45.049207] iteration    86217/  100000 | consumed samples:     88286208 | elapsed time per iteration (ms): 2179.6 | learning rate: 4.296468E-05 | global batch size:  1024 | lm loss: 2.156245E+00 | loss scale: 1.0 | grad norm: 0.069 | number of skipped iterations:   0 | number of nan iterations:   0 |
 [2026-03-27 18:15:47.253885] iteration    86218/  100000 | consumed samples:     88287232 | elapsed time per iteration (ms): 2204.4 | learning rate: 4.296283E-05 | global batch size:  1024 | lm loss: 2.136722E+00 | loss scale: 1.0 | grad norm: 0.072 | number of skipped iterations:   0 | number of nan iterations:   0 |
 [2026-03-27 18:15:49.470290] iteration    86219/  100000 | consumed samples:     88288256 | elapsed time per iteration (ms): 2216.1 | learning rate: 4.296098E-05 | global batch size:  1024 | lm loss: 2.120900E+00 | loss scale: 1.0 | grad norm: 0.067 | number of skipped iterations:   0 | number of nan iterations:   0 |
 [2026-03-27 18:15:51.775962] iteration    86220/  100000 | consumed samples:     88289280 | elapsed time per iteration (ms): 2305.4 | learning rate: 4.295913E-05 | global batch size:  1024 | lm loss: 2.152770E+00 | loss scale: 1.0 | grad norm: 0.068 | number of skipped iterations:   0 | number of nan iterations:   0 |
 [2026-03-27 18:15:53.973622] iteration    86221/  100000 | consumed samples:     88290304 | elapsed time per iteration (ms): 2197.4 | learning rate: 4.295728E-05 | global batch size:  1024 | lm loss: 2.130853E+00 | loss scale: 1.0 | grad norm: 0.069 | number of skipped iterations:   0 | number of nan iterations:   0 |
 [2026-03-27 18:15:56.173248] iteration    86222/  100000 | consumed samples:     88291328 | elapsed time per iteration (ms): 2199.3 | learning rate: 4.295543E-05 | global batch size:  1024 | lm loss: 2.130146E+00 | loss scale: 1.0 | grad norm: 0.065 | number of skipped iterations:   0 | number of nan iterations:   0 |
 [2026-03-27 18:15:58.398513] iteration    86223/  100000 | consumed samples:     88292352 | elapsed time per iteration (ms): 2225.0 | learning rate: 4.295358E-05 | global batch size:  1024 | lm loss: 2.129895E+00 | loss scale: 1.0 | grad norm: 0.070 | number of skipped iterations:   0 | number of nan iterations:   0 |
 [2026-03-27 18:16:00.719639] iteration    86224/  100000 | consumed samples:     88293376 | elapsed time per iteration (ms): 2320.8 | learning rate: 4.295173E-05 | global batch size:  1024 | lm loss: 2.109995E+00 | loss scale: 1.0 | grad norm: 0.080 | number of skipped iterations:   0 | number of nan iterations:   0 |
 [2026-03-27 18:16:02.915514] iteration    86225/  100000 | consumed samples:     88294400 | elapsed time per iteration (ms): 2195.6 | learning rate: 4.294988E-05 | global batch size:  1024 | lm loss: 2.117409E+00 | loss scale: 1.0 | grad norm: 0.065 | number of skipped iterations:   0 | number of nan iterations:   0 |
 [2026-03-27 18:16:05.094207] iteration    86226/  100000 | consumed samples:     88295424 | elapsed time per iteration (ms): 2178.4 | learning rate: 4.294804E-05 | global batch size:  1024 | lm loss: 2.122131E+00 | loss scale: 1.0 | grad norm: 0.071 | number of skipped iterations:   0 | number of nan iterations:   0 |
 [2026-03-27 18:16:07.417517] iteration    86227/  100000 | consumed samples:     88296448 | elapsed time per iteration (ms): 2323.0 | learning rate: 4.294618E-05 | global batch size:  1024 | lm loss: 2.105688E+00 | loss scale: 1.0 | grad norm: 0.074 | number of skipped iterations:   0 | number of nan iterations:   0 |
 [2026-03-27 18:16:09.588048] iteration    86228/  100000 | consumed samples:     88297472 | elapsed time per iteration (ms): 2170.2 | learning rate: 4.294434E-05 | global batch size:  1024 | lm loss: 2.146236E+00 | loss scale: 1.0 | grad norm: 0.065 | number of skipped iterations:   0 | number of nan iterations:   0 |
 [2026-03-27 18:16:11.773599] iteration    86229/  100000 | consumed samples:     88298496 | elapsed time per iteration (ms): 2185.2 | learning rate: 4.294249E-05 | global batch size:  1024 | lm loss: 2.131607E+00 | loss scale: 1.0 | grad norm: 0.070 | number of skipped iterations:   0 | number of nan iterations:   0 |
 [2026-03-27 18:16:13.977909] iteration    86230/  100000 | consumed samples:     88299520 | elapsed time per iteration (ms): 2204.0 | learning rate: 4.294064E-05 | global batch size:  1024 | lm loss: 2.120393E+00 | loss scale: 1.0 | grad norm: 0.080 | number of skipped iterations:   0 | number of nan iterations:   0 |
 [2026-03-27 18:16:16.194008] iteration    86231/  100000 | consumed samples:     88300544 | elapsed time per iteration (ms): 2215.8 | learning rate: 4.293879E-05 | global batch size:  1024 | lm loss: 2.124143E+00 | loss scale: 1.0 | grad norm: 0.069 | number of skipped iterations:   0 | number of nan iterations:   0 |
 [2026-03-27 18:16:18.408938] iteration    86232/  100000 | consumed samples:     88301568 | elapsed time per iteration (ms): 2214.6 | learning rate: 4.293694E-05 | global batch size:  1024 | lm loss: 2.096735E+00 | loss scale: 1.0 | grad norm: 0.076 | number of skipped iterations:   0 | number of nan iterations:   0 |
 [2026-03-27 18:16:20.600492] iteration    86233/  100000 | consumed samples:     88302592 | elapsed time per iteration (ms): 2191.3 | learning rate: 4.293509E-05 | global batch size:  1024 | lm loss: 2.110622E+00 | loss scale: 1.0 | grad norm: 0.079 | number of skipped iterations:   0 | number of nan iterations:   0 |
 [2026-03-27 18:16:22.810060] iteration    86234/  100000 | consumed samples:     88303616 | elapsed time per iteration (ms): 2209.3 | learning rate: 4.293324E-05 | global batch size:  1024 | lm loss: 2.090516E+00 | loss scale: 1.0 | grad norm: 0.064 | number of skipped iterations:   0 | number of nan iterations:   0 |
 [2026-03-27 18:16:24.996664] iteration    86235/  100000 | consumed samples:     88304640 | elapsed time per iteration (ms): 2186.3 | learning rate: 4.293140E-05 | global batch size:  1024 | lm loss: 2.100932E+00 | loss scale: 1.0 | grad norm: 0.072 | number of skipped iterations:   0 | number of nan iterations:   0 |
 [2026-03-27 18:16:27.170246] iteration    86236/  100000 | consumed samples:     88305664 | elapsed time per iteration (ms): 2173.3 | learning rate: 4.292955E-05 | global batch size:  1024 | lm loss: 2.115555E+00 | loss scale: 1.0 | grad norm: 0.079 | number of skipped iterations:   0 | number of nan iterations:   0 |
 [2026-03-27 18:16:29.368001] iteration    86237/  100000 | consumed samples:     88306688 | elapsed time per iteration (ms): 2197.5 | learning rate: 4.292770E-05 | global batch size:  1024 | lm loss: 2.113595E+00 | loss scale: 1.0 | grad norm: 0.063 | number of skipped iterations:   0 | number of nan iterations:   0 |
 [2026-03-27 18:16:31.479640] iteration    86238/  100000 | consumed samples:     88307712 | elapsed time per iteration (ms): 2111.4 | learning rate: 4.292585E-05 | global batch size:  1024 | lm loss: 2.112039E+00 | loss scale: 1.0 | grad norm: 0.076 | number of skipped iterations:   0 | number of nan iterations:   0 |
 [2026-03-27 18:16:33.593060] iteration    86239/  100000 | consumed samples:     88308736 | elapsed time per iteration (ms): 2113.1 | learning rate: 4.292400E-05 | global batch size:  1024 | lm loss: 2.114874E+00 | loss scale: 1.0 | grad norm: 0.078 | number of skipped iterations:   0 | number of nan iterations:   0 |
 [2026-03-27 18:16:35.817356] iteration    86240/  100000 | consumed samples:     88309760 | elapsed time per iteration (ms): 2224.0 | learning rate: 4.292215E-05 | global batch size:  1024 | lm loss: 2.116770E+00 | loss scale: 1.0 | grad norm: 0.059 | number of skipped iterations:   0 | number of nan iterations:   0 |
 [2026-03-27 18:16:38.016465] iteration    86241/  100000 | consumed samples:     88310784 | elapsed time per iteration (ms): 2198.8 | learning rate: 4.292031E-05 | global batch size:  1024 | lm loss: 2.123222E+00 | loss scale: 1.0 | grad norm: 0.080 | number of skipped iterations:   0 | number of nan iterations:   0 |
 [2026-03-27 18:16:40.205452] iteration    86242/  100000 | consumed samples:     88311808 | elapsed time per iteration (ms): 2188.7 | learning rate: 4.291846E-05 | global batch size:  1024 | lm loss: 2.094645E+00 | loss scale: 1.0 | grad norm: 0.065 | number of skipped iterations:   0 | number of nan iterations:   0 |
 [2026-03-27 18:16:42.420298] iteration    86243/  100000 | consumed samples:     88312832 | elapsed time per iteration (ms): 2214.6 | learning rate: 4.291661E-05 | global batch size:  1024 | lm loss: 2.150950E+00 | loss scale: 1.0 | grad norm: 0.065 | number of skipped iterations:   0 | number of nan iterations:   0 |
 [2026-03-27 18:16:44.594327] iteration    86244/  100000 | consumed samples:     88313856 | elapsed time per iteration (ms): 2173.7 | learning rate: 4.291477E-05 | global batch size:  1024 | lm loss: 2.138741E+00 | loss scale: 1.0 | grad norm: 0.072 | number of skipped iterations:   0 | number of nan iterations:   0 |
 [2026-03-27 18:16:46.715296] iteration    86245/  100000 | consumed samples:     88314880 | elapsed time per iteration (ms): 2120.7 | learning rate: 4.291292E-05 | global batch size:  1024 | lm loss: 2.127001E+00 | loss scale: 1.0 | grad norm: 0.060 | number of skipped iterations:   0 | number of nan iterations:   0 |
 [2026-03-27 18:16:48.836453] iteration    86246/  100000 | consumed samples:     88315904 | elapsed time per iteration (ms): 2120.9 | learning rate: 4.291107E-05 | global batch size:  1024 | lm loss: 2.116772E+00 | loss scale: 1.0 | grad norm: 0.066 | number of skipped iterations:   0 | number of nan iterations:   0 |
 [2026-03-27 18:16:50.946382] iteration    86247/  100000 | consumed samples:     88316928 | elapsed time per iteration (ms): 2109.6 | learning rate: 4.290923E-05 | global batch size:  1024 | lm loss: 2.137299E+00 | loss scale: 1.0 | grad norm: 0.070 | number of skipped iterations:   0 | number of nan iterations:   0 |
 [2026-03-27 18:16:53.171678] iteration    86248/  100000 | consumed samples:     88317952 | elapsed time per iteration (ms): 2225.0 | learning rate: 4.290738E-05 | global batch size:  1024 | lm loss: 2.135958E+00 | loss scale: 1.0 | grad norm: 0.061 | number of skipped iterations:   0 | number of nan iterations:   0 |
 [2026-03-27 18:16:55.269098] iteration    86249/  100000 | consumed samples:     88318976 | elapsed time per iteration (ms): 2095.8 | learning rate: 4.290553E-05 | global batch size:  1024 | lm loss: 2.144468E+00 | loss scale: 1.0 | grad norm: 0.062 | number of skipped iterations:   0 | number of nan iterations:   0 |
 [2026-03-27 18:16:57.377533] iteration    86250/  100000 | consumed samples:     88320000 | elapsed time per iteration (ms): 2108.2 | learning rate: 4.290368E-05 | global batch size:  1024 | lm loss: 2.134760E+00 | loss scale: 1.0 | grad norm: 0.074 | number of skipped iterations:   0 | number of nan iterations:   0 |
 [2026-03-27 18:16:59.563629] iteration    86251/  100000 | consumed samples:     88321024 | elapsed time per iteration (ms): 2185.8 | learning rate: 4.290184E-05 | global batch size:  1024 | lm loss: 2.135225E+00 | loss scale: 1.0 | grad norm: 0.061 | number of skipped iterations:   0 | number of nan iterations:   0 |
 [2026-03-27 18:17:01.761191] iteration    86252/  100000 | consumed samples:     88322048 | elapsed time per iteration (ms): 2197.3 | learning rate: 4.289999E-05 | global batch size:  1024 | lm loss: 2.118549E+00 | loss scale: 1.0 | grad norm: 0.076 | number of skipped iterations:   0 | number of nan iterations:   0 |
 [2026-03-27 18:17:03.965662] iteration    86253/  100000 | consumed samples:     88323072 | elapsed time per iteration (ms): 2204.2 | learning rate: 4.289814E-05 | global batch size:  1024 | lm loss: 2.134566E+00 | loss scale: 1.0 | grad norm: 0.066 | number of skipped iterations:   0 | number of nan iterations:   0 |
 [2026-03-27 18:17:06.092357] iteration    86254/  100000 | consumed samples:     88324096 | elapsed time per iteration (ms): 2126.4 | learning rate: 4.289630E-05 | global batch size:  1024 | lm loss: 2.126370E+00 | loss scale: 1.0 | grad norm: 0.067 | number of skipped iterations:   0 | number of nan iterations:   0 |
 [2026-03-27 18:17:08.274581] iteration    86255/  100000 | consumed samples:     88325120 | elapsed time per iteration (ms): 2181.5 | learning rate: 4.289445E-05 | global batch size:  1024 | lm loss: 2.133985E+00 | loss scale: 1.0 | grad norm: 0.068 | number of skipped iterations:   0 | number of nan iterations:   0 |
 [2026-03-27 18:17:10.468622] iteration    86256/  100000 | consumed samples:     88326144 | elapsed time per iteration (ms): 2193.8 | learning rate: 4.289261E-05 | global batch size:  1024 | lm loss: 2.105909E+00 | loss scale: 1.0 | grad norm: 0.065 | number of skipped iterations:   0 | number of nan iterations:   0 |
 [2026-03-27 18:17:12.657552] iteration    86257/  100000 | consumed samples:     88327168 | elapsed time per iteration (ms): 2188.6 | learning rate: 4.289076E-05 | global batch size:  1024 | lm loss: 2.100320E+00 | loss scale: 1.0 | grad norm: 0.068 | number of skipped iterations:   0 | number of nan iterations:   0 |
 [2026-03-27 18:17:14.840007] iteration    86258/  100000 | consumed samples:     88328192 | elapsed time per iteration (ms): 2182.2 | learning rate: 4.288892E-05 | global batch size:  1024 | lm loss: 2.131623E+00 | loss scale: 1.0 | grad norm: 0.067 | number of skipped iterations:   0 | number of nan iterations:   0 |
 [2026-03-27 18:17:17.026369] iteration    86259/  100000 | consumed samples:     88329216 | elapsed time per iteration (ms): 2186.0 | learning rate: 4.288707E-05 | global batch size:  1024 | lm loss: 2.132442E+00 | loss scale: 1.0 | grad norm: 0.066 | number of skipped iterations:   0 | number of nan iterations:   0 |
 [2026-03-27 18:17:19.223958] iteration    86260/  100000 | consumed samples:     88330240 | elapsed time per iteration (ms): 2197.3 | learning rate: 4.288523E-05 | global batch size:  1024 | lm loss: 2.122796E+00 | loss scale: 1.0 | grad norm: 0.068 | number of skipped iterations:   0 | number of nan iterations:   0 |
 [2026-03-27 18:17:21.410862] iteration    86261/  100000 | consumed samples:     88331264 | elapsed time per iteration (ms): 2186.6 | learning rate: 4.288338E-05 | global batch size:  1024 | lm loss: 2.125602E+00 | loss scale: 1.0 | grad norm: 0.063 | number of skipped iterations:   0 | number of nan iterations:   0 |
 [2026-03-27 18:17:23.509096] iteration    86262/  100000 | consumed samples:     88332288 | elapsed time per iteration (ms): 2098.0 | learning rate: 4.288154E-05 | global batch size:  1024 | lm loss: 2.128459E+00 | loss scale: 1.0 | grad norm: 0.063 | number of skipped iterations:   0 | number of nan iterations:   0 |
 [2026-03-27 18:17:25.710430] iteration    86263/  100000 | consumed samples:     88333312 | elapsed time per iteration (ms): 2201.0 | learning rate: 4.287969E-05 | global batch size:  1024 | lm loss: 2.130224E+00 | loss scale: 1.0 | grad norm: 0.075 | number of skipped iterations:   0 | number of nan iterations:   0 |
 [2026-03-27 18:17:27.832304] iteration    86264/  100000 | consumed samples:     88334336 | elapsed time per iteration (ms): 2121.6 | learning rate: 4.287785E-05 | global batch size:  1024 | lm loss: 2.123528E+00 | loss scale: 1.0 | grad norm: 0.061 | number of skipped iterations:   0 | number of nan iterations:   0 |
 [2026-03-27 18:17:30.034611] iteration    86265/  100000 | consumed samples:     88335360 | elapsed time per iteration (ms): 2202.0 | learning rate: 4.287600E-05 | global batch size:  1024 | lm loss: 2.127929E+00 | loss scale: 1.0 | grad norm: 0.074 | number of skipped iterations:   0 | number of nan iterations:   0 |
 [2026-03-27 18:17:32.217177] iteration    86266/  100000 | consumed samples:     88336384 | elapsed time per iteration (ms): 2181.2 | learning rate: 4.287416E-05 | global batch size:  1024 | lm loss: 2.113910E+00 | loss scale: 1.0 | grad norm: 0.073 | number of skipped iterations:   0 | number of nan iterations:   0 |
 [2026-03-27 18:17:34.419364] iteration    86267/  100000 | consumed samples:     88337408 | elapsed time per iteration (ms): 2201.9 | learning rate: 4.287231E-05 | global batch size:  1024 | lm loss: 2.139113E+00 | loss scale: 1.0 | grad norm: 0.059 | number of skipped iterations:   0 | number of nan iterations:   0 |
 [2026-03-27 18:17:36.629009] iteration    86268/  100000 | consumed samples:     88338432 | elapsed time per iteration (ms): 2209.4 | learning rate: 4.287047E-05 | global batch size:  1024 | lm loss: 2.119802E+00 | loss scale: 1.0 | grad norm: 0.084 | number of skipped iterations:   0 | number of nan iterations:   0 |
 [2026-03-27 18:17:38.830315] iteration    86269/  100000 | consumed samples:     88339456 | elapsed time per iteration (ms): 2201.0 | learning rate: 4.286863E-05 | global batch size:  1024 | lm loss: 2.105186E+00 | loss scale: 1.0 | grad norm: 0.073 | number of skipped iterations:   0 | number of nan iterations:   0 |
 [2026-03-27 18:17:40.961842] iteration    86270/  100000 | consumed samples:     88340480 | elapsed time per iteration (ms): 2131.2 | learning rate: 4.286678E-05 | global batch size:  1024 | lm loss: 2.122152E+00 | loss scale: 1.0 | grad norm: 0.064 | number of skipped iterations:   0 | number of nan iterations:   0 |
 [2026-03-27 18:17:43.134624] iteration    86271/  100000 | consumed samples:     88341504 | elapsed time per iteration (ms): 2172.2 | learning rate: 4.286494E-05 | global batch size:  1024 | lm loss: 2.119292E+00 | loss scale: 1.0 | grad norm: 0.080 | number of skipped iterations:   0 | number of nan iterations:   0 |
 [2026-03-27 18:17:45.329137] iteration    86272/  100000 | consumed samples:     88342528 | elapsed time per iteration (ms): 2192.1 | learning rate: 4.286309E-05 | global batch size:  1024 | lm loss: 2.141031E+00 | loss scale: 1.0 | grad norm: 0.067 | number of skipped iterations:   0 | number of nan iterations:   0 |
 [2026-03-27 18:17:47.531937] iteration    86273/  100000 | consumed samples:     88343552 | elapsed time per iteration (ms): 2202.5 | learning rate: 4.286125E-05 | global batch size:  1024 | lm loss: 2.105504E+00 | loss scale: 1.0 | grad norm: 0.069 | number of skipped iterations:   0 | number of nan iterations:   0 |
 [2026-03-27 18:17:49.659876] iteration    86274/  100000 | consumed samples:     88344576 | elapsed time per iteration (ms): 2126.9 | learning rate: 4.285941E-05 | global batch size:  1024 | lm loss: 2.132441E+00 | loss scale: 1.0 | grad norm: 0.079 | number of skipped iterations:   0 | number of nan iterations:   0 |
 [2026-03-27 18:17:51.884569] iteration    86275/  100000 | consumed samples:     88345600 | elapsed time per iteration (ms): 2224.4 | learning rate: 4.285756E-05 | global batch size:  1024 | lm loss: 2.125303E+00 | loss scale: 1.0 | grad norm: 0.061 | number of skipped iterations:   0 | number of nan iterations:   0 |
 [2026-03-27 18:17:54.093594] iteration    86276/  100000 | consumed samples:     88346624 | elapsed time per iteration (ms): 2208.7 | learning rate: 4.285572E-05 | global batch size:  1024 | lm loss: 2.133521E+00 | loss scale: 1.0 | grad norm: 0.074 | number of skipped iterations:   0 | number of nan iterations:   0 |
 [2026-03-27 18:17:56.311736] iteration    86277/  100000 | consumed samples:     88347648 | elapsed time per iteration (ms): 2217.8 | learning rate: 4.285388E-05 | global batch size:  1024 | lm loss: 2.145666E+00 | loss scale: 1.0 | grad norm: 0.083 | number of skipped iterations:   0 | number of nan iterations:   0 |
 [2026-03-27 18:17:58.495245] iteration    86278/  100000 | consumed samples:     88348672 | elapsed time per iteration (ms): 2183.2 | learning rate: 4.285203E-05 | global batch size:  1024 | lm loss: 2.125784E+00 | loss scale: 1.0 | grad norm: 0.058 | number of skipped iterations:   0 | number of nan iterations:   0 |
 [2026-03-27 18:18:00.638575] iteration    86279/  100000 | consumed samples:     88349696 | elapsed time per iteration (ms): 2143.0 | learning rate: 4.285019E-05 | global batch size:  1024 | lm loss: 2.126029E+00 | loss scale: 1.0 | grad norm: 0.085 | number of skipped iterations:   0 | number of nan iterations:   0 |
 [2026-03-27 18:18:02.785371] iteration    86280/  100000 | consumed samples:     88350720 | elapsed time per iteration (ms): 2146.5 | learning rate: 4.284835E-05 | global batch size:  1024 | lm loss: 2.134847E+00 | loss scale: 1.0 | grad norm: 0.084 | number of skipped iterations:   0 | number of nan iterations:   0 |
 [2026-03-27 18:18:04.989743] iteration    86281/  100000 | consumed samples:     88351744 | elapsed time per iteration (ms): 2204.1 | learning rate: 4.284651E-05 | global batch size:  1024 | lm loss: 2.142936E+00 | loss scale: 1.0 | grad norm: 0.063 | number of skipped iterations:   0 | number of nan iterations:   0 |
 [2026-03-27 18:18:07.185352] iteration    86282/  100000 | consumed samples:     88352768 | elapsed time per iteration (ms): 2195.3 | learning rate: 4.284466E-05 | global batch size:  1024 | lm loss: 2.139782E+00 | loss scale: 1.0 | grad norm: 0.085 | number of skipped iterations:   0 | number of nan iterations:   0 |
 [2026-03-27 18:18:09.385171] iteration    86283/  100000 | consumed samples:     88353792 | elapsed time per iteration (ms): 2199.5 | learning rate: 4.284282E-05 | global batch size:  1024 | lm loss: 2.128438E+00 | loss scale: 1.0 | grad norm: 0.078 | number of skipped iterations:   0 | number of nan iterations:   0 |
 [2026-03-27 18:18:11.569430] iteration    86284/  100000 | consumed samples:     88354816 | elapsed time per iteration (ms): 2184.0 | learning rate: 4.284098E-05 | global batch size:  1024 | lm loss: 2.140796E+00 | loss scale: 1.0 | grad norm: 0.062 | number of skipped iterations:   0 | number of nan iterations:   0 |
 [2026-03-27 18:18:13.766365] iteration    86285/  100000 | consumed samples:     88355840 | elapsed time per iteration (ms): 2196.7 | learning rate: 4.283914E-05 | global batch size:  1024 | lm loss: 2.147533E+00 | loss scale: 1.0 | grad norm: 0.086 | number of skipped iterations:   0 | number of nan iterations:   0 |
 [2026-03-27 18:18:15.949973] iteration    86286/  100000 | consumed samples:     88356864 | elapsed time per iteration (ms): 2183.3 | learning rate: 4.283730E-05 | global batch size:  1024 | lm loss: 2.116574E+00 | loss scale: 1.0 | grad norm: 0.073 | number of skipped iterations:   0 | number of nan iterations:   0 |
 [2026-03-27 18:18:18.049955] iteration    86287/  100000 | consumed samples:     88357888 | elapsed time per iteration (ms): 2099.7 | learning rate: 4.283545E-05 | global batch size:  1024 | lm loss: 2.128733E+00 | loss scale: 1.0 | grad norm: 0.064 | number of skipped iterations:   0 | number of nan iterations:   0 |
 [2026-03-27 18:18:20.230963] iteration    86288/  100000 | consumed samples:     88358912 | elapsed time per iteration (ms): 2180.7 | learning rate: 4.283361E-05 | global batch size:  1024 | lm loss: 2.101131E+00 | loss scale: 1.0 | grad norm: 0.080 | number of skipped iterations:   0 | number of nan iterations:   0 |
 [2026-03-27 18:18:22.461661] iteration    86289/  100000 | consumed samples:     88359936 | elapsed time per iteration (ms): 2230.4 | learning rate: 4.283177E-05 | global batch size:  1024 | lm loss: 2.115851E+00 | loss scale: 1.0 | grad norm: 0.071 | number of skipped iterations:   0 | number of nan iterations:   0 |
 [2026-03-27 18:18:24.655365] iteration    86290/  100000 | consumed samples:     88360960 | elapsed time per iteration (ms): 2193.4 | learning rate: 4.282993E-05 | global batch size:  1024 | lm loss: 2.146941E+00 | loss scale: 1.0 | grad norm: 0.067 | number of skipped iterations:   0 | number of nan iterations:   0 |
 [2026-03-27 18:18:26.871787] iteration    86291/  100000 | consumed samples:     88361984 | elapsed time per iteration (ms): 2216.1 | learning rate: 4.282809E-05 | global batch size:  1024 | lm loss: 2.142183E+00 | loss scale: 1.0 | grad norm: 0.080 | number of skipped iterations:   0 | number of nan iterations:   0 |
 [2026-03-27 18:18:29.059817] iteration    86292/  100000 | consumed samples:     88363008 | elapsed time per iteration (ms): 2187.7 | learning rate: 4.282625E-05 | global batch size:  1024 | lm loss: 2.095033E+00 | loss scale: 1.0 | grad norm: 0.176 | number of skipped iterations:   0 | number of nan iterations:   0 |
 [2026-03-27 18:18:31.244797] iteration    86293/  100000 | consumed samples:     88364032 | elapsed time per iteration (ms): 2184.7 | learning rate: 4.282441E-05 | global batch size:  1024 | lm loss: 2.116094E+00 | loss scale: 1.0 | grad norm: 0.069 | number of skipped iterations:   0 | number of nan iterations:   0 |
 [2026-03-27 18:18:33.359832] iteration    86294/  100000 | consumed samples:     88365056 | elapsed time per iteration (ms): 2114.7 | learning rate: 4.282256E-05 | global batch size:  1024 | lm loss: 2.128328E+00 | loss scale: 1.0 | grad norm: 0.071 | number of skipped iterations:   0 | number of nan iterations:   0 |
 [2026-03-27 18:18:35.566177] iteration    86295/  100000 | consumed samples:     88366080 | elapsed time per iteration (ms): 2206.0 | learning rate: 4.282072E-05 | global batch size:  1024 | lm loss: 2.136316E+00 | loss scale: 1.0 | grad norm: 0.060 | number of skipped iterations:   0 | number of nan iterations:   0 |
 [2026-03-27 18:18:37.679719] iteration    86296/  100000 | consumed samples:     88367104 | elapsed time per iteration (ms): 2112.4 | learning rate: 4.281888E-05 | global batch size:  1024 | lm loss: 2.113066E+00 | loss scale: 1.0 | grad norm: 0.087 | number of skipped iterations:   0 | number of nan iterations:   0 |
 [2026-03-27 18:18:39.894252] iteration    86297/  100000 | consumed samples:     88368128 | elapsed time per iteration (ms): 2214.3 | learning rate: 4.281704E-05 | global batch size:  1024 | lm loss: 2.128478E+00 | loss scale: 1.0 | grad norm: 0.086 | number of skipped iterations:   0 | number of nan iterations:   0 |
 [2026-03-27 18:18:42.081284] iteration    86298/  100000 | consumed samples:     88369152 | elapsed time per iteration (ms): 2186.7 | learning rate: 4.281520E-05 | global batch size:  1024 | lm loss: 2.134259E+00 | loss scale: 1.0 | grad norm: 0.070 | number of skipped iterations:   0 | number of nan iterations:   0 |
 [2026-03-27 18:18:44.193059] iteration    86299/  100000 | consumed samples:     88370176 | elapsed time per iteration (ms): 2111.5 | learning rate: 4.281336E-05 | global batch size:  1024 | lm loss: 2.149942E+00 | loss scale: 1.0 | grad norm: 0.081 | number of skipped iterations:   0 | number of nan iterations:   0 |
 [2026-03-27 18:18:46.366457] iteration    86300/  100000 | consumed samples:     88371200 | elapsed time per iteration (ms): 2173.1 | learning rate: 4.281152E-05 | global batch size:  1024 | lm loss: 2.130258E+00 | loss scale: 1.0 | grad norm: 0.066 | number of skipped iterations:   0 | number of nan iterations:   0 |
INFO:megatron.core.timers:(min, max) time across ranks (ms):
    evaluate .......................................: (3382.51, 3383.57)
-------------------------------------------------------------------------------------------------
 validation loss at iteration 86300 | lm loss value: 2.320183E+00 | lm loss PPL: 1.017754E+01 | 
-------------------------------------------------------------------------------------------------
 [2026-03-27 18:18:51.977312] iteration    86301/  100000 | consumed samples:     88372224 | elapsed time per iteration (ms): 2221.6 | learning rate: 4.280968E-05 | global batch size:  1024 | lm loss: 2.127426E+00 | loss scale: 1.0 | grad norm: 0.063 | number of skipped iterations:   0 | number of nan iterations:   0 |
 [2026-03-27 18:18:54.194136] iteration    86302/  100000 | consumed samples:     88373248 | elapsed time per iteration (ms): 2216.5 | learning rate: 4.280784E-05 | global batch size:  1024 | lm loss: 2.118018E+00 | loss scale: 1.0 | grad norm: 0.086 | number of skipped iterations:   0 | number of nan iterations:   0 |
 [2026-03-27 18:18:56.405929] iteration    86303/  100000 | consumed samples:     88374272 | elapsed time per iteration (ms): 2211.5 | learning rate: 4.280600E-05 | global batch size:  1024 | lm loss: 2.114934E+00 | loss scale: 1.0 | grad norm: 0.068 | number of skipped iterations:   0 | number of nan iterations:   0 |
 [2026-03-27 18:18:58.584491] iteration    86304/  100000 | consumed samples:     88375296 | elapsed time per iteration (ms): 2178.3 | learning rate: 4.280416E-05 | global batch size:  1024 | lm loss: 2.128070E+00 | loss scale: 1.0 | grad norm: 0.072 | number of skipped iterations:   0 | number of nan iterations:   0 |
 [2026-03-27 18:19:00.795436] iteration    86305/  100000 | consumed samples:     88376320 | elapsed time per iteration (ms): 2210.5 | learning rate: 4.280232E-05 | global batch size:  1024 | lm loss: 2.124749E+00 | loss scale: 1.0 | grad norm: 0.082 | number of skipped iterations:   0 | number of nan iterations:   0 |
 [2026-03-27 18:19:03.007884] iteration    86306/  100000 | consumed samples:     88377344 | elapsed time per iteration (ms): 2212.2 | learning rate: 4.280048E-05 | global batch size:  1024 | lm loss: 2.118099E+00 | loss scale: 1.0 | grad norm: 0.064 | number of skipped iterations:   0 | number of nan iterations:   0 |
 [2026-03-27 18:19:05.208164] iteration    86307/  100000 | consumed samples:     88378368 | elapsed time per iteration (ms): 2199.4 | learning rate: 4.279864E-05 | global batch size:  1024 | lm loss: 2.120752E+00 | loss scale: 1.0 | grad norm: 0.073 | number of skipped iterations:   0 | number of nan iterations:   0 |
 [2026-03-27 18:19:07.391853] iteration    86308/  100000 | consumed samples:     88379392 | elapsed time per iteration (ms): 2183.4 | learning rate: 4.279680E-05 | global batch size:  1024 | lm loss: 2.109755E+00 | loss scale: 1.0 | grad norm: 0.076 | number of skipped iterations:   0 | number of nan iterations:   0 |
 [2026-03-27 18:19:09.633888] iteration    86309/  100000 | consumed samples:     88380416 | elapsed time per iteration (ms): 2241.8 | learning rate: 4.279496E-05 | global batch size:  1024 | lm loss: 2.131866E+00 | loss scale: 1.0 | grad norm: 0.059 | number of skipped iterations:   0 | number of nan iterations:   0 |
 [2026-03-27 18:19:11.843626] iteration    86310/  100000 | consumed samples:     88381440 | elapsed time per iteration (ms): 2208.9 | learning rate: 4.279313E-05 | global batch size:  1024 | lm loss: 2.146290E+00 | loss scale: 1.0 | grad norm: 0.078 | number of skipped iterations:   0 | number of nan iterations:   0 |
 [2026-03-27 18:19:14.033270] iteration    86311/  100000 | consumed samples:     88382464 | elapsed time per iteration (ms): 2189.4 | learning rate: 4.279129E-05 | global batch size:  1024 | lm loss: 2.169946E+00 | loss scale: 1.0 | grad norm: 0.070 | number of skipped iterations:   0 | number of nan iterations:   0 |
 [2026-03-27 18:19:16.235830] iteration    86312/  100000 | consumed samples:     88383488 | elapsed time per iteration (ms): 2202.3 | learning rate: 4.278945E-05 | global batch size:  1024 | lm loss: 2.123198E+00 | loss scale: 1.0 | grad norm: 0.066 | number of skipped iterations:   0 | number of nan iterations:   0 |
 [2026-03-27 18:19:18.435543] iteration    86313/  100000 | consumed samples:     88384512 | elapsed time per iteration (ms): 2199.4 | learning rate: 4.278761E-05 | global batch size:  1024 | lm loss: 2.128391E+00 | loss scale: 1.0 | grad norm: 0.081 | number of skipped iterations:   0 | number of nan iterations:   0 |
 [2026-03-27 18:19:20.600573] iteration    86314/  100000 | consumed samples:     88385536 | elapsed time per iteration (ms): 2164.8 | learning rate: 4.278577E-05 | global batch size:  1024 | lm loss: 2.123285E+00 | loss scale: 1.0 | grad norm: 0.075 | number of skipped iterations:   0 | number of nan iterations:   0 |
 [2026-03-27 18:19:22.794146] iteration    86315/  100000 | consumed samples:     88386560 | elapsed time per iteration (ms): 2193.3 | learning rate: 4.278393E-05 | global batch size:  1024 | lm loss: 2.127086E+00 | loss scale: 1.0 | grad norm: 0.064 | number of skipped iterations:   0 | number of nan iterations:   0 |
 [2026-03-27 18:19:25.007310] iteration    86316/  100000 | consumed samples:     88387584 | elapsed time per iteration (ms): 2212.9 | learning rate: 4.278209E-05 | global batch size:  1024 | lm loss: 2.140666E+00 | loss scale: 1.0 | grad norm: 0.089 | number of skipped iterations:   0 | number of nan iterations:   0 |
 [2026-03-27 18:19:27.194909] iteration    86317/  100000 | consumed samples:     88388608 | elapsed time per iteration (ms): 2187.3 | learning rate: 4.278026E-05 | global batch size:  1024 | lm loss: 2.123468E+00 | loss scale: 1.0 | grad norm: 0.076 | number of skipped iterations:   0 | number of nan iterations:   0 |
 [2026-03-27 18:19:29.377661] iteration    86318/  100000 | consumed samples:     88389632 | elapsed time per iteration (ms): 2182.5 | learning rate: 4.277842E-05 | global batch size:  1024 | lm loss: 2.099705E+00 | loss scale: 1.0 | grad norm: 0.068 | number of skipped iterations:   0 | number of nan iterations:   0 |
 [2026-03-27 18:19:31.579258] iteration    86319/  100000 | consumed samples:     88390656 | elapsed time per iteration (ms): 2201.3 | learning rate: 4.277658E-05 | global batch size:  1024 | lm loss: 2.110142E+00 | loss scale: 1.0 | grad norm: 0.090 | number of skipped iterations:   0 | number of nan iterations:   0 |
 [2026-03-27 18:19:33.766231] iteration    86320/  100000 | consumed samples:     88391680 | elapsed time per iteration (ms): 2186.7 | learning rate: 4.277474E-05 | global batch size:  1024 | lm loss: 2.107450E+00 | loss scale: 1.0 | grad norm: 0.073 | number of skipped iterations:   0 | number of nan iterations:   0 |
 [2026-03-27 18:19:35.980630] iteration    86321/  100000 | consumed samples:     88392704 | elapsed time per iteration (ms): 2214.1 | learning rate: 4.277291E-05 | global batch size:  1024 | lm loss: 2.122591E+00 | loss scale: 1.0 | grad norm: 0.068 | number of skipped iterations:   0 | number of nan iterations:   0 |
 [2026-03-27 18:19:38.214547] iteration    86322/  100000 | consumed samples:     88393728 | elapsed time per iteration (ms): 2233.6 | learning rate: 4.277107E-05 | global batch size:  1024 | lm loss: 2.112104E+00 | loss scale: 1.0 | grad norm: 0.092 | number of skipped iterations:   0 | number of nan iterations:   0 |
 [2026-03-27 18:19:40.440934] iteration    86323/  100000 | consumed samples:     88394752 | elapsed time per iteration (ms): 2226.1 | learning rate: 4.276923E-05 | global batch size:  1024 | lm loss: 2.139206E+00 | loss scale: 1.0 | grad norm: 0.075 | number of skipped iterations:   0 | number of nan iterations:   0 |
 [2026-03-27 18:19:42.626248] iteration    86324/  100000 | consumed samples:     88395776 | elapsed time per iteration (ms): 2185.0 | learning rate: 4.276739E-05 | global batch size:  1024 | lm loss: 2.105106E+00 | loss scale: 1.0 | grad norm: 0.064 | number of skipped iterations:   0 | number of nan iterations:   0 |
 [2026-03-27 18:19:44.823581] iteration    86325/  100000 | consumed samples:     88396800 | elapsed time per iteration (ms): 2197.0 | learning rate: 4.276556E-05 | global batch size:  1024 | lm loss: 2.118090E+00 | loss scale: 1.0 | grad norm: 0.095 | number of skipped iterations:   0 | number of nan iterations:   0 |
 [2026-03-27 18:19:47.020535] iteration    86326/  100000 | consumed samples:     88397824 | elapsed time per iteration (ms): 2196.7 | learning rate: 4.276372E-05 | global batch size:  1024 | lm loss: 2.124067E+00 | loss scale: 1.0 | grad norm: 0.081 | number of skipped iterations:   0 | number of nan iterations:   0 |
 [2026-03-27 18:19:49.242083] iteration    86327/  100000 | consumed samples:     88398848 | elapsed time per iteration (ms): 2221.3 | learning rate: 4.276188E-05 | global batch size:  1024 | lm loss: 2.117958E+00 | loss scale: 1.0 | grad norm: 0.063 | number of skipped iterations:   0 | number of nan iterations:   0 |
 [2026-03-27 18:19:51.431687] iteration    86328/  100000 | consumed samples:     88399872 | elapsed time per iteration (ms): 2189.3 | learning rate: 4.276005E-05 | global batch size:  1024 | lm loss: 2.149049E+00 | loss scale: 1.0 | grad norm: 0.094 | number of skipped iterations:   0 | number of nan iterations:   0 |
 [2026-03-27 18:19:53.628470] iteration    86329/  100000 | consumed samples:     88400896 | elapsed time per iteration (ms): 2196.5 | learning rate: 4.275821E-05 | global batch size:  1024 | lm loss: 2.117303E+00 | loss scale: 1.0 | grad norm: 0.085 | number of skipped iterations:   0 | number of nan iterations:   0 |
 [2026-03-27 18:19:55.847576] iteration    86330/  100000 | consumed samples:     88401920 | elapsed time per iteration (ms): 2218.8 | learning rate: 4.275637E-05 | global batch size:  1024 | lm loss: 2.146410E+00 | loss scale: 1.0 | grad norm: 0.064 | number of skipped iterations:   0 | number of nan iterations:   0 |
 [2026-03-27 18:19:57.950017] iteration    86331/  100000 | consumed samples:     88402944 | elapsed time per iteration (ms): 2102.2 | learning rate: 4.275453E-05 | global batch size:  1024 | lm loss: 2.131442E+00 | loss scale: 1.0 | grad norm: 0.100 | number of skipped iterations:   0 | number of nan iterations:   0 |
 [2026-03-27 18:20:00.133351] iteration    86332/  100000 | consumed samples:     88403968 | elapsed time per iteration (ms): 2183.1 | learning rate: 4.275270E-05 | global batch size:  1024 | lm loss: 2.123600E+00 | loss scale: 1.0 | grad norm: 0.090 | number of skipped iterations:   0 | number of nan iterations:   0 |
 [2026-03-27 18:20:02.259434] iteration    86333/  100000 | consumed samples:     88404992 | elapsed time per iteration (ms): 2125.8 | learning rate: 4.275086E-05 | global batch size:  1024 | lm loss: 2.137501E+00 | loss scale: 1.0 | grad norm: 0.064 | number of skipped iterations:   0 | number of nan iterations:   0 |
 [2026-03-27 18:20:04.452922] iteration    86334/  100000 | consumed samples:     88406016 | elapsed time per iteration (ms): 2193.0 | learning rate: 4.274903E-05 | global batch size:  1024 | lm loss: 2.143676E+00 | loss scale: 1.0 | grad norm: 0.099 | number of skipped iterations:   0 | number of nan iterations:   0 |
 [2026-03-27 18:20:06.624807] iteration    86335/  100000 | consumed samples:     88407040 | elapsed time per iteration (ms): 2171.6 | learning rate: 4.274719E-05 | global batch size:  1024 | lm loss: 2.100468E+00 | loss scale: 1.0 | grad norm: 0.088 | number of skipped iterations:   0 | number of nan iterations:   0 |
 [2026-03-27 18:20:08.833469] iteration    86336/  100000 | consumed samples:     88408064 | elapsed time per iteration (ms): 2208.4 | learning rate: 4.274536E-05 | global batch size:  1024 | lm loss: 2.126622E+00 | loss scale: 1.0 | grad norm: 0.058 | number of skipped iterations:   0 | number of nan iterations:   0 |
 [2026-03-27 18:20:11.030188] iteration    86337/  100000 | consumed samples:     88409088 | elapsed time per iteration (ms): 2196.4 | learning rate: 4.274352E-05 | global batch size:  1024 | lm loss: 2.118016E+00 | loss scale: 1.0 | grad norm: 0.101 | number of skipped iterations:   0 | number of nan iterations:   0 |
 [2026-03-27 18:20:13.229100] iteration    86338/  100000 | consumed samples:     88410112 | elapsed time per iteration (ms): 2198.6 | learning rate: 4.274169E-05 | global batch size:  1024 | lm loss: 2.151330E+00 | loss scale: 1.0 | grad norm: 0.090 | number of skipped iterations:   0 | number of nan iterations:   0 |
 [2026-03-27 18:20:15.377534] iteration    86339/  100000 | consumed samples:     88411136 | elapsed time per iteration (ms): 2148.1 | learning rate: 4.273985E-05 | global batch size:  1024 | lm loss: 2.143992E+00 | loss scale: 1.0 | grad norm: 0.059 | number of skipped iterations:   0 | number of nan iterations:   0 |
 [2026-03-27 18:20:17.540561] iteration    86340/  100000 | consumed samples:     88412160 | elapsed time per iteration (ms): 2162.7 | learning rate: 4.273801E-05 | global batch size:  1024 | lm loss: 2.135853E+00 | loss scale: 1.0 | grad norm: 0.100 | number of skipped iterations:   0 | number of nan iterations:   0 |
 [2026-03-27 18:20:19.649227] iteration    86341/  100000 | consumed samples:     88413184 | elapsed time per iteration (ms): 2108.4 | learning rate: 4.273618E-05 | global batch size:  1024 | lm loss: 2.133795E+00 | loss scale: 1.0 | grad norm: 0.094 | number of skipped iterations:   0 | number of nan iterations:   0 |
 [2026-03-27 18:20:21.754213] iteration    86342/  100000 | consumed samples:     88414208 | elapsed time per iteration (ms): 2104.7 | learning rate: 4.273434E-05 | global batch size:  1024 | lm loss: 2.096443E+00 | loss scale: 1.0 | grad norm: 0.064 | number of skipped iterations:   0 | number of nan iterations:   0 |
 [2026-03-27 18:20:23.962110] iteration    86343/  100000 | consumed samples:     88415232 | elapsed time per iteration (ms): 2207.6 | learning rate: 4.273251E-05 | global batch size:  1024 | lm loss: 2.120948E+00 | loss scale: 1.0 | grad norm: 0.099 | number of skipped iterations:   0 | number of nan iterations:   0 |
 [2026-03-27 18:20:26.178587] iteration    86344/  100000 | consumed samples:     88416256 | elapsed time per iteration (ms): 2216.2 | learning rate: 4.273068E-05 | global batch size:  1024 | lm loss: 2.122869E+00 | loss scale: 1.0 | grad norm: 0.096 | number of skipped iterations:   0 | number of nan iterations:   0 |
 [2026-03-27 18:20:28.389623] iteration    86345/  100000 | consumed samples:     88417280 | elapsed time per iteration (ms): 2210.8 | learning rate: 4.272884E-05 | global batch size:  1024 | lm loss: 2.106130E+00 | loss scale: 1.0 | grad norm: 0.070 | number of skipped iterations:   0 | number of nan iterations:   0 |
 [2026-03-27 18:20:30.590911] iteration    86346/  100000 | consumed samples:     88418304 | elapsed time per iteration (ms): 2201.0 | learning rate: 4.272701E-05 | global batch size:  1024 | lm loss: 2.128177E+00 | loss scale: 1.0 | grad norm: 0.090 | number of skipped iterations:   0 | number of nan iterations:   0 |
 [2026-03-27 18:20:32.711367] iteration    86347/  100000 | consumed samples:     88419328 | elapsed time per iteration (ms): 2120.2 | learning rate: 4.272517E-05 | global batch size:  1024 | lm loss: 2.122727E+00 | loss scale: 1.0 | grad norm: 0.092 | number of skipped iterations:   0 | number of nan iterations:   0 |
 [2026-03-27 18:20:34.903624] iteration    86348/  100000 | consumed samples:     88420352 | elapsed time per iteration (ms): 2192.0 | learning rate: 4.272334E-05 | global batch size:  1024 | lm loss: 2.132324E+00 | loss scale: 1.0 | grad norm: 0.068 | number of skipped iterations:   0 | number of nan iterations:   0 |
 [2026-03-27 18:20:37.032997] iteration    86349/  100000 | consumed samples:     88421376 | elapsed time per iteration (ms): 2129.1 | learning rate: 4.272151E-05 | global batch size:  1024 | lm loss: 2.121262E+00 | loss scale: 1.0 | grad norm: 0.078 | number of skipped iterations:   0 | number of nan iterations:   0 |
 [2026-03-27 18:20:39.227671] iteration    86350/  100000 | consumed samples:     88422400 | elapsed time per iteration (ms): 2194.4 | learning rate: 4.271967E-05 | global batch size:  1024 | lm loss: 2.140244E+00 | loss scale: 1.0 | grad norm: 0.090 | number of skipped iterations:   0 | number of nan iterations:   0 |
 [2026-03-27 18:20:41.426588] iteration    86351/  100000 | consumed samples:     88423424 | elapsed time per iteration (ms): 2198.6 | learning rate: 4.271783E-05 | global batch size:  1024 | lm loss: 2.131852E+00 | loss scale: 1.0 | grad norm: 0.072 | number of skipped iterations:   0 | number of nan iterations:   0 |
 [2026-03-27 18:20:43.602923] iteration    86352/  100000 | consumed samples:     88424448 | elapsed time per iteration (ms): 2176.0 | learning rate: 4.271600E-05 | global batch size:  1024 | lm loss: 2.124767E+00 | loss scale: 1.0 | grad norm: 0.078 | number of skipped iterations:   0 | number of nan iterations:   0 |
 [2026-03-27 18:20:45.789418] iteration    86353/  100000 | consumed samples:     88425472 | elapsed time per iteration (ms): 2186.2 | learning rate: 4.271417E-05 | global batch size:  1024 | lm loss: 2.104468E+00 | loss scale: 1.0 | grad norm: 0.092 | number of skipped iterations:   0 | number of nan iterations:   0 |
 [2026-03-27 18:20:47.969800] iteration    86354/  100000 | consumed samples:     88426496 | elapsed time per iteration (ms): 2180.1 | learning rate: 4.271233E-05 | global batch size:  1024 | lm loss: 2.103837E+00 | loss scale: 1.0 | grad norm: 0.070 | number of skipped iterations:   0 | number of nan iterations:   0 |
 [2026-03-27 18:20:50.184350] iteration    86355/  100000 | consumed samples:     88427520 | elapsed time per iteration (ms): 2214.3 | learning rate: 4.271050E-05 | global batch size:  1024 | lm loss: 2.108640E+00 | loss scale: 1.0 | grad norm: 0.072 | number of skipped iterations:   0 | number of nan iterations:   0 |
 [2026-03-27 18:20:52.385855] iteration    86356/  100000 | consumed samples:     88428544 | elapsed time per iteration (ms): 2201.2 | learning rate: 4.270867E-05 | global batch size:  1024 | lm loss: 2.130565E+00 | loss scale: 1.0 | grad norm: 0.087 | number of skipped iterations:   0 | number of nan iterations:   0 |
 [2026-03-27 18:20:54.578996] iteration    86357/  100000 | consumed samples:     88429568 | elapsed time per iteration (ms): 2192.8 | learning rate: 4.270684E-05 | global batch size:  1024 | lm loss: 2.116749E+00 | loss scale: 1.0 | grad norm: 0.072 | number of skipped iterations:   0 | number of nan iterations:   0 |
 [2026-03-27 18:20:56.797968] iteration    86358/  100000 | consumed samples:     88430592 | elapsed time per iteration (ms): 2218.3 | learning rate: 4.270500E-05 | global batch size:  1024 | lm loss: 2.096839E+00 | loss scale: 1.0 | grad norm: 0.070 | number of skipped iterations:   0 | number of nan iterations:   0 |
 [2026-03-27 18:20:58.999417] iteration    86359/  100000 | consumed samples:     88431616 | elapsed time per iteration (ms): 2201.2 | learning rate: 4.270317E-05 | global batch size:  1024 | lm loss: 2.155432E+00 | loss scale: 1.0 | grad norm: 0.081 | number of skipped iterations:   0 | number of nan iterations:   0 |
 [2026-03-27 18:21:01.193021] iteration    86360/  100000 | consumed samples:     88432640 | elapsed time per iteration (ms): 2193.2 | learning rate: 4.270134E-05 | global batch size:  1024 | lm loss: 2.127584E+00 | loss scale: 1.0 | grad norm: 0.076 | number of skipped iterations:   0 | number of nan iterations:   0 |
 [2026-03-27 18:21:03.418724] iteration    86361/  100000 | consumed samples:     88433664 | elapsed time per iteration (ms): 2225.4 | learning rate: 4.269951E-05 | global batch size:  1024 | lm loss: 2.130659E+00 | loss scale: 1.0 | grad norm: 0.068 | number of skipped iterations:   0 | number of nan iterations:   0 |
 [2026-03-27 18:21:05.610632] iteration    86362/  100000 | consumed samples:     88434688 | elapsed time per iteration (ms): 2191.6 | learning rate: 4.269767E-05 | global batch size:  1024 | lm loss: 2.155342E+00 | loss scale: 1.0 | grad norm: 0.080 | number of skipped iterations:   0 | number of nan iterations:   0 |
 [2026-03-27 18:21:07.801918] iteration    86363/  100000 | consumed samples:     88435712 | elapsed time per iteration (ms): 2191.0 | learning rate: 4.269584E-05 | global batch size:  1024 | lm loss: 2.131186E+00 | loss scale: 1.0 | grad norm: 0.072 | number of skipped iterations:   0 | number of nan iterations:   0 |
 [2026-03-27 18:21:10.013512] iteration    86364/  100000 | consumed samples:     88436736 | elapsed time per iteration (ms): 2211.3 | learning rate: 4.269401E-05 | global batch size:  1024 | lm loss: 2.154148E+00 | loss scale: 1.0 | grad norm: 0.071 | number of skipped iterations:   0 | number of nan iterations:   0 |
 [2026-03-27 18:21:12.118273] iteration    86365/  100000 | consumed samples:     88437760 | elapsed time per iteration (ms): 2104.5 | learning rate: 4.269218E-05 | global batch size:  1024 | lm loss: 2.137025E+00 | loss scale: 1.0 | grad norm: 0.076 | number of skipped iterations:   0 | number of nan iterations:   0 |
 [2026-03-27 18:21:14.313000] iteration    86366/  100000 | consumed samples:     88438784 | elapsed time per iteration (ms): 2194.4 | learning rate: 4.269035E-05 | global batch size:  1024 | lm loss: 2.129204E+00 | loss scale: 1.0 | grad norm: 0.065 | number of skipped iterations:   0 | number of nan iterations:   0 |
 [2026-03-27 18:21:16.516518] iteration    86367/  100000 | consumed samples:     88439808 | elapsed time per iteration (ms): 2203.2 | learning rate: 4.268851E-05 | global batch size:  1024 | lm loss: 2.125268E+00 | loss scale: 1.0 | grad norm: 0.073 | number of skipped iterations:   0 | number of nan iterations:   0 |
 [2026-03-27 18:21:18.721508] iteration    86368/  100000 | consumed samples:     88440832 | elapsed time per iteration (ms): 2204.3 | learning rate: 4.268668E-05 | global batch size:  1024 | lm loss: 2.125250E+00 | loss scale: 1.0 | grad norm: 0.069 | number of skipped iterations:   0 | number of nan iterations:   0 |
 [2026-03-27 18:21:20.919863] iteration    86369/  100000 | consumed samples:     88441856 | elapsed time per iteration (ms): 2198.1 | learning rate: 4.268485E-05 | global batch size:  1024 | lm loss: 2.122905E+00 | loss scale: 1.0 | grad norm: 0.061 | number of skipped iterations:   0 | number of nan iterations:   0 |
 [2026-03-27 18:21:23.127368] iteration    86370/  100000 | consumed samples:     88442880 | elapsed time per iteration (ms): 2207.2 | learning rate: 4.268302E-05 | global batch size:  1024 | lm loss: 2.129446E+00 | loss scale: 1.0 | grad norm: 0.077 | number of skipped iterations:   0 | number of nan iterations:   0 |
 [2026-03-27 18:21:25.337602] iteration    86371/  100000 | consumed samples:     88443904 | elapsed time per iteration (ms): 2209.9 | learning rate: 4.268119E-05 | global batch size:  1024 | lm loss: 2.125447E+00 | loss scale: 1.0 | grad norm: 0.069 | number of skipped iterations:   0 | number of nan iterations:   0 |
 [2026-03-27 18:21:27.551898] iteration    86372/  100000 | consumed samples:     88444928 | elapsed time per iteration (ms): 2214.0 | learning rate: 4.267936E-05 | global batch size:  1024 | lm loss: 2.123849E+00 | loss scale: 1.0 | grad norm: 0.059 | number of skipped iterations:   0 | number of nan iterations:   0 |
 [2026-03-27 18:21:29.745987] iteration    86373/  100000 | consumed samples:     88445952 | elapsed time per iteration (ms): 2193.8 | learning rate: 4.267753E-05 | global batch size:  1024 | lm loss: 2.136285E+00 | loss scale: 1.0 | grad norm: 0.074 | number of skipped iterations:   0 | number of nan iterations:   0 |
 [2026-03-27 18:21:31.947003] iteration    86374/  100000 | consumed samples:     88446976 | elapsed time per iteration (ms): 2200.7 | learning rate: 4.267569E-05 | global batch size:  1024 | lm loss: 2.125606E+00 | loss scale: 1.0 | grad norm: 0.072 | number of skipped iterations:   0 | number of nan iterations:   0 |
 [2026-03-27 18:21:34.155300] iteration    86375/  100000 | consumed samples:     88448000 | elapsed time per iteration (ms): 2208.0 | learning rate: 4.267386E-05 | global batch size:  1024 | lm loss: 2.116928E+00 | loss scale: 1.0 | grad norm: 0.062 | number of skipped iterations:   0 | number of nan iterations:   0 |
 [2026-03-27 18:21:36.381013] iteration    86376/  100000 | consumed samples:     88449024 | elapsed time per iteration (ms): 2225.4 | learning rate: 4.267203E-05 | global batch size:  1024 | lm loss: 2.140979E+00 | loss scale: 1.0 | grad norm: 0.078 | number of skipped iterations:   0 | number of nan iterations:   0 |
 [2026-03-27 18:21:38.585029] iteration    86377/  100000 | consumed samples:     88450048 | elapsed time per iteration (ms): 2203.3 | learning rate: 4.267020E-05 | global batch size:  1024 | lm loss: 2.114290E+00 | loss scale: 1.0 | grad norm: 0.074 | number of skipped iterations:   0 | number of nan iterations:   0 |
 [2026-03-27 18:21:40.792144] iteration    86378/  100000 | consumed samples:     88451072 | elapsed time per iteration (ms): 2206.8 | learning rate: 4.266837E-05 | global batch size:  1024 | lm loss: 2.126648E+00 | loss scale: 1.0 | grad norm: 0.069 | number of skipped iterations:   0 | number of nan iterations:   0 |
 [2026-03-27 18:21:42.900428] iteration    86379/  100000 | consumed samples:     88452096 | elapsed time per iteration (ms): 2108.0 | learning rate: 4.266654E-05 | global batch size:  1024 | lm loss: 2.122695E+00 | loss scale: 1.0 | grad norm: 0.082 | number of skipped iterations:   0 | number of nan iterations:   0 |
 [2026-03-27 18:21:45.012855] iteration    86380/  100000 | consumed samples:     88453120 | elapsed time per iteration (ms): 2112.1 | learning rate: 4.266471E-05 | global batch size:  1024 | lm loss: 2.136433E+00 | loss scale: 1.0 | grad norm: 0.064 | number of skipped iterations:   0 | number of nan iterations:   0 |
 [2026-03-27 18:21:47.189614] iteration    86381/  100000 | consumed samples:     88454144 | elapsed time per iteration (ms): 2176.4 | learning rate: 4.266288E-05 | global batch size:  1024 | lm loss: 2.146038E+00 | loss scale: 1.0 | grad norm: 0.067 | number of skipped iterations:   0 | number of nan iterations:   0 |
 [2026-03-27 18:21:49.387142] iteration    86382/  100000 | consumed samples:     88455168 | elapsed time per iteration (ms): 2196.8 | learning rate: 4.266105E-05 | global batch size:  1024 | lm loss: 2.111277E+00 | loss scale: 1.0 | grad norm: 0.078 | number of skipped iterations:   0 | number of nan iterations:   0 |
 [2026-03-27 18:21:51.575398] iteration    86383/  100000 | consumed samples:     88456192 | elapsed time per iteration (ms): 2188.0 | learning rate: 4.265922E-05 | global batch size:  1024 | lm loss: 2.111074E+00 | loss scale: 1.0 | grad norm: 0.065 | number of skipped iterations:   0 | number of nan iterations:   0 |
 [2026-03-27 18:21:53.788917] iteration    86384/  100000 | consumed samples:     88457216 | elapsed time per iteration (ms): 2213.2 | learning rate: 4.265739E-05 | global batch size:  1024 | lm loss: 2.138216E+00 | loss scale: 1.0 | grad norm: 0.063 | number of skipped iterations:   0 | number of nan iterations:   0 |
 [2026-03-27 18:21:55.988109] iteration    86385/  100000 | consumed samples:     88458240 | elapsed time per iteration (ms): 2198.9 | learning rate: 4.265556E-05 | global batch size:  1024 | lm loss: 2.129477E+00 | loss scale: 1.0 | grad norm: 0.083 | number of skipped iterations:   0 | number of nan iterations:   0 |
 [2026-03-27 18:21:58.184676] iteration    86386/  100000 | consumed samples:     88459264 | elapsed time per iteration (ms): 2196.3 | learning rate: 4.265373E-05 | global batch size:  1024 | lm loss: 2.119861E+00 | loss scale: 1.0 | grad norm: 0.063 | number of skipped iterations:   0 | number of nan iterations:   0 |
 [2026-03-27 18:22:00.306177] iteration    86387/  100000 | consumed samples:     88460288 | elapsed time per iteration (ms): 2121.2 | learning rate: 4.265190E-05 | global batch size:  1024 | lm loss: 2.085532E+00 | loss scale: 1.0 | grad norm: 0.070 | number of skipped iterations:   0 | number of nan iterations:   0 |
 [2026-03-27 18:22:02.506308] iteration    86388/  100000 | consumed samples:     88461312 | elapsed time per iteration (ms): 2199.8 | learning rate: 4.265007E-05 | global batch size:  1024 | lm loss: 2.148298E+00 | loss scale: 1.0 | grad norm: 0.082 | number of skipped iterations:   0 | number of nan iterations:   0 |
 [2026-03-27 18:22:04.712459] iteration    86389/  100000 | consumed samples:     88462336 | elapsed time per iteration (ms): 2205.9 | learning rate: 4.264824E-05 | global batch size:  1024 | lm loss: 2.133760E+00 | loss scale: 1.0 | grad norm: 0.063 | number of skipped iterations:   0 | number of nan iterations:   0 |
 [2026-03-27 18:22:06.904287] iteration    86390/  100000 | consumed samples:     88463360 | elapsed time per iteration (ms): 2191.5 | learning rate: 4.264642E-05 | global batch size:  1024 | lm loss: 2.132718E+00 | loss scale: 1.0 | grad norm: 0.074 | number of skipped iterations:   0 | number of nan iterations:   0 |
 [2026-03-27 18:22:09.106876] iteration    86391/  100000 | consumed samples:     88464384 | elapsed time per iteration (ms): 2202.3 | learning rate: 4.264459E-05 | global batch size:  1024 | lm loss: 2.118228E+00 | loss scale: 1.0 | grad norm: 0.088 | number of skipped iterations:   0 | number of nan iterations:   0 |
 [2026-03-27 18:22:11.309071] iteration    86392/  100000 | consumed samples:     88465408 | elapsed time per iteration (ms): 2201.9 | learning rate: 4.264276E-05 | global batch size:  1024 | lm loss: 2.124393E+00 | loss scale: 1.0 | grad norm: 0.060 | number of skipped iterations:   0 | number of nan iterations:   0 |
 [2026-03-27 18:22:13.511072] iteration    86393/  100000 | consumed samples:     88466432 | elapsed time per iteration (ms): 2201.7 | learning rate: 4.264093E-05 | global batch size:  1024 | lm loss: 2.129398E+00 | loss scale: 1.0 | grad norm: 0.076 | number of skipped iterations:   0 | number of nan iterations:   0 |
 [2026-03-27 18:22:15.608128] iteration    86394/  100000 | consumed samples:     88467456 | elapsed time per iteration (ms): 2096.8 | learning rate: 4.263910E-05 | global batch size:  1024 | lm loss: 2.096038E+00 | loss scale: 1.0 | grad norm: 0.075 | number of skipped iterations:   0 | number of nan iterations:   0 |
 [2026-03-27 18:22:17.699555] iteration    86395/  100000 | consumed samples:     88468480 | elapsed time per iteration (ms): 2091.1 | learning rate: 4.263728E-05 | global batch size:  1024 | lm loss: 2.128681E+00 | loss scale: 1.0 | grad norm: 0.062 | number of skipped iterations:   0 | number of nan iterations:   0 |
 [2026-03-27 18:22:19.846362] iteration    86396/  100000 | consumed samples:     88469504 | elapsed time per iteration (ms): 2146.5 | learning rate: 4.263545E-05 | global batch size:  1024 | lm loss: 2.130238E+00 | loss scale: 1.0 | grad norm: 0.080 | number of skipped iterations:   0 | number of nan iterations:   0 |
 [2026-03-27 18:22:22.030157] iteration    86397/  100000 | consumed samples:     88470528 | elapsed time per iteration (ms): 2183.5 | learning rate: 4.263362E-05 | global batch size:  1024 | lm loss: 2.170950E+00 | loss scale: 1.0 | grad norm: 0.081 | number of skipped iterations:   0 | number of nan iterations:   0 |
 [2026-03-27 18:22:24.227495] iteration    86398/  100000 | consumed samples:     88471552 | elapsed time per iteration (ms): 2197.1 | learning rate: 4.263179E-05 | global batch size:  1024 | lm loss: 2.134034E+00 | loss scale: 1.0 | grad norm: 0.064 | number of skipped iterations:   0 | number of nan iterations:   0 |
 [2026-03-27 18:22:26.445289] iteration    86399/  100000 | consumed samples:     88472576 | elapsed time per iteration (ms): 2217.5 | learning rate: 4.262996E-05 | global batch size:  1024 | lm loss: 2.148953E+00 | loss scale: 1.0 | grad norm: 0.081 | number of skipped iterations:   0 | number of nan iterations:   0 |
 [2026-03-27 18:22:28.621371] iteration    86400/  100000 | consumed samples:     88473600 | elapsed time per iteration (ms): 2175.8 | learning rate: 4.262813E-05 | global batch size:  1024 | lm loss: 2.116970E+00 | loss scale: 1.0 | grad norm: 0.081 | number of skipped iterations:   0 | number of nan iterations:   0 |
INFO:megatron.core.timers:(min, max) time across ranks (ms):
    evaluate .......................................: (3378.80, 3379.71)
-------------------------------------------------------------------------------------------------
 validation loss at iteration 86400 | lm loss value: 2.310767E+00 | lm loss PPL: 1.008216E+01 | 
-------------------------------------------------------------------------------------------------
 [2026-03-27 18:22:34.228360] iteration    86401/  100000 | consumed samples:     88474624 | elapsed time per iteration (ms): 2223.0 | learning rate: 4.262631E-05 | global batch size:  1024 | lm loss: 2.112442E+00 | loss scale: 1.0 | grad norm: 0.062 | number of skipped iterations:   0 | number of nan iterations:   0 |
 [2026-03-27 18:22:36.412496] iteration    86402/  100000 | consumed samples:     88475648 | elapsed time per iteration (ms): 2183.8 | learning rate: 4.262448E-05 | global batch size:  1024 | lm loss: 2.101601E+00 | loss scale: 1.0 | grad norm: 0.076 | number of skipped iterations:   0 | number of nan iterations:   0 |
 [2026-03-27 18:22:38.630281] iteration    86403/  100000 | consumed samples:     88476672 | elapsed time per iteration (ms): 2217.5 | learning rate: 4.262265E-05 | global batch size:  1024 | lm loss: 2.116504E+00 | loss scale: 1.0 | grad norm: 0.075 | number of skipped iterations:   0 | number of nan iterations:   0 |
 [2026-03-27 18:22:40.793305] iteration    86404/  100000 | consumed samples:     88477696 | elapsed time per iteration (ms): 2162.7 | learning rate: 4.262082E-05 | global batch size:  1024 | lm loss: 2.146492E+00 | loss scale: 1.0 | grad norm: 0.068 | number of skipped iterations:   0 | number of nan iterations:   0 |
 [2026-03-27 18:22:42.902214] iteration    86405/  100000 | consumed samples:     88478720 | elapsed time per iteration (ms): 2108.6 | learning rate: 4.261900E-05 | global batch size:  1024 | lm loss: 2.119788E+00 | loss scale: 1.0 | grad norm: 0.074 | number of skipped iterations:   0 | number of nan iterations:   0 |
 [2026-03-27 18:22:45.099562] iteration    86406/  100000 | consumed samples:     88479744 | elapsed time per iteration (ms): 2196.4 | learning rate: 4.261717E-05 | global batch size:  1024 | lm loss: 2.096704E+00 | loss scale: 1.0 | grad norm: 0.072 | number of skipped iterations:   0 | number of nan iterations:   0 |
 [2026-03-27 18:22:47.323520] iteration    86407/  100000 | consumed samples:     88480768 | elapsed time per iteration (ms): 2223.2 | learning rate: 4.261535E-05 | global batch size:  1024 | lm loss: 2.108828E+00 | loss scale: 1.0 | grad norm: 0.069 | number of skipped iterations:   0 | number of nan iterations:   0 |
 [2026-03-27 18:22:49.519355] iteration    86408/  100000 | consumed samples:     88481792 | elapsed time per iteration (ms): 2195.6 | learning rate: 4.261352E-05 | global batch size:  1024 | lm loss: 2.128738E+00 | loss scale: 1.0 | grad norm: 0.069 | number of skipped iterations:   0 | number of nan iterations:   0 |
 [2026-03-27 18:22:51.731179] iteration    86409/  100000 | consumed samples:     88482816 | elapsed time per iteration (ms): 2211.5 | learning rate: 4.261169E-05 | global batch size:  1024 | lm loss: 2.121004E+00 | loss scale: 1.0 | grad norm: 0.071 | number of skipped iterations:   0 | number of nan iterations:   0 |
 [2026-03-27 18:22:53.932493] iteration    86410/  100000 | consumed samples:     88483840 | elapsed time per iteration (ms): 2201.0 | learning rate: 4.260987E-05 | global batch size:  1024 | lm loss: 2.141075E+00 | loss scale: 1.0 | grad norm: 0.071 | number of skipped iterations:   0 | number of nan iterations:   0 |
 [2026-03-27 18:22:56.133843] iteration    86411/  100000 | consumed samples:     88484864 | elapsed time per iteration (ms): 2201.1 | learning rate: 4.260804E-05 | global batch size:  1024 | lm loss: 2.139391E+00 | loss scale: 1.0 | grad norm: 0.075 | number of skipped iterations:   0 | number of nan iterations:   0 |
 [2026-03-27 18:22:58.258046] iteration    86412/  100000 | consumed samples:     88485888 | elapsed time per iteration (ms): 2123.9 | learning rate: 4.260621E-05 | global batch size:  1024 | lm loss: 2.114336E+00 | loss scale: 1.0 | grad norm: 0.065 | number of skipped iterations:   0 | number of nan iterations:   0 |
 [2026-03-27 18:23:00.471770] iteration    86413/  100000 | consumed samples:     88486912 | elapsed time per iteration (ms): 2213.5 | learning rate: 4.260439E-05 | global batch size:  1024 | lm loss: 2.091202E+00 | loss scale: 1.0 | grad norm: 0.073 | number of skipped iterations:   0 | number of nan iterations:   0 |
 [2026-03-27 18:23:02.690445] iteration    86414/  100000 | consumed samples:     88487936 | elapsed time per iteration (ms): 2218.4 | learning rate: 4.260256E-05 | global batch size:  1024 | lm loss: 2.154958E+00 | loss scale: 1.0 | grad norm: 0.078 | number of skipped iterations:   0 | number of nan iterations:   0 |
 [2026-03-27 18:23:04.904703] iteration    86415/  100000 | consumed samples:     88488960 | elapsed time per iteration (ms): 2214.0 | learning rate: 4.260074E-05 | global batch size:  1024 | lm loss: 2.120500E+00 | loss scale: 1.0 | grad norm: 0.066 | number of skipped iterations:   0 | number of nan iterations:   0 |
 [2026-03-27 18:23:07.068616] iteration    86416/  100000 | consumed samples:     88489984 | elapsed time per iteration (ms): 2163.6 | learning rate: 4.259891E-05 | global batch size:  1024 | lm loss: 2.135258E+00 | loss scale: 1.0 | grad norm: 0.066 | number of skipped iterations:   0 | number of nan iterations:   0 |
 [2026-03-27 18:23:09.249206] iteration    86417/  100000 | consumed samples:     88491008 | elapsed time per iteration (ms): 2180.3 | learning rate: 4.259708E-05 | global batch size:  1024 | lm loss: 2.119052E+00 | loss scale: 1.0 | grad norm: 0.074 | number of skipped iterations:   0 | number of nan iterations:   0 |
 [2026-03-27 18:23:11.457253] iteration    86418/  100000 | consumed samples:     88492032 | elapsed time per iteration (ms): 2207.8 | learning rate: 4.259526E-05 | global batch size:  1024 | lm loss: 2.139516E+00 | loss scale: 1.0 | grad norm: 0.064 | number of skipped iterations:   0 | number of nan iterations:   0 |
 [2026-03-27 18:23:13.654985] iteration    86419/  100000 | consumed samples:     88493056 | elapsed time per iteration (ms): 2197.4 | learning rate: 4.259343E-05 | global batch size:  1024 | lm loss: 2.161169E+00 | loss scale: 1.0 | grad norm: 0.073 | number of skipped iterations:   0 | number of nan iterations:   0 |
 [2026-03-27 18:23:15.835518] iteration    86420/  100000 | consumed samples:     88494080 | elapsed time per iteration (ms): 2180.2 | learning rate: 4.259161E-05 | global batch size:  1024 | lm loss: 2.091694E+00 | loss scale: 1.0 | grad norm: 0.073 | number of skipped iterations:   0 | number of nan iterations:   0 |
 [2026-03-27 18:23:17.985775] iteration    86421/  100000 | consumed samples:     88495104 | elapsed time per iteration (ms): 2150.0 | learning rate: 4.258979E-05 | global batch size:  1024 | lm loss: 2.116669E+00 | loss scale: 1.0 | grad norm: 0.066 | number of skipped iterations:   0 | number of nan iterations:   0 |
 [2026-03-27 18:23:20.185510] iteration    86422/  100000 | consumed samples:     88496128 | elapsed time per iteration (ms): 2199.4 | learning rate: 4.258796E-05 | global batch size:  1024 | lm loss: 2.128098E+00 | loss scale: 1.0 | grad norm: 0.078 | number of skipped iterations:   0 | number of nan iterations:   0 |
 [2026-03-27 18:23:22.373535] iteration    86423/  100000 | consumed samples:     88497152 | elapsed time per iteration (ms): 2187.7 | learning rate: 4.258613E-05 | global batch size:  1024 | lm loss: 2.131378E+00 | loss scale: 1.0 | grad norm: 0.080 | number of skipped iterations:   0 | number of nan iterations:   0 |
 [2026-03-27 18:23:24.544841] iteration    86424/  100000 | consumed samples:     88498176 | elapsed time per iteration (ms): 2171.0 | learning rate: 4.258431E-05 | global batch size:  1024 | lm loss: 2.131856E+00 | loss scale: 1.0 | grad norm: 0.061 | number of skipped iterations:   0 | number of nan iterations:   0 |
 [2026-03-27 18:23:26.756128] iteration    86425/  100000 | consumed samples:     88499200 | elapsed time per iteration (ms): 2211.0 | learning rate: 4.258248E-05 | global batch size:  1024 | lm loss: 2.149468E+00 | loss scale: 1.0 | grad norm: 0.080 | number of skipped iterations:   0 | number of nan iterations:   0 |
 [2026-03-27 18:23:28.968671] iteration    86426/  100000 | consumed samples:     88500224 | elapsed time per iteration (ms): 2211.3 | learning rate: 4.258066E-05 | global batch size:  1024 | lm loss: 2.134616E+00 | loss scale: 1.0 | grad norm: 0.090 | number of skipped iterations:   0 | number of nan iterations:   0 |
 [2026-03-27 18:23:31.105888] iteration    86427/  100000 | consumed samples:     88501248 | elapsed time per iteration (ms): 2136.9 | learning rate: 4.257883E-05 | global batch size:  1024 | lm loss: 2.128789E+00 | loss scale: 1.0 | grad norm: 0.063 | number of skipped iterations:   0 | number of nan iterations:   0 |
 [2026-03-27 18:23:33.215249] iteration    86428/  100000 | consumed samples:     88502272 | elapsed time per iteration (ms): 2109.1 | learning rate: 4.257701E-05 | global batch size:  1024 | lm loss: 2.131294E+00 | loss scale: 1.0 | grad norm: 0.083 | number of skipped iterations:   0 | number of nan iterations:   0 |
 [2026-03-27 18:23:35.384221] iteration    86429/  100000 | consumed samples:     88503296 | elapsed time per iteration (ms): 2168.7 | learning rate: 4.257519E-05 | global batch size:  1024 | lm loss: 2.081737E+00 | loss scale: 1.0 | grad norm: 0.079 | number of skipped iterations:   0 | number of nan iterations:   0 |
 [2026-03-27 18:23:37.584469] iteration    86430/  100000 | consumed samples:     88504320 | elapsed time per iteration (ms): 2200.0 | learning rate: 4.257336E-05 | global batch size:  1024 | lm loss: 2.094785E+00 | loss scale: 1.0 | grad norm: 0.063 | number of skipped iterations:   0 | number of nan iterations:   0 |
 [2026-03-27 18:23:39.806342] iteration    86431/  100000 | consumed samples:     88505344 | elapsed time per iteration (ms): 2221.6 | learning rate: 4.257154E-05 | global batch size:  1024 | lm loss: 2.134412E+00 | loss scale: 1.0 | grad norm: 0.076 | number of skipped iterations:   0 | number of nan iterations:   0 |
 [2026-03-27 18:23:42.027549] iteration    86432/  100000 | consumed samples:     88506368 | elapsed time per iteration (ms): 2220.7 | learning rate: 4.256972E-05 | global batch size:  1024 | lm loss: 2.140239E+00 | loss scale: 1.0 | grad norm: 0.074 | number of skipped iterations:   0 | number of nan iterations:   0 |
 [2026-03-27 18:23:44.202027] iteration    86433/  100000 | consumed samples:     88507392 | elapsed time per iteration (ms): 2174.2 | learning rate: 4.256789E-05 | global batch size:  1024 | lm loss: 2.097246E+00 | loss scale: 1.0 | grad norm: 0.065 | number of skipped iterations:   0 | number of nan iterations:   0 |
 [2026-03-27 18:23:46.419683] iteration    86434/  100000 | consumed samples:     88508416 | elapsed time per iteration (ms): 2217.4 | learning rate: 4.256607E-05 | global batch size:  1024 | lm loss: 2.113733E+00 | loss scale: 1.0 | grad norm: 0.071 | number of skipped iterations:   0 | number of nan iterations:   0 |
 [2026-03-27 18:23:48.633754] iteration    86435/  100000 | consumed samples:     88509440 | elapsed time per iteration (ms): 2213.8 | learning rate: 4.256425E-05 | global batch size:  1024 | lm loss: 2.120169E+00 | loss scale: 1.0 | grad norm: 0.080 | number of skipped iterations:   0 | number of nan iterations:   0 |
 [2026-03-27 18:23:50.824789] iteration    86436/  100000 | consumed samples:     88510464 | elapsed time per iteration (ms): 2190.7 | learning rate: 4.256242E-05 | global batch size:  1024 | lm loss: 2.141630E+00 | loss scale: 1.0 | grad norm: 0.065 | number of skipped iterations:   0 | number of nan iterations:   0 |
 [2026-03-27 18:23:53.043383] iteration    86437/  100000 | consumed samples:     88511488 | elapsed time per iteration (ms): 2218.3 | learning rate: 4.256060E-05 | global batch size:  1024 | lm loss: 2.151436E+00 | loss scale: 1.0 | grad norm: 0.081 | number of skipped iterations:   0 | number of nan iterations:   0 |
 [2026-03-27 18:23:55.250904] iteration    86438/  100000 | consumed samples:     88512512 | elapsed time per iteration (ms): 2207.2 | learning rate: 4.255878E-05 | global batch size:  1024 | lm loss: 2.088505E+00 | loss scale: 1.0 | grad norm: 0.084 | number of skipped iterations:   0 | number of nan iterations:   0 |
 [2026-03-27 18:23:57.441532] iteration    86439/  100000 | consumed samples:     88513536 | elapsed time per iteration (ms): 2190.3 | learning rate: 4.255696E-05 | global batch size:  1024 | lm loss: 2.127102E+00 | loss scale: 1.0 | grad norm: 0.065 | number of skipped iterations:   0 | number of nan iterations:   0 |
 [2026-03-27 18:23:59.648552] iteration    86440/  100000 | consumed samples:     88514560 | elapsed time per iteration (ms): 2206.7 | learning rate: 4.255513E-05 | global batch size:  1024 | lm loss: 2.129962E+00 | loss scale: 1.0 | grad norm: 0.072 | number of skipped iterations:   0 | number of nan iterations:   0 |
 [2026-03-27 18:24:01.843900] iteration    86441/  100000 | consumed samples:     88515584 | elapsed time per iteration (ms): 2195.1 | learning rate: 4.255331E-05 | global batch size:  1024 | lm loss: 2.110468E+00 | loss scale: 1.0 | grad norm: 0.078 | number of skipped iterations:   0 | number of nan iterations:   0 |
 [2026-03-27 18:24:04.045705] iteration    86442/  100000 | consumed samples:     88516608 | elapsed time per iteration (ms): 2201.5 | learning rate: 4.255149E-05 | global batch size:  1024 | lm loss: 2.108939E+00 | loss scale: 1.0 | grad norm: 0.065 | number of skipped iterations:   0 | number of nan iterations:   0 |
 [2026-03-27 18:24:06.227367] iteration    86443/  100000 | consumed samples:     88517632 | elapsed time per iteration (ms): 2181.4 | learning rate: 4.254967E-05 | global batch size:  1024 | lm loss: 2.111939E+00 | loss scale: 1.0 | grad norm: 0.074 | number of skipped iterations:   0 | number of nan iterations:   0 |
 [2026-03-27 18:24:08.392065] iteration    86444/  100000 | consumed samples:     88518656 | elapsed time per iteration (ms): 2164.4 | learning rate: 4.254784E-05 | global batch size:  1024 | lm loss: 2.112473E+00 | loss scale: 1.0 | grad norm: 0.075 | number of skipped iterations:   0 | number of nan iterations:   0 |
 [2026-03-27 18:24:10.598174] iteration    86445/  100000 | consumed samples:     88519680 | elapsed time per iteration (ms): 2205.8 | learning rate: 4.254602E-05 | global batch size:  1024 | lm loss: 2.120321E+00 | loss scale: 1.0 | grad norm: 0.063 | number of skipped iterations:   0 | number of nan iterations:   0 |
 [2026-03-27 18:24:12.808505] iteration    86446/  100000 | consumed samples:     88520704 | elapsed time per iteration (ms): 2210.0 | learning rate: 4.254420E-05 | global batch size:  1024 | lm loss: 2.107654E+00 | loss scale: 1.0 | grad norm: 0.072 | number of skipped iterations:   0 | number of nan iterations:   0 |
 [2026-03-27 18:24:14.915499] iteration    86447/  100000 | consumed samples:     88521728 | elapsed time per iteration (ms): 2106.7 | learning rate: 4.254238E-05 | global batch size:  1024 | lm loss: 2.129034E+00 | loss scale: 1.0 | grad norm: 0.077 | number of skipped iterations:   0 | number of nan iterations:   0 |
 [2026-03-27 18:24:17.100669] iteration    86448/  100000 | consumed samples:     88522752 | elapsed time per iteration (ms): 2184.8 | learning rate: 4.254056E-05 | global batch size:  1024 | lm loss: 2.138015E+00 | loss scale: 1.0 | grad norm: 0.068 | number of skipped iterations:   0 | number of nan iterations:   0 |
 [2026-03-27 18:24:19.291232] iteration    86449/  100000 | consumed samples:     88523776 | elapsed time per iteration (ms): 2190.3 | learning rate: 4.253873E-05 | global batch size:  1024 | lm loss: 2.136964E+00 | loss scale: 1.0 | grad norm: 0.066 | number of skipped iterations:   0 | number of nan iterations:   0 |
 [2026-03-27 18:24:21.503194] iteration    86450/  100000 | consumed samples:     88524800 | elapsed time per iteration (ms): 2211.7 | learning rate: 4.253691E-05 | global batch size:  1024 | lm loss: 2.111917E+00 | loss scale: 1.0 | grad norm: 0.073 | number of skipped iterations:   0 | number of nan iterations:   0 |
 [2026-03-27 18:24:23.686035] iteration    86451/  100000 | consumed samples:     88525824 | elapsed time per iteration (ms): 2182.6 | learning rate: 4.253509E-05 | global batch size:  1024 | lm loss: 2.162560E+00 | loss scale: 1.0 | grad norm: 0.065 | number of skipped iterations:   0 | number of nan iterations:   0 |
 [2026-03-27 18:24:25.870798] iteration    86452/  100000 | consumed samples:     88526848 | elapsed time per iteration (ms): 2184.5 | learning rate: 4.253327E-05 | global batch size:  1024 | lm loss: 2.143260E+00 | loss scale: 1.0 | grad norm: 0.068 | number of skipped iterations:   0 | number of nan iterations:   0 |
 [2026-03-27 18:24:28.079042] iteration    86453/  100000 | consumed samples:     88527872 | elapsed time per iteration (ms): 2208.0 | learning rate: 4.253145E-05 | global batch size:  1024 | lm loss: 2.122257E+00 | loss scale: 1.0 | grad norm: 0.068 | number of skipped iterations:   0 | number of nan iterations:   0 |
 [2026-03-27 18:24:30.277338] iteration    86454/  100000 | consumed samples:     88528896 | elapsed time per iteration (ms): 2198.0 | learning rate: 4.252963E-05 | global batch size:  1024 | lm loss: 2.105917E+00 | loss scale: 1.0 | grad norm: 0.068 | number of skipped iterations:   0 | number of nan iterations:   0 |
 [2026-03-27 18:24:32.480939] iteration    86455/  100000 | consumed samples:     88529920 | elapsed time per iteration (ms): 2202.7 | learning rate: 4.252781E-05 | global batch size:  1024 | lm loss: 2.132107E+00 | loss scale: 1.0 | grad norm: 0.068 | number of skipped iterations:   0 | number of nan iterations:   0 |
 [2026-03-27 18:24:34.688311] iteration    86456/  100000 | consumed samples:     88530944 | elapsed time per iteration (ms): 2207.1 | learning rate: 4.252599E-05 | global batch size:  1024 | lm loss: 2.116684E+00 | loss scale: 1.0 | grad norm: 0.066 | number of skipped iterations:   0 | number of nan iterations:   0 |
 [2026-03-27 18:24:36.914338] iteration    86457/  100000 | consumed samples:     88531968 | elapsed time per iteration (ms): 2224.8 | learning rate: 4.252417E-05 | global batch size:  1024 | lm loss: 2.118767E+00 | loss scale: 1.0 | grad norm: 0.065 | number of skipped iterations:   0 | number of nan iterations:   0 |
 [2026-03-27 18:24:39.103641] iteration    86458/  100000 | consumed samples:     88532992 | elapsed time per iteration (ms): 2189.0 | learning rate: 4.252235E-05 | global batch size:  1024 | lm loss: 2.128599E+00 | loss scale: 1.0 | grad norm: 0.072 | number of skipped iterations:   0 | number of nan iterations:   0 |
 [2026-03-27 18:24:41.208650] iteration    86459/  100000 | consumed samples:     88534016 | elapsed time per iteration (ms): 2104.7 | learning rate: 4.252053E-05 | global batch size:  1024 | lm loss: 2.120415E+00 | loss scale: 1.0 | grad norm: 0.070 | number of skipped iterations:   0 | number of nan iterations:   0 |
 [2026-03-27 18:24:43.403379] iteration    86460/  100000 | consumed samples:     88535040 | elapsed time per iteration (ms): 2194.5 | learning rate: 4.251871E-05 | global batch size:  1024 | lm loss: 2.131396E+00 | loss scale: 1.0 | grad norm: 0.069 | number of skipped iterations:   0 | number of nan iterations:   0 |
 [2026-03-27 18:24:45.568545] iteration    86461/  100000 | consumed samples:     88536064 | elapsed time per iteration (ms): 2164.0 | learning rate: 4.251689E-05 | global batch size:  1024 | lm loss: 2.093051E+00 | loss scale: 1.0 | grad norm: 0.078 | number of skipped iterations:   0 | number of nan iterations:   0 |
 [2026-03-27 18:24:47.770873] iteration    86462/  100000 | consumed samples:     88537088 | elapsed time per iteration (ms): 2202.0 | learning rate: 4.251507E-05 | global batch size:  1024 | lm loss: 2.125782E+00 | loss scale: 1.0 | grad norm: 0.074 | number of skipped iterations:   0 | number of nan iterations:   0 |
 [2026-03-27 18:24:49.997081] iteration    86463/  100000 | consumed samples:     88538112 | elapsed time per iteration (ms): 2225.6 | learning rate: 4.251325E-05 | global batch size:  1024 | lm loss: 2.121813E+00 | loss scale: 1.0 | grad norm: 0.074 | number of skipped iterations:   0 | number of nan iterations:   0 |
 [2026-03-27 18:24:52.111542] iteration    86464/  100000 | consumed samples:     88539136 | elapsed time per iteration (ms): 2114.2 | learning rate: 4.251143E-05 | global batch size:  1024 | lm loss: 2.123899E+00 | loss scale: 1.0 | grad norm: 0.072 | number of skipped iterations:   0 | number of nan iterations:   0 |
 [2026-03-27 18:24:54.320777] iteration    86465/  100000 | consumed samples:     88540160 | elapsed time per iteration (ms): 2208.9 | learning rate: 4.250961E-05 | global batch size:  1024 | lm loss: 2.155667E+00 | loss scale: 1.0 | grad norm: 0.072 | number of skipped iterations:   0 | number of nan iterations:   0 |
 [2026-03-27 18:24:56.524431] iteration    86466/  100000 | consumed samples:     88541184 | elapsed time per iteration (ms): 2203.4 | learning rate: 4.250779E-05 | global batch size:  1024 | lm loss: 2.116521E+00 | loss scale: 1.0 | grad norm: 0.079 | number of skipped iterations:   0 | number of nan iterations:   0 |
 [2026-03-27 18:24:58.634890] iteration    86467/  100000 | consumed samples:     88542208 | elapsed time per iteration (ms): 2110.2 | learning rate: 4.250597E-05 | global batch size:  1024 | lm loss: 2.100049E+00 | loss scale: 1.0 | grad norm: 0.072 | number of skipped iterations:   0 | number of nan iterations:   0 |
 [2026-03-27 18:25:00.794290] iteration    86468/  100000 | consumed samples:     88543232 | elapsed time per iteration (ms): 2159.1 | learning rate: 4.250415E-05 | global batch size:  1024 | lm loss: 2.117609E+00 | loss scale: 1.0 | grad norm: 0.072 | number of skipped iterations:   0 | number of nan iterations:   0 |
 [2026-03-27 18:25:02.992039] iteration    86469/  100000 | consumed samples:     88544256 | elapsed time per iteration (ms): 2197.5 | learning rate: 4.250233E-05 | global batch size:  1024 | lm loss: 2.137985E+00 | loss scale: 1.0 | grad norm: 0.079 | number of skipped iterations:   0 | number of nan iterations:   0 |
 [2026-03-27 18:25:05.189092] iteration    86470/  100000 | consumed samples:     88545280 | elapsed time per iteration (ms): 2196.8 | learning rate: 4.250051E-05 | global batch size:  1024 | lm loss: 2.106731E+00 | loss scale: 1.0 | grad norm: 0.068 | number of skipped iterations:   0 | number of nan iterations:   0 |
 [2026-03-27 18:25:07.304635] iteration    86471/  100000 | consumed samples:     88546304 | elapsed time per iteration (ms): 2115.3 | learning rate: 4.249869E-05 | global batch size:  1024 | lm loss: 2.084581E+00 | loss scale: 1.0 | grad norm: 0.068 | number of skipped iterations:   0 | number of nan iterations:   0 |
 [2026-03-27 18:25:09.415487] iteration    86472/  100000 | consumed samples:     88547328 | elapsed time per iteration (ms): 2110.6 | learning rate: 4.249687E-05 | global batch size:  1024 | lm loss: 2.111917E+00 | loss scale: 1.0 | grad norm: 0.067 | number of skipped iterations:   0 | number of nan iterations:   0 |
 [2026-03-27 18:25:11.596024] iteration    86473/  100000 | consumed samples:     88548352 | elapsed time per iteration (ms): 2180.3 | learning rate: 4.249506E-05 | global batch size:  1024 | lm loss: 2.126445E+00 | loss scale: 1.0 | grad norm: 0.071 | number of skipped iterations:   0 | number of nan iterations:   0 |
 [2026-03-27 18:25:13.792483] iteration    86474/  100000 | consumed samples:     88549376 | elapsed time per iteration (ms): 2196.2 | learning rate: 4.249324E-05 | global batch size:  1024 | lm loss: 2.118984E+00 | loss scale: 1.0 | grad norm: 0.071 | number of skipped iterations:   0 | number of nan iterations:   0 |
 [2026-03-27 18:25:15.980990] iteration    86475/  100000 | consumed samples:     88550400 | elapsed time per iteration (ms): 2188.2 | learning rate: 4.249142E-05 | global batch size:  1024 | lm loss: 2.075936E+00 | loss scale: 1.0 | grad norm: 0.064 | number of skipped iterations:   0 | number of nan iterations:   0 |
 [2026-03-27 18:25:18.139108] iteration    86476/  100000 | consumed samples:     88551424 | elapsed time per iteration (ms): 2157.8 | learning rate: 4.248960E-05 | global batch size:  1024 | lm loss: 2.136888E+00 | loss scale: 1.0 | grad norm: 0.065 | number of skipped iterations:   0 | number of nan iterations:   0 |
 [2026-03-27 18:25:20.313691] iteration    86477/  100000 | consumed samples:     88552448 | elapsed time per iteration (ms): 2174.3 | learning rate: 4.248778E-05 | global batch size:  1024 | lm loss: 2.111326E+00 | loss scale: 1.0 | grad norm: 0.068 | number of skipped iterations:   0 | number of nan iterations:   0 |
 [2026-03-27 18:25:22.537062] iteration    86478/  100000 | consumed samples:     88553472 | elapsed time per iteration (ms): 2223.1 | learning rate: 4.248597E-05 | global batch size:  1024 | lm loss: 2.135378E+00 | loss scale: 1.0 | grad norm: 0.059 | number of skipped iterations:   0 | number of nan iterations:   0 |
 [2026-03-27 18:25:24.734218] iteration    86479/  100000 | consumed samples:     88554496 | elapsed time per iteration (ms): 2196.9 | learning rate: 4.248415E-05 | global batch size:  1024 | lm loss: 2.137553E+00 | loss scale: 1.0 | grad norm: 0.063 | number of skipped iterations:   0 | number of nan iterations:   0 |
 [2026-03-27 18:25:26.935940] iteration    86480/  100000 | consumed samples:     88555520 | elapsed time per iteration (ms): 2201.4 | learning rate: 4.248233E-05 | global batch size:  1024 | lm loss: 2.141348E+00 | loss scale: 1.0 | grad norm: 0.075 | number of skipped iterations:   0 | number of nan iterations:   0 |
 [2026-03-27 18:25:29.062554] iteration    86481/  100000 | consumed samples:     88556544 | elapsed time per iteration (ms): 2126.3 | learning rate: 4.248051E-05 | global batch size:  1024 | lm loss: 2.116102E+00 | loss scale: 1.0 | grad norm: 0.065 | number of skipped iterations:   0 | number of nan iterations:   0 |
 [2026-03-27 18:25:31.182721] iteration    86482/  100000 | consumed samples:     88557568 | elapsed time per iteration (ms): 2119.9 | learning rate: 4.247870E-05 | global batch size:  1024 | lm loss: 2.126431E+00 | loss scale: 1.0 | grad norm: 0.065 | number of skipped iterations:   0 | number of nan iterations:   0 |
 [2026-03-27 18:25:33.378127] iteration    86483/  100000 | consumed samples:     88558592 | elapsed time per iteration (ms): 2195.1 | learning rate: 4.247688E-05 | global batch size:  1024 | lm loss: 2.097434E+00 | loss scale: 1.0 | grad norm: 0.069 | number of skipped iterations:   0 | number of nan iterations:   0 |
 [2026-03-27 18:25:35.539559] iteration    86484/  100000 | consumed samples:     88559616 | elapsed time per iteration (ms): 2161.1 | learning rate: 4.247506E-05 | global batch size:  1024 | lm loss: 2.130206E+00 | loss scale: 1.0 | grad norm: 0.059 | number of skipped iterations:   0 | number of nan iterations:   0 |
 [2026-03-27 18:25:37.735207] iteration    86485/  100000 | consumed samples:     88560640 | elapsed time per iteration (ms): 2195.4 | learning rate: 4.247325E-05 | global batch size:  1024 | lm loss: 2.118093E+00 | loss scale: 1.0 | grad norm: 0.065 | number of skipped iterations:   0 | number of nan iterations:   0 |
 [2026-03-27 18:25:39.942632] iteration    86486/  100000 | consumed samples:     88561664 | elapsed time per iteration (ms): 2207.1 | learning rate: 4.247143E-05 | global batch size:  1024 | lm loss: 2.124810E+00 | loss scale: 1.0 | grad norm: 0.061 | number of skipped iterations:   0 | number of nan iterations:   0 |
 [2026-03-27 18:25:42.157473] iteration    86487/  100000 | consumed samples:     88562688 | elapsed time per iteration (ms): 2214.6 | learning rate: 4.246961E-05 | global batch size:  1024 | lm loss: 2.141710E+00 | loss scale: 1.0 | grad norm: 0.065 | number of skipped iterations:   0 | number of nan iterations:   0 |
 [2026-03-27 18:25:44.349475] iteration    86488/  100000 | consumed samples:     88563712 | elapsed time per iteration (ms): 2191.7 | learning rate: 4.246780E-05 | global batch size:  1024 | lm loss: 2.149931E+00 | loss scale: 1.0 | grad norm: 0.077 | number of skipped iterations:   0 | number of nan iterations:   0 |
 [2026-03-27 18:25:46.544615] iteration    86489/  100000 | consumed samples:     88564736 | elapsed time per iteration (ms): 2194.9 | learning rate: 4.246598E-05 | global batch size:  1024 | lm loss: 2.128295E+00 | loss scale: 1.0 | grad norm: 0.059 | number of skipped iterations:   0 | number of nan iterations:   0 |
 [2026-03-27 18:25:48.749764] iteration    86490/  100000 | consumed samples:     88565760 | elapsed time per iteration (ms): 2204.9 | learning rate: 4.246416E-05 | global batch size:  1024 | lm loss: 2.128286E+00 | loss scale: 1.0 | grad norm: 0.068 | number of skipped iterations:   0 | number of nan iterations:   0 |
 [2026-03-27 18:25:50.930593] iteration    86491/  100000 | consumed samples:     88566784 | elapsed time per iteration (ms): 2180.5 | learning rate: 4.246235E-05 | global batch size:  1024 | lm loss: 2.114485E+00 | loss scale: 1.0 | grad norm: 0.066 | number of skipped iterations:   0 | number of nan iterations:   0 |
 [2026-03-27 18:25:53.089052] iteration    86492/  100000 | consumed samples:     88567808 | elapsed time per iteration (ms): 2158.2 | learning rate: 4.246053E-05 | global batch size:  1024 | lm loss: 2.118863E+00 | loss scale: 1.0 | grad norm: 0.058 | number of skipped iterations:   0 | number of nan iterations:   0 |
 [2026-03-27 18:25:55.271711] iteration    86493/  100000 | consumed samples:     88568832 | elapsed time per iteration (ms): 2182.4 | learning rate: 4.245872E-05 | global batch size:  1024 | lm loss: 2.111376E+00 | loss scale: 1.0 | grad norm: 0.074 | number of skipped iterations:   0 | number of nan iterations:   0 |
 [2026-03-27 18:25:57.483178] iteration    86494/  100000 | consumed samples:     88569856 | elapsed time per iteration (ms): 2211.2 | learning rate: 4.245690E-05 | global batch size:  1024 | lm loss: 2.125001E+00 | loss scale: 1.0 | grad norm: 0.073 | number of skipped iterations:   0 | number of nan iterations:   0 |
 [2026-03-27 18:25:59.686889] iteration    86495/  100000 | consumed samples:     88570880 | elapsed time per iteration (ms): 2203.4 | learning rate: 4.245508E-05 | global batch size:  1024 | lm loss: 2.112609E+00 | loss scale: 1.0 | grad norm: 0.057 | number of skipped iterations:   0 | number of nan iterations:   0 |
 [2026-03-27 18:26:01.878810] iteration    86496/  100000 | consumed samples:     88571904 | elapsed time per iteration (ms): 2191.6 | learning rate: 4.245327E-05 | global batch size:  1024 | lm loss: 2.095366E+00 | loss scale: 1.0 | grad norm: 0.072 | number of skipped iterations:   0 | number of nan iterations:   0 |
 [2026-03-27 18:26:04.063401] iteration    86497/  100000 | consumed samples:     88572928 | elapsed time per iteration (ms): 2184.3 | learning rate: 4.245145E-05 | global batch size:  1024 | lm loss: 2.107827E+00 | loss scale: 1.0 | grad norm: 0.074 | number of skipped iterations:   0 | number of nan iterations:   0 |
 [2026-03-27 18:26:06.285476] iteration    86498/  100000 | consumed samples:     88573952 | elapsed time per iteration (ms): 2221.8 | learning rate: 4.244964E-05 | global batch size:  1024 | lm loss: 2.104164E+00 | loss scale: 1.0 | grad norm: 0.060 | number of skipped iterations:   0 | number of nan iterations:   0 |
 [2026-03-27 18:26:08.513533] iteration    86499/  100000 | consumed samples:     88574976 | elapsed time per iteration (ms): 2227.8 | learning rate: 4.244782E-05 | global batch size:  1024 | lm loss: 2.140526E+00 | loss scale: 1.0 | grad norm: 0.076 | number of skipped iterations:   0 | number of nan iterations:   0 |
 [2026-03-27 18:26:10.721149] iteration    86500/  100000 | consumed samples:     88576000 | elapsed time per iteration (ms): 2207.3 | learning rate: 4.244601E-05 | global batch size:  1024 | lm loss: 2.099861E+00 | loss scale: 1.0 | grad norm: 0.073 | number of skipped iterations:   0 | number of nan iterations:   0 |
INFO:megatron.core.timers:(min, max) time across ranks (ms):
    evaluate .......................................: (3387.59, 3388.52)
-------------------------------------------------------------------------------------------------
 validation loss at iteration 86500 | lm loss value: 2.327040E+00 | lm loss PPL: 1.024757E+01 | 
-------------------------------------------------------------------------------------------------
 [2026-03-27 18:26:16.319987] iteration    86501/  100000 | consumed samples:     88577024 | elapsed time per iteration (ms): 2206.4 | learning rate: 4.244419E-05 | global batch size:  1024 | lm loss: 2.117477E+00 | loss scale: 1.0 | grad norm: 0.065 | number of skipped iterations:   0 | number of nan iterations:   0 |
 [2026-03-27 18:26:18.498806] iteration    86502/  100000 | consumed samples:     88578048 | elapsed time per iteration (ms): 2178.5 | learning rate: 4.244238E-05 | global batch size:  1024 | lm loss: 2.129078E+00 | loss scale: 1.0 | grad norm: 0.075 | number of skipped iterations:   0 | number of nan iterations:   0 |
 [2026-03-27 18:26:20.608603] iteration    86503/  100000 | consumed samples:     88579072 | elapsed time per iteration (ms): 2109.5 | learning rate: 4.244056E-05 | global batch size:  1024 | lm loss: 2.144446E+00 | loss scale: 1.0 | grad norm: 0.072 | number of skipped iterations:   0 | number of nan iterations:   0 |
 [2026-03-27 18:26:22.757089] iteration    86504/  100000 | consumed samples:     88580096 | elapsed time per iteration (ms): 2148.2 | learning rate: 4.243875E-05 | global batch size:  1024 | lm loss: 2.110096E+00 | loss scale: 1.0 | grad norm: 0.061 | number of skipped iterations:   0 | number of nan iterations:   0 |
 [2026-03-27 18:26:24.975883] iteration    86505/  100000 | consumed samples:     88581120 | elapsed time per iteration (ms): 2218.5 | learning rate: 4.243693E-05 | global batch size:  1024 | lm loss: 2.125146E+00 | loss scale: 1.0 | grad norm: 0.075 | number of skipped iterations:   0 | number of nan iterations:   0 |
 [2026-03-27 18:26:27.170888] iteration    86506/  100000 | consumed samples:     88582144 | elapsed time per iteration (ms): 2194.7 | learning rate: 4.243512E-05 | global batch size:  1024 | lm loss: 2.129199E+00 | loss scale: 1.0 | grad norm: 0.063 | number of skipped iterations:   0 | number of nan iterations:   0 |
 [2026-03-27 18:26:29.388454] iteration    86507/  100000 | consumed samples:     88583168 | elapsed time per iteration (ms): 2217.3 | learning rate: 4.243330E-05 | global batch size:  1024 | lm loss: 2.116448E+00 | loss scale: 1.0 | grad norm: 0.058 | number of skipped iterations:   0 | number of nan iterations:   0 |
 [2026-03-27 18:26:31.573249] iteration    86508/  100000 | consumed samples:     88584192 | elapsed time per iteration (ms): 2184.5 | learning rate: 4.243149E-05 | global batch size:  1024 | lm loss: 2.121933E+00 | loss scale: 1.0 | grad norm: 0.069 | number of skipped iterations:   0 | number of nan iterations:   0 |
 [2026-03-27 18:26:33.795666] iteration    86509/  100000 | consumed samples:     88585216 | elapsed time per iteration (ms): 2222.1 | learning rate: 4.242968E-05 | global batch size:  1024 | lm loss: 2.127085E+00 | loss scale: 1.0 | grad norm: 0.060 | number of skipped iterations:   0 | number of nan iterations:   0 |
 [2026-03-27 18:26:36.004978] iteration    86510/  100000 | consumed samples:     88586240 | elapsed time per iteration (ms): 2209.0 | learning rate: 4.242786E-05 | global batch size:  1024 | lm loss: 2.115741E+00 | loss scale: 1.0 | grad norm: 0.055 | number of skipped iterations:   0 | number of nan iterations:   0 |
 [2026-03-27 18:26:38.202550] iteration    86511/  100000 | consumed samples:     88587264 | elapsed time per iteration (ms): 2197.3 | learning rate: 4.242605E-05 | global batch size:  1024 | lm loss: 2.146430E+00 | loss scale: 1.0 | grad norm: 0.063 | number of skipped iterations:   0 | number of nan iterations:   0 |
 [2026-03-27 18:26:40.397651] iteration    86512/  100000 | consumed samples:     88588288 | elapsed time per iteration (ms): 2194.8 | learning rate: 4.242424E-05 | global batch size:  1024 | lm loss: 2.139539E+00 | loss scale: 1.0 | grad norm: 0.065 | number of skipped iterations:   0 | number of nan iterations:   0 |
 [2026-03-27 18:26:42.609328] iteration    86513/  100000 | consumed samples:     88589312 | elapsed time per iteration (ms): 2211.4 | learning rate: 4.242242E-05 | global batch size:  1024 | lm loss: 2.112827E+00 | loss scale: 1.0 | grad norm: 0.062 | number of skipped iterations:   0 | number of nan iterations:   0 |
 [2026-03-27 18:26:44.795633] iteration    86514/  100000 | consumed samples:     88590336 | elapsed time per iteration (ms): 2186.0 | learning rate: 4.242061E-05 | global batch size:  1024 | lm loss: 2.123709E+00 | loss scale: 1.0 | grad norm: 0.060 | number of skipped iterations:   0 | number of nan iterations:   0 |
 [2026-03-27 18:26:46.968636] iteration    86515/  100000 | consumed samples:     88591360 | elapsed time per iteration (ms): 2172.7 | learning rate: 4.241880E-05 | global batch size:  1024 | lm loss: 2.116096E+00 | loss scale: 1.0 | grad norm: 0.060 | number of skipped iterations:   0 | number of nan iterations:   0 |
 [2026-03-27 18:26:49.180041] iteration    86516/  100000 | consumed samples:     88592384 | elapsed time per iteration (ms): 2211.1 | learning rate: 4.241698E-05 | global batch size:  1024 | lm loss: 2.103882E+00 | loss scale: 1.0 | grad norm: 0.064 | number of skipped iterations:   0 | number of nan iterations:   0 |
 [2026-03-27 18:26:51.358690] iteration    86517/  100000 | consumed samples:     88593408 | elapsed time per iteration (ms): 2178.4 | learning rate: 4.241517E-05 | global batch size:  1024 | lm loss: 2.132531E+00 | loss scale: 1.0 | grad norm: 0.064 | number of skipped iterations:   0 | number of nan iterations:   0 |
 [2026-03-27 18:26:53.554030] iteration    86518/  100000 | consumed samples:     88594432 | elapsed time per iteration (ms): 2195.0 | learning rate: 4.241336E-05 | global batch size:  1024 | lm loss: 2.128377E+00 | loss scale: 1.0 | grad norm: 0.064 | number of skipped iterations:   0 | number of nan iterations:   0 |
 [2026-03-27 18:26:55.756537] iteration    86519/  100000 | consumed samples:     88595456 | elapsed time per iteration (ms): 2202.2 | learning rate: 4.241155E-05 | global batch size:  1024 | lm loss: 2.135136E+00 | loss scale: 1.0 | grad norm: 0.065 | number of skipped iterations:   0 | number of nan iterations:   0 |
 [2026-03-27 18:26:57.950096] iteration    86520/  100000 | consumed samples:     88596480 | elapsed time per iteration (ms): 2193.3 | learning rate: 4.240973E-05 | global batch size:  1024 | lm loss: 2.109316E+00 | loss scale: 1.0 | grad norm: 0.063 | number of skipped iterations:   0 | number of nan iterations:   0 |
 [2026-03-27 18:27:00.162405] iteration    86521/  100000 | consumed samples:     88597504 | elapsed time per iteration (ms): 2211.3 | learning rate: 4.240792E-05 | global batch size:  1024 | lm loss: 2.145351E+00 | loss scale: 1.0 | grad norm: 0.070 | number of skipped iterations:   0 | number of nan iterations:   0 |
 [2026-03-27 18:27:02.313252] iteration    86522/  100000 | consumed samples:     88598528 | elapsed time per iteration (ms): 2150.6 | learning rate: 4.240611E-05 | global batch size:  1024 | lm loss: 2.125183E+00 | loss scale: 1.0 | grad norm: 0.064 | number of skipped iterations:   0 | number of nan iterations:   0 |
 [2026-03-27 18:27:04.475597] iteration    86523/  100000 | consumed samples:     88599552 | elapsed time per iteration (ms): 2162.1 | learning rate: 4.240430E-05 | global batch size:  1024 | lm loss: 2.129509E+00 | loss scale: 1.0 | grad norm: 0.062 | number of skipped iterations:   0 | number of nan iterations:   0 |
 [2026-03-27 18:27:06.691054] iteration    86524/  100000 | consumed samples:     88600576 | elapsed time per iteration (ms): 2215.2 | learning rate: 4.240248E-05 | global batch size:  1024 | lm loss: 2.128768E+00 | loss scale: 1.0 | grad norm: 0.079 | number of skipped iterations:   0 | number of nan iterations:   0 |
 [2026-03-27 18:27:08.909012] iteration    86525/  100000 | consumed samples:     88601600 | elapsed time per iteration (ms): 2217.7 | learning rate: 4.240067E-05 | global batch size:  1024 | lm loss: 2.132137E+00 | loss scale: 1.0 | grad norm: 0.069 | number of skipped iterations:   0 | number of nan iterations:   0 |
 [2026-03-27 18:27:11.153478] iteration    86526/  100000 | consumed samples:     88602624 | elapsed time per iteration (ms): 2244.2 | learning rate: 4.239886E-05 | global batch size:  1024 | lm loss: 2.139443E+00 | loss scale: 1.0 | grad norm: 0.066 | number of skipped iterations:   0 | number of nan iterations:   0 |
 [2026-03-27 18:27:13.326207] iteration    86527/  100000 | consumed samples:     88603648 | elapsed time per iteration (ms): 2172.4 | learning rate: 4.239705E-05 | global batch size:  1024 | lm loss: 2.126928E+00 | loss scale: 1.0 | grad norm: 0.088 | number of skipped iterations:   0 | number of nan iterations:   0 |
 [2026-03-27 18:27:15.537344] iteration    86528/  100000 | consumed samples:     88604672 | elapsed time per iteration (ms): 2210.8 | learning rate: 4.239524E-05 | global batch size:  1024 | lm loss: 2.148448E+00 | loss scale: 1.0 | grad norm: 0.075 | number of skipped iterations:   0 | number of nan iterations:   0 |
 [2026-03-27 18:27:17.738963] iteration    86529/  100000 | consumed samples:     88605696 | elapsed time per iteration (ms): 2201.3 | learning rate: 4.239343E-05 | global batch size:  1024 | lm loss: 2.120042E+00 | loss scale: 1.0 | grad norm: 0.072 | number of skipped iterations:   0 | number of nan iterations:   0 |
 [2026-03-27 18:27:19.920956] iteration    86530/  100000 | consumed samples:     88606720 | elapsed time per iteration (ms): 2181.2 | learning rate: 4.239161E-05 | global batch size:  1024 | lm loss: 2.132146E+00 | loss scale: 1.0 | grad norm: 0.081 | number of skipped iterations:   0 | number of nan iterations:   0 |
 [2026-03-27 18:27:22.140009] iteration    86531/  100000 | consumed samples:     88607744 | elapsed time per iteration (ms): 2218.8 | learning rate: 4.238980E-05 | global batch size:  1024 | lm loss: 2.135291E+00 | loss scale: 1.0 | grad norm: 0.062 | number of skipped iterations:   0 | number of nan iterations:   0 |
 [2026-03-27 18:27:24.337062] iteration    86532/  100000 | consumed samples:     88608768 | elapsed time per iteration (ms): 2196.8 | learning rate: 4.238799E-05 | global batch size:  1024 | lm loss: 2.113683E+00 | loss scale: 1.0 | grad norm: 0.074 | number of skipped iterations:   0 | number of nan iterations:   0 |
 [2026-03-27 18:27:26.552369] iteration    86533/  100000 | consumed samples:     88609792 | elapsed time per iteration (ms): 2215.0 | learning rate: 4.238618E-05 | global batch size:  1024 | lm loss: 2.125399E+00 | loss scale: 1.0 | grad norm: 0.083 | number of skipped iterations:   0 | number of nan iterations:   0 |
 [2026-03-27 18:27:28.758593] iteration    86534/  100000 | consumed samples:     88610816 | elapsed time per iteration (ms): 2205.9 | learning rate: 4.238437E-05 | global batch size:  1024 | lm loss: 2.110444E+00 | loss scale: 1.0 | grad norm: 0.064 | number of skipped iterations:   0 | number of nan iterations:   0 |
 [2026-03-27 18:27:30.960034] iteration    86535/  100000 | consumed samples:     88611840 | elapsed time per iteration (ms): 2201.2 | learning rate: 4.238256E-05 | global batch size:  1024 | lm loss: 2.119192E+00 | loss scale: 1.0 | grad norm: 0.077 | number of skipped iterations:   0 | number of nan iterations:   0 |
 [2026-03-27 18:27:33.109814] iteration    86536/  100000 | consumed samples:     88612864 | elapsed time per iteration (ms): 2149.5 | learning rate: 4.238075E-05 | global batch size:  1024 | lm loss: 2.157485E+00 | loss scale: 1.0 | grad norm: 0.073 | number of skipped iterations:   0 | number of nan iterations:   0 |
 [2026-03-27 18:27:35.225426] iteration    86537/  100000 | consumed samples:     88613888 | elapsed time per iteration (ms): 2115.3 | learning rate: 4.237894E-05 | global batch size:  1024 | lm loss: 2.114779E+00 | loss scale: 1.0 | grad norm: 0.059 | number of skipped iterations:   0 | number of nan iterations:   0 |
 [2026-03-27 18:27:37.399754] iteration    86538/  100000 | consumed samples:     88614912 | elapsed time per iteration (ms): 2174.1 | learning rate: 4.237713E-05 | global batch size:  1024 | lm loss: 2.120492E+00 | loss scale: 1.0 | grad norm: 0.080 | number of skipped iterations:   0 | number of nan iterations:   0 |
 [2026-03-27 18:27:39.644970] iteration    86539/  100000 | consumed samples:     88615936 | elapsed time per iteration (ms): 2244.9 | learning rate: 4.237532E-05 | global batch size:  1024 | lm loss: 2.131536E+00 | loss scale: 1.0 | grad norm: 0.077 | number of skipped iterations:   0 | number of nan iterations:   0 |
 [2026-03-27 18:27:41.849167] iteration    86540/  100000 | consumed samples:     88616960 | elapsed time per iteration (ms): 2203.9 | learning rate: 4.237351E-05 | global batch size:  1024 | lm loss: 2.108820E+00 | loss scale: 1.0 | grad norm: 0.060 | number of skipped iterations:   0 | number of nan iterations:   0 |
 [2026-03-27 18:27:44.056005] iteration    86541/  100000 | consumed samples:     88617984 | elapsed time per iteration (ms): 2206.6 | learning rate: 4.237170E-05 | global batch size:  1024 | lm loss: 2.128408E+00 | loss scale: 1.0 | grad norm: 0.083 | number of skipped iterations:   0 | number of nan iterations:   0 |
 [2026-03-27 18:27:46.256356] iteration    86542/  100000 | consumed samples:     88619008 | elapsed time per iteration (ms): 2200.1 | learning rate: 4.236989E-05 | global batch size:  1024 | lm loss: 2.127743E+00 | loss scale: 1.0 | grad norm: 0.081 | number of skipped iterations:   0 | number of nan iterations:   0 |
 [2026-03-27 18:27:48.458426] iteration    86543/  100000 | consumed samples:     88620032 | elapsed time per iteration (ms): 2201.8 | learning rate: 4.236808E-05 | global batch size:  1024 | lm loss: 2.120083E+00 | loss scale: 1.0 | grad norm: 0.058 | number of skipped iterations:   0 | number of nan iterations:   0 |
 [2026-03-27 18:27:50.645152] iteration    86544/  100000 | consumed samples:     88621056 | elapsed time per iteration (ms): 2186.4 | learning rate: 4.236627E-05 | global batch size:  1024 | lm loss: 2.110307E+00 | loss scale: 1.0 | grad norm: 0.078 | number of skipped iterations:   0 | number of nan iterations:   0 |
 [2026-03-27 18:27:52.781599] iteration    86545/  100000 | consumed samples:     88622080 | elapsed time per iteration (ms): 2136.2 | learning rate: 4.236446E-05 | global batch size:  1024 | lm loss: 2.138630E+00 | loss scale: 1.0 | grad norm: 0.079 | number of skipped iterations:   0 | number of nan iterations:   0 |
 [2026-03-27 18:27:54.998724] iteration    86546/  100000 | consumed samples:     88623104 | elapsed time per iteration (ms): 2216.8 | learning rate: 4.236265E-05 | global batch size:  1024 | lm loss: 2.129185E+00 | loss scale: 1.0 | grad norm: 0.062 | number of skipped iterations:   0 | number of nan iterations:   0 |
 [2026-03-27 18:27:57.221169] iteration    86547/  100000 | consumed samples:     88624128 | elapsed time per iteration (ms): 2222.2 | learning rate: 4.236084E-05 | global batch size:  1024 | lm loss: 2.136431E+00 | loss scale: 1.0 | grad norm: 0.078 | number of skipped iterations:   0 | number of nan iterations:   0 |
 [2026-03-27 18:27:59.425910] iteration    86548/  100000 | consumed samples:     88625152 | elapsed time per iteration (ms): 2204.5 | learning rate: 4.235903E-05 | global batch size:  1024 | lm loss: 2.123284E+00 | loss scale: 1.0 | grad norm: 0.081 | number of skipped iterations:   0 | number of nan iterations:   0 |
 [2026-03-27 18:28:01.612510] iteration    86549/  100000 | consumed samples:     88626176 | elapsed time per iteration (ms): 2186.3 | learning rate: 4.235722E-05 | global batch size:  1024 | lm loss: 2.126341E+00 | loss scale: 1.0 | grad norm: 0.065 | number of skipped iterations:   0 | number of nan iterations:   0 |
 [2026-03-27 18:28:03.813113] iteration    86550/  100000 | consumed samples:     88627200 | elapsed time per iteration (ms): 2200.3 | learning rate: 4.235542E-05 | global batch size:  1024 | lm loss: 2.144235E+00 | loss scale: 1.0 | grad norm: 0.082 | number of skipped iterations:   0 | number of nan iterations:   0 |
 [2026-03-27 18:28:05.988072] iteration    86551/  100000 | consumed samples:     88628224 | elapsed time per iteration (ms): 2174.7 | learning rate: 4.235361E-05 | global batch size:  1024 | lm loss: 2.138226E+00 | loss scale: 1.0 | grad norm: 0.087 | number of skipped iterations:   0 | number of nan iterations:   0 |
 [2026-03-27 18:28:08.150203] iteration    86552/  100000 | consumed samples:     88629248 | elapsed time per iteration (ms): 2161.9 | learning rate: 4.235180E-05 | global batch size:  1024 | lm loss: 2.123187E+00 | loss scale: 1.0 | grad norm: 0.064 | number of skipped iterations:   0 | number of nan iterations:   0 |
 [2026-03-27 18:28:10.368627] iteration    86553/  100000 | consumed samples:     88630272 | elapsed time per iteration (ms): 2218.1 | learning rate: 4.234999E-05 | global batch size:  1024 | lm loss: 2.114455E+00 | loss scale: 1.0 | grad norm: 0.076 | number of skipped iterations:   0 | number of nan iterations:   0 |
 [2026-03-27 18:28:12.587708] iteration    86554/  100000 | consumed samples:     88631296 | elapsed time per iteration (ms): 2218.8 | learning rate: 4.234818E-05 | global batch size:  1024 | lm loss: 2.096260E+00 | loss scale: 1.0 | grad norm: 0.074 | number of skipped iterations:   0 | number of nan iterations:   0 |
 [2026-03-27 18:28:14.773421] iteration    86555/  100000 | consumed samples:     88632320 | elapsed time per iteration (ms): 2185.4 | learning rate: 4.234637E-05 | global batch size:  1024 | lm loss: 2.135622E+00 | loss scale: 1.0 | grad norm: 0.066 | number of skipped iterations:   0 | number of nan iterations:   0 |
 [2026-03-27 18:28:16.899072] iteration    86556/  100000 | consumed samples:     88633344 | elapsed time per iteration (ms): 2125.4 | learning rate: 4.234456E-05 | global batch size:  1024 | lm loss: 2.092042E+00 | loss scale: 1.0 | grad norm: 0.066 | number of skipped iterations:   0 | number of nan iterations:   0 |
 [2026-03-27 18:28:19.083523] iteration    86557/  100000 | consumed samples:     88634368 | elapsed time per iteration (ms): 2184.2 | learning rate: 4.234276E-05 | global batch size:  1024 | lm loss: 2.121493E+00 | loss scale: 1.0 | grad norm: 0.079 | number of skipped iterations:   0 | number of nan iterations:   0 |
 [2026-03-27 18:28:21.248773] iteration    86558/  100000 | consumed samples:     88635392 | elapsed time per iteration (ms): 2165.0 | learning rate: 4.234095E-05 | global batch size:  1024 | lm loss: 2.128984E+00 | loss scale: 1.0 | grad norm: 0.068 | number of skipped iterations:   0 | number of nan iterations:   0 |
 [2026-03-27 18:28:23.439977] iteration    86559/  100000 | consumed samples:     88636416 | elapsed time per iteration (ms): 2190.9 | learning rate: 4.233914E-05 | global batch size:  1024 | lm loss: 2.134505E+00 | loss scale: 1.0 | grad norm: 0.067 | number of skipped iterations:   0 | number of nan iterations:   0 |
 [2026-03-27 18:28:25.671537] iteration    86560/  100000 | consumed samples:     88637440 | elapsed time per iteration (ms): 2231.3 | learning rate: 4.233733E-05 | global batch size:  1024 | lm loss: 2.141598E+00 | loss scale: 1.0 | grad norm: 0.071 | number of skipped iterations:   0 | number of nan iterations:   0 |
 [2026-03-27 18:28:27.790723] iteration    86561/  100000 | consumed samples:     88638464 | elapsed time per iteration (ms): 2118.9 | learning rate: 4.233553E-05 | global batch size:  1024 | lm loss: 2.135511E+00 | loss scale: 1.0 | grad norm: 0.067 | number of skipped iterations:   0 | number of nan iterations:   0 |
 [2026-03-27 18:28:30.006243] iteration    86562/  100000 | consumed samples:     88639488 | elapsed time per iteration (ms): 2215.2 | learning rate: 4.233372E-05 | global batch size:  1024 | lm loss: 2.130314E+00 | loss scale: 1.0 | grad norm: 0.072 | number of skipped iterations:   0 | number of nan iterations:   0 |
 [2026-03-27 18:28:32.167226] iteration    86563/  100000 | consumed samples:     88640512 | elapsed time per iteration (ms): 2160.7 | learning rate: 4.233191E-05 | global batch size:  1024 | lm loss: 2.135492E+00 | loss scale: 1.0 | grad norm: 0.069 | number of skipped iterations:   0 | number of nan iterations:   0 |
 [2026-03-27 18:28:34.355807] iteration    86564/  100000 | consumed samples:     88641536 | elapsed time per iteration (ms): 2188.3 | learning rate: 4.233011E-05 | global batch size:  1024 | lm loss: 2.144582E+00 | loss scale: 1.0 | grad norm: 0.070 | number of skipped iterations:   0 | number of nan iterations:   0 |
 [2026-03-27 18:28:36.527299] iteration    86565/  100000 | consumed samples:     88642560 | elapsed time per iteration (ms): 2171.2 | learning rate: 4.232830E-05 | global batch size:  1024 | lm loss: 2.104448E+00 | loss scale: 1.0 | grad norm: 0.068 | number of skipped iterations:   0 | number of nan iterations:   0 |
 [2026-03-27 18:28:38.704168] iteration    86566/  100000 | consumed samples:     88643584 | elapsed time per iteration (ms): 2176.6 | learning rate: 4.232649E-05 | global batch size:  1024 | lm loss: 2.132824E+00 | loss scale: 1.0 | grad norm: 0.066 | number of skipped iterations:   0 | number of nan iterations:   0 |
 [2026-03-27 18:28:40.924874] iteration    86567/  100000 | consumed samples:     88644608 | elapsed time per iteration (ms): 2220.4 | learning rate: 4.232469E-05 | global batch size:  1024 | lm loss: 2.164743E+00 | loss scale: 1.0 | grad norm: 0.076 | number of skipped iterations:   0 | number of nan iterations:   0 |
 [2026-03-27 18:28:43.113939] iteration    86568/  100000 | consumed samples:     88645632 | elapsed time per iteration (ms): 2188.8 | learning rate: 4.232288E-05 | global batch size:  1024 | lm loss: 2.119763E+00 | loss scale: 1.0 | grad norm: 0.074 | number of skipped iterations:   0 | number of nan iterations:   0 |
 [2026-03-27 18:28:45.269855] iteration    86569/  100000 | consumed samples:     88646656 | elapsed time per iteration (ms): 2155.6 | learning rate: 4.232107E-05 | global batch size:  1024 | lm loss: 2.136208E+00 | loss scale: 1.0 | grad norm: 0.065 | number of skipped iterations:   0 | number of nan iterations:   0 |
 [2026-03-27 18:28:47.461046] iteration    86570/  100000 | consumed samples:     88647680 | elapsed time per iteration (ms): 2190.9 | learning rate: 4.231927E-05 | global batch size:  1024 | lm loss: 2.129515E+00 | loss scale: 1.0 | grad norm: 0.078 | number of skipped iterations:   0 | number of nan iterations:   0 |
 [2026-03-27 18:28:49.624206] iteration    86571/  100000 | consumed samples:     88648704 | elapsed time per iteration (ms): 2162.9 | learning rate: 4.231746E-05 | global batch size:  1024 | lm loss: 2.136531E+00 | loss scale: 1.0 | grad norm: 0.082 | number of skipped iterations:   0 | number of nan iterations:   0 |
 [2026-03-27 18:28:51.831964] iteration    86572/  100000 | consumed samples:     88649728 | elapsed time per iteration (ms): 2207.5 | learning rate: 4.231566E-05 | global batch size:  1024 | lm loss: 2.129592E+00 | loss scale: 1.0 | grad norm: 0.069 | number of skipped iterations:   0 | number of nan iterations:   0 |
 [2026-03-27 18:28:54.035753] iteration    86573/  100000 | consumed samples:     88650752 | elapsed time per iteration (ms): 2203.5 | learning rate: 4.231385E-05 | global batch size:  1024 | lm loss: 2.146011E+00 | loss scale: 1.0 | grad norm: 0.083 | number of skipped iterations:   0 | number of nan iterations:   0 |
 [2026-03-27 18:28:56.214186] iteration    86574/  100000 | consumed samples:     88651776 | elapsed time per iteration (ms): 2177.6 | learning rate: 4.231204E-05 | global batch size:  1024 | lm loss: 2.119843E+00 | loss scale: 1.0 | grad norm: 0.070 | number of skipped iterations:   0 | number of nan iterations:   0 |
 [2026-03-27 18:28:58.428127] iteration    86575/  100000 | consumed samples:     88652800 | elapsed time per iteration (ms): 2213.7 | learning rate: 4.231024E-05 | global batch size:  1024 | lm loss: 2.120880E+00 | loss scale: 1.0 | grad norm: 0.067 | number of skipped iterations:   0 | number of nan iterations:   0 |
 [2026-03-27 18:29:00.619092] iteration    86576/  100000 | consumed samples:     88653824 | elapsed time per iteration (ms): 2190.7 | learning rate: 4.230843E-05 | global batch size:  1024 | lm loss: 2.128491E+00 | loss scale: 1.0 | grad norm: 0.078 | number of skipped iterations:   0 | number of nan iterations:   0 |
 [2026-03-27 18:29:02.713016] iteration    86577/  100000 | consumed samples:     88654848 | elapsed time per iteration (ms): 2093.6 | learning rate: 4.230663E-05 | global batch size:  1024 | lm loss: 2.135064E+00 | loss scale: 1.0 | grad norm: 0.065 | number of skipped iterations:   0 | number of nan iterations:   0 |
 [2026-03-27 18:29:04.888189] iteration    86578/  100000 | consumed samples:     88655872 | elapsed time per iteration (ms): 2174.9 | learning rate: 4.230482E-05 | global batch size:  1024 | lm loss: 2.127857E+00 | loss scale: 1.0 | grad norm: 0.068 | number of skipped iterations:   0 | number of nan iterations:   0 |
 [2026-03-27 18:29:07.098930] iteration    86579/  100000 | consumed samples:     88656896 | elapsed time per iteration (ms): 2210.5 | learning rate: 4.230302E-05 | global batch size:  1024 | lm loss: 2.107904E+00 | loss scale: 1.0 | grad norm: 0.078 | number of skipped iterations:   0 | number of nan iterations:   0 |
 [2026-03-27 18:29:09.283383] iteration    86580/  100000 | consumed samples:     88657920 | elapsed time per iteration (ms): 2184.2 | learning rate: 4.230121E-05 | global batch size:  1024 | lm loss: 2.104344E+00 | loss scale: 1.0 | grad norm: 0.058 | number of skipped iterations:   0 | number of nan iterations:   0 |
 [2026-03-27 18:29:11.501969] iteration    86581/  100000 | consumed samples:     88658944 | elapsed time per iteration (ms): 2218.3 | learning rate: 4.229941E-05 | global batch size:  1024 | lm loss: 2.129238E+00 | loss scale: 1.0 | grad norm: 0.075 | number of skipped iterations:   0 | number of nan iterations:   0 |
 [2026-03-27 18:29:13.718232] iteration    86582/  100000 | consumed samples:     88659968 | elapsed time per iteration (ms): 2216.0 | learning rate: 4.229760E-05 | global batch size:  1024 | lm loss: 2.145097E+00 | loss scale: 1.0 | grad norm: 0.079 | number of skipped iterations:   0 | number of nan iterations:   0 |
 [2026-03-27 18:29:15.904763] iteration    86583/  100000 | consumed samples:     88660992 | elapsed time per iteration (ms): 2186.2 | learning rate: 4.229580E-05 | global batch size:  1024 | lm loss: 2.121428E+00 | loss scale: 1.0 | grad norm: 0.058 | number of skipped iterations:   0 | number of nan iterations:   0 |
 [2026-03-27 18:29:18.112305] iteration    86584/  100000 | consumed samples:     88662016 | elapsed time per iteration (ms): 2207.2 | learning rate: 4.229399E-05 | global batch size:  1024 | lm loss: 2.144904E+00 | loss scale: 1.0 | grad norm: 0.075 | number of skipped iterations:   0 | number of nan iterations:   0 |
 [2026-03-27 18:29:20.343239] iteration    86585/  100000 | consumed samples:     88663040 | elapsed time per iteration (ms): 2230.6 | learning rate: 4.229219E-05 | global batch size:  1024 | lm loss: 2.109176E+00 | loss scale: 1.0 | grad norm: 0.080 | number of skipped iterations:   0 | number of nan iterations:   0 |
 [2026-03-27 18:29:22.558472] iteration    86586/  100000 | consumed samples:     88664064 | elapsed time per iteration (ms): 2214.1 | learning rate: 4.229038E-05 | global batch size:  1024 | lm loss: 2.131677E+00 | loss scale: 1.0 | grad norm: 0.055 | number of skipped iterations:   0 | number of nan iterations:   0 |
 [2026-03-27 18:29:24.764994] iteration    86587/  100000 | consumed samples:     88665088 | elapsed time per iteration (ms): 2206.2 | learning rate: 4.228858E-05 | global batch size:  1024 | lm loss: 2.137119E+00 | loss scale: 1.0 | grad norm: 0.076 | number of skipped iterations:   0 | number of nan iterations:   0 |
 [2026-03-27 18:29:26.966959] iteration    86588/  100000 | consumed samples:     88666112 | elapsed time per iteration (ms): 2201.7 | learning rate: 4.228677E-05 | global batch size:  1024 | lm loss: 2.141765E+00 | loss scale: 1.0 | grad norm: 0.080 | number of skipped iterations:   0 | number of nan iterations:   0 |
 [2026-03-27 18:29:29.162525] iteration    86589/  100000 | consumed samples:     88667136 | elapsed time per iteration (ms): 2195.3 | learning rate: 4.228497E-05 | global batch size:  1024 | lm loss: 2.116170E+00 | loss scale: 1.0 | grad norm: 0.058 | number of skipped iterations:   0 | number of nan iterations:   0 |
 [2026-03-27 18:29:31.380298] iteration    86590/  100000 | consumed samples:     88668160 | elapsed time per iteration (ms): 2217.5 | learning rate: 4.228317E-05 | global batch size:  1024 | lm loss: 2.132090E+00 | loss scale: 1.0 | grad norm: 0.084 | number of skipped iterations:   0 | number of nan iterations:   0 |
 [2026-03-27 18:29:33.574856] iteration    86591/  100000 | consumed samples:     88669184 | elapsed time per iteration (ms): 2194.3 | learning rate: 4.228136E-05 | global batch size:  1024 | lm loss: 2.086075E+00 | loss scale: 1.0 | grad norm: 0.071 | number of skipped iterations:   0 | number of nan iterations:   0 |
 [2026-03-27 18:29:35.767674] iteration    86592/  100000 | consumed samples:     88670208 | elapsed time per iteration (ms): 2192.5 | learning rate: 4.227956E-05 | global batch size:  1024 | lm loss: 2.096504E+00 | loss scale: 1.0 | grad norm: 0.060 | number of skipped iterations:   0 | number of nan iterations:   0 |
 [2026-03-27 18:29:37.976445] iteration    86593/  100000 | consumed samples:     88671232 | elapsed time per iteration (ms): 2208.5 | learning rate: 4.227776E-05 | global batch size:  1024 | lm loss: 2.112678E+00 | loss scale: 1.0 | grad norm: 0.083 | number of skipped iterations:   0 | number of nan iterations:   0 |
 [2026-03-27 18:29:40.159872] iteration    86594/  100000 | consumed samples:     88672256 | elapsed time per iteration (ms): 2183.1 | learning rate: 4.227595E-05 | global batch size:  1024 | lm loss: 2.122507E+00 | loss scale: 1.0 | grad norm: 0.072 | number of skipped iterations:   0 | number of nan iterations:   0 |
 [2026-03-27 18:29:42.369209] iteration    86595/  100000 | consumed samples:     88673280 | elapsed time per iteration (ms): 2209.0 | learning rate: 4.227415E-05 | global batch size:  1024 | lm loss: 2.131511E+00 | loss scale: 1.0 | grad norm: 0.068 | number of skipped iterations:   0 | number of nan iterations:   0 |
 [2026-03-27 18:29:44.571684] iteration    86596/  100000 | consumed samples:     88674304 | elapsed time per iteration (ms): 2202.2 | learning rate: 4.227235E-05 | global batch size:  1024 | lm loss: 2.113481E+00 | loss scale: 1.0 | grad norm: 0.084 | number of skipped iterations:   0 | number of nan iterations:   0 |
 [2026-03-27 18:29:46.763119] iteration    86597/  100000 | consumed samples:     88675328 | elapsed time per iteration (ms): 2191.2 | learning rate: 4.227055E-05 | global batch size:  1024 | lm loss: 2.147026E+00 | loss scale: 1.0 | grad norm: 0.070 | number of skipped iterations:   0 | number of nan iterations:   0 |
 [2026-03-27 18:29:48.962768] iteration    86598/  100000 | consumed samples:     88676352 | elapsed time per iteration (ms): 2199.4 | learning rate: 4.226874E-05 | global batch size:  1024 | lm loss: 2.153742E+00 | loss scale: 1.0 | grad norm: 0.063 | number of skipped iterations:   0 | number of nan iterations:   0 |
 [2026-03-27 18:29:51.167839] iteration    86599/  100000 | consumed samples:     88677376 | elapsed time per iteration (ms): 2204.8 | learning rate: 4.226694E-05 | global batch size:  1024 | lm loss: 2.130249E+00 | loss scale: 1.0 | grad norm: 0.081 | number of skipped iterations:   0 | number of nan iterations:   0 |
 [2026-03-27 18:29:53.395399] iteration    86600/  100000 | consumed samples:     88678400 | elapsed time per iteration (ms): 2227.1 | learning rate: 4.226514E-05 | global batch size:  1024 | lm loss: 2.123818E+00 | loss scale: 1.0 | grad norm: 0.063 | number of skipped iterations:   0 | number of nan iterations:   0 |
INFO:megatron.core.timers:(min, max) time across ranks (ms):
    evaluate .......................................: (3379.95, 3381.10)
-------------------------------------------------------------------------------------------------
 validation loss at iteration 86600 | lm loss value: 2.324090E+00 | lm loss PPL: 1.021738E+01 | 
-------------------------------------------------------------------------------------------------
 [2026-03-27 18:29:58.984112] iteration    86601/  100000 | consumed samples:     88679424 | elapsed time per iteration (ms): 2202.6 | learning rate: 4.226333E-05 | global batch size:  1024 | lm loss: 2.123554E+00 | loss scale: 1.0 | grad norm: 0.068 | number of skipped iterations:   0 | number of nan iterations:   0 |
 [2026-03-27 18:30:01.081897] iteration    86602/  100000 | consumed samples:     88680448 | elapsed time per iteration (ms): 2097.5 | learning rate: 4.226153E-05 | global batch size:  1024 | lm loss: 2.131047E+00 | loss scale: 1.0 | grad norm: 0.081 | number of skipped iterations:   0 | number of nan iterations:   0 |
 [2026-03-27 18:30:03.277397] iteration    86603/  100000 | consumed samples:     88681472 | elapsed time per iteration (ms): 2194.3 | learning rate: 4.225973E-05 | global batch size:  1024 | lm loss: 2.115050E+00 | loss scale: 1.0 | grad norm: 0.065 | number of skipped iterations:   0 | number of nan iterations:   0 |
 [2026-03-27 18:30:05.496444] iteration    86604/  100000 | consumed samples:     88682496 | elapsed time per iteration (ms): 2218.7 | learning rate: 4.225793E-05 | global batch size:  1024 | lm loss: 2.109205E+00 | loss scale: 1.0 | grad norm: 0.065 | number of skipped iterations:   0 | number of nan iterations:   0 |
 [2026-03-27 18:30:07.698369] iteration    86605/  100000 | consumed samples:     88683520 | elapsed time per iteration (ms): 2201.6 | learning rate: 4.225613E-05 | global batch size:  1024 | lm loss: 2.116264E+00 | loss scale: 1.0 | grad norm: 0.083 | number of skipped iterations:   0 | number of nan iterations:   0 |
 [2026-03-27 18:30:09.908704] iteration    86606/  100000 | consumed samples:     88684544 | elapsed time per iteration (ms): 2210.1 | learning rate: 4.225433E-05 | global batch size:  1024 | lm loss: 2.108796E+00 | loss scale: 1.0 | grad norm: 0.066 | number of skipped iterations:   0 | number of nan iterations:   0 |
 [2026-03-27 18:30:12.108632] iteration    86607/  100000 | consumed samples:     88685568 | elapsed time per iteration (ms): 2199.6 | learning rate: 4.225253E-05 | global batch size:  1024 | lm loss: 2.122294E+00 | loss scale: 1.0 | grad norm: 0.065 | number of skipped iterations:   0 | number of nan iterations:   0 |
 [2026-03-27 18:30:14.321159] iteration    86608/  100000 | consumed samples:     88686592 | elapsed time per iteration (ms): 2212.2 | learning rate: 4.225072E-05 | global batch size:  1024 | lm loss: 2.115168E+00 | loss scale: 1.0 | grad norm: 0.079 | number of skipped iterations:   0 | number of nan iterations:   0 |
 [2026-03-27 18:30:16.501271] iteration    86609/  100000 | consumed samples:     88687616 | elapsed time per iteration (ms): 2179.8 | learning rate: 4.224892E-05 | global batch size:  1024 | lm loss: 2.104835E+00 | loss scale: 1.0 | grad norm: 0.063 | number of skipped iterations:   0 | number of nan iterations:   0 |
 [2026-03-27 18:30:18.688001] iteration    86610/  100000 | consumed samples:     88688640 | elapsed time per iteration (ms): 2186.4 | learning rate: 4.224712E-05 | global batch size:  1024 | lm loss: 2.139739E+00 | loss scale: 1.0 | grad norm: 0.074 | number of skipped iterations:   0 | number of nan iterations:   0 |
 [2026-03-27 18:30:20.911244] iteration    86611/  100000 | consumed samples:     88689664 | elapsed time per iteration (ms): 2223.0 | learning rate: 4.224532E-05 | global batch size:  1024 | lm loss: 2.102546E+00 | loss scale: 1.0 | grad norm: 0.070 | number of skipped iterations:   0 | number of nan iterations:   0 |
 [2026-03-27 18:30:23.090215] iteration    86612/  100000 | consumed samples:     88690688 | elapsed time per iteration (ms): 2178.7 | learning rate: 4.224352E-05 | global batch size:  1024 | lm loss: 2.176034E+00 | loss scale: 1.0 | grad norm: 0.062 | number of skipped iterations:   0 | number of nan iterations:   0 |
 [2026-03-27 18:30:25.296243] iteration    86613/  100000 | consumed samples:     88691712 | elapsed time per iteration (ms): 2205.7 | learning rate: 4.224172E-05 | global batch size:  1024 | lm loss: 2.111047E+00 | loss scale: 1.0 | grad norm: 0.075 | number of skipped iterations:   0 | number of nan iterations:   0 |
 [2026-03-27 18:30:27.509080] iteration    86614/  100000 | consumed samples:     88692736 | elapsed time per iteration (ms): 2212.5 | learning rate: 4.223992E-05 | global batch size:  1024 | lm loss: 2.113458E+00 | loss scale: 1.0 | grad norm: 0.078 | number of skipped iterations:   0 | number of nan iterations:   0 |
 [2026-03-27 18:30:29.706852] iteration    86615/  100000 | consumed samples:     88693760 | elapsed time per iteration (ms): 2197.5 | learning rate: 4.223812E-05 | global batch size:  1024 | lm loss: 2.101283E+00 | loss scale: 1.0 | grad norm: 0.067 | number of skipped iterations:   0 | number of nan iterations:   0 |
 [2026-03-27 18:30:31.937644] iteration    86616/  100000 | consumed samples:     88694784 | elapsed time per iteration (ms): 2230.5 | learning rate: 4.223632E-05 | global batch size:  1024 | lm loss: 2.120840E+00 | loss scale: 1.0 | grad norm: 0.071 | number of skipped iterations:   0 | number of nan iterations:   0 |
 [2026-03-27 18:30:34.138331] iteration    86617/  100000 | consumed samples:     88695808 | elapsed time per iteration (ms): 2200.4 | learning rate: 4.223451E-05 | global batch size:  1024 | lm loss: 2.132106E+00 | loss scale: 1.0 | grad norm: 0.067 | number of skipped iterations:   0 | number of nan iterations:   0 |
 [2026-03-27 18:30:36.319567] iteration    86618/  100000 | consumed samples:     88696832 | elapsed time per iteration (ms): 2180.9 | learning rate: 4.223272E-05 | global batch size:  1024 | lm loss: 2.137120E+00 | loss scale: 1.0 | grad norm: 0.071 | number of skipped iterations:   0 | number of nan iterations:   0 |
 [2026-03-27 18:30:38.501002] iteration    86619/  100000 | consumed samples:     88697856 | elapsed time per iteration (ms): 2181.1 | learning rate: 4.223092E-05 | global batch size:  1024 | lm loss: 2.120415E+00 | loss scale: 1.0 | grad norm: 0.074 | number of skipped iterations:   0 | number of nan iterations:   0 |
 [2026-03-27 18:30:40.683842] iteration    86620/  100000 | consumed samples:     88698880 | elapsed time per iteration (ms): 2182.6 | learning rate: 4.222912E-05 | global batch size:  1024 | lm loss: 2.146219E+00 | loss scale: 1.0 | grad norm: 0.065 | number of skipped iterations:   0 | number of nan iterations:   0 |
 [2026-03-27 18:30:42.892973] iteration    86621/  100000 | consumed samples:     88699904 | elapsed time per iteration (ms): 2208.9 | learning rate: 4.222732E-05 | global batch size:  1024 | lm loss: 2.136708E+00 | loss scale: 1.0 | grad norm: 0.068 | number of skipped iterations:   0 | number of nan iterations:   0 |
 [2026-03-27 18:30:45.095866] iteration    86622/  100000 | consumed samples:     88700928 | elapsed time per iteration (ms): 2202.6 | learning rate: 4.222552E-05 | global batch size:  1024 | lm loss: 2.141211E+00 | loss scale: 1.0 | grad norm: 0.074 | number of skipped iterations:   0 | number of nan iterations:   0 |
 [2026-03-27 18:30:47.315523] iteration    86623/  100000 | consumed samples:     88701952 | elapsed time per iteration (ms): 2219.4 | learning rate: 4.222372E-05 | global batch size:  1024 | lm loss: 2.168315E+00 | loss scale: 1.0 | grad norm: 0.071 | number of skipped iterations:   0 | number of nan iterations:   0 |
 [2026-03-27 18:30:49.502711] iteration    86624/  100000 | consumed samples:     88702976 | elapsed time per iteration (ms): 2186.9 | learning rate: 4.222192E-05 | global batch size:  1024 | lm loss: 2.119461E+00 | loss scale: 1.0 | grad norm: 0.077 | number of skipped iterations:   0 | number of nan iterations:   0 |
 [2026-03-27 18:30:51.709117] iteration    86625/  100000 | consumed samples:     88704000 | elapsed time per iteration (ms): 2206.1 | learning rate: 4.222012E-05 | global batch size:  1024 | lm loss: 2.143022E+00 | loss scale: 1.0 | grad norm: 0.069 | number of skipped iterations:   0 | number of nan iterations:   0 |
 [2026-03-27 18:30:53.902128] iteration    86626/  100000 | consumed samples:     88705024 | elapsed time per iteration (ms): 2192.7 | learning rate: 4.221832E-05 | global batch size:  1024 | lm loss: 2.106471E+00 | loss scale: 1.0 | grad norm: 0.065 | number of skipped iterations:   0 | number of nan iterations:   0 |
 [2026-03-27 18:30:55.998868] iteration    86627/  100000 | consumed samples:     88706048 | elapsed time per iteration (ms): 2096.5 | learning rate: 4.221652E-05 | global batch size:  1024 | lm loss: 2.121917E+00 | loss scale: 1.0 | grad norm: 0.067 | number of skipped iterations:   0 | number of nan iterations:   0 |
 [2026-03-27 18:30:58.165649] iteration    86628/  100000 | consumed samples:     88707072 | elapsed time per iteration (ms): 2166.5 | learning rate: 4.221472E-05 | global batch size:  1024 | lm loss: 2.132776E+00 | loss scale: 1.0 | grad norm: 0.065 | number of skipped iterations:   0 | number of nan iterations:   0 |
 [2026-03-27 18:31:00.369473] iteration    86629/  100000 | consumed samples:     88708096 | elapsed time per iteration (ms): 2203.6 | learning rate: 4.221292E-05 | global batch size:  1024 | lm loss: 2.113575E+00 | loss scale: 1.0 | grad norm: 0.070 | number of skipped iterations:   0 | number of nan iterations:   0 |
 [2026-03-27 18:31:02.574862] iteration    86630/  100000 | consumed samples:     88709120 | elapsed time per iteration (ms): 2205.1 | learning rate: 4.221112E-05 | global batch size:  1024 | lm loss: 2.138113E+00 | loss scale: 1.0 | grad norm: 0.069 | number of skipped iterations:   0 | number of nan iterations:   0 |
 [2026-03-27 18:31:04.784722] iteration    86631/  100000 | consumed samples:     88710144 | elapsed time per iteration (ms): 2209.6 | learning rate: 4.220933E-05 | global batch size:  1024 | lm loss: 2.113421E+00 | loss scale: 1.0 | grad norm: 0.065 | number of skipped iterations:   0 | number of nan iterations:   0 |
 [2026-03-27 18:31:07.169557] iteration    86632/  100000 | consumed samples:     88711168 | elapsed time per iteration (ms): 2384.6 | learning rate: 4.220753E-05 | global batch size:  1024 | lm loss: 2.118626E+00 | loss scale: 1.0 | grad norm: 0.073 | number of skipped iterations:   0 | number of nan iterations:   0 |
 [2026-03-27 18:31:09.299961] iteration    86633/  100000 | consumed samples:     88712192 | elapsed time per iteration (ms): 2130.1 | learning rate: 4.220573E-05 | global batch size:  1024 | lm loss: 2.125915E+00 | loss scale: 1.0 | grad norm: 0.072 | number of skipped iterations:   0 | number of nan iterations:   0 |
 [2026-03-27 18:31:11.496004] iteration    86634/  100000 | consumed samples:     88713216 | elapsed time per iteration (ms): 2195.7 | learning rate: 4.220393E-05 | global batch size:  1024 | lm loss: 2.114637E+00 | loss scale: 1.0 | grad norm: 0.064 | number of skipped iterations:   0 | number of nan iterations:   0 |
 [2026-03-27 18:31:13.705905] iteration    86635/  100000 | consumed samples:     88714240 | elapsed time per iteration (ms): 2209.6 | learning rate: 4.220213E-05 | global batch size:  1024 | lm loss: 2.144110E+00 | loss scale: 1.0 | grad norm: 0.083 | number of skipped iterations:   0 | number of nan iterations:   0 |
 [2026-03-27 18:31:15.886679] iteration    86636/  100000 | consumed samples:     88715264 | elapsed time per iteration (ms): 2180.5 | learning rate: 4.220034E-05 | global batch size:  1024 | lm loss: 2.114665E+00 | loss scale: 1.0 | grad norm: 0.074 | number of skipped iterations:   0 | number of nan iterations:   0 |
 [2026-03-27 18:31:18.131581] iteration    86637/  100000 | consumed samples:     88716288 | elapsed time per iteration (ms): 2244.6 | learning rate: 4.219854E-05 | global batch size:  1024 | lm loss: 2.154159E+00 | loss scale: 1.0 | grad norm: 0.062 | number of skipped iterations:   0 | number of nan iterations:   0 |
 [2026-03-27 18:31:20.345305] iteration    86638/  100000 | consumed samples:     88717312 | elapsed time per iteration (ms): 2213.4 | learning rate: 4.219674E-05 | global batch size:  1024 | lm loss: 2.121420E+00 | loss scale: 1.0 | grad norm: 0.080 | number of skipped iterations:   0 | number of nan iterations:   0 |
 [2026-03-27 18:31:22.511373] iteration    86639/  100000 | consumed samples:     88718336 | elapsed time per iteration (ms): 2165.8 | learning rate: 4.219494E-05 | global batch size:  1024 | lm loss: 2.129750E+00 | loss scale: 1.0 | grad norm: 0.076 | number of skipped iterations:   0 | number of nan iterations:   0 |
 [2026-03-27 18:31:24.706522] iteration    86640/  100000 | consumed samples:     88719360 | elapsed time per iteration (ms): 2194.9 | learning rate: 4.219314E-05 | global batch size:  1024 | lm loss: 2.118510E+00 | loss scale: 1.0 | grad norm: 0.065 | number of skipped iterations:   0 | number of nan iterations:   0 |
 [2026-03-27 18:31:26.906683] iteration    86641/  100000 | consumed samples:     88720384 | elapsed time per iteration (ms): 2199.9 | learning rate: 4.219135E-05 | global batch size:  1024 | lm loss: 2.118829E+00 | loss scale: 1.0 | grad norm: 0.082 | number of skipped iterations:   0 | number of nan iterations:   0 |
 [2026-03-27 18:31:29.101416] iteration    86642/  100000 | consumed samples:     88721408 | elapsed time per iteration (ms): 2194.5 | learning rate: 4.218955E-05 | global batch size:  1024 | lm loss: 2.111291E+00 | loss scale: 1.0 | grad norm: 0.077 | number of skipped iterations:   0 | number of nan iterations:   0 |
 [2026-03-27 18:31:31.298869] iteration    86643/  100000 | consumed samples:     88722432 | elapsed time per iteration (ms): 2197.2 | learning rate: 4.218775E-05 | global batch size:  1024 | lm loss: 2.130815E+00 | loss scale: 1.0 | grad norm: 0.066 | number of skipped iterations:   0 | number of nan iterations:   0 |
 [2026-03-27 18:31:33.517757] iteration    86644/  100000 | consumed samples:     88723456 | elapsed time per iteration (ms): 2218.3 | learning rate: 4.218595E-05 | global batch size:  1024 | lm loss: 2.139490E+00 | loss scale: 1.0 | grad norm: 0.075 | number of skipped iterations:   0 | number of nan iterations:   0 |
 [2026-03-27 18:31:35.717205] iteration    86645/  100000 | consumed samples:     88724480 | elapsed time per iteration (ms): 2199.2 | learning rate: 4.218416E-05 | global batch size:  1024 | lm loss: 2.128579E+00 | loss scale: 1.0 | grad norm: 0.070 | number of skipped iterations:   0 | number of nan iterations:   0 |
 [2026-03-27 18:31:37.873899] iteration    86646/  100000 | consumed samples:     88725504 | elapsed time per iteration (ms): 2156.4 | learning rate: 4.218236E-05 | global batch size:  1024 | lm loss: 2.122262E+00 | loss scale: 1.0 | grad norm: 0.063 | number of skipped iterations:   0 | number of nan iterations:   0 |
 [2026-03-27 18:31:40.053499] iteration    86647/  100000 | consumed samples:     88726528 | elapsed time per iteration (ms): 2179.3 | learning rate: 4.218057E-05 | global batch size:  1024 | lm loss: 2.117753E+00 | loss scale: 1.0 | grad norm: 0.067 | number of skipped iterations:   0 | number of nan iterations:   0 |
 [2026-03-27 18:31:42.237676] iteration    86648/  100000 | consumed samples:     88727552 | elapsed time per iteration (ms): 2183.9 | learning rate: 4.217877E-05 | global batch size:  1024 | lm loss: 2.129956E+00 | loss scale: 1.0 | grad norm: 0.079 | number of skipped iterations:   0 | number of nan iterations:   0 |
 [2026-03-27 18:31:44.444521] iteration    86649/  100000 | consumed samples:     88728576 | elapsed time per iteration (ms): 2206.6 | learning rate: 4.217697E-05 | global batch size:  1024 | lm loss: 2.126918E+00 | loss scale: 1.0 | grad norm: 0.064 | number of skipped iterations:   0 | number of nan iterations:   0 |
 [2026-03-27 18:31:46.627649] iteration    86650/  100000 | consumed samples:     88729600 | elapsed time per iteration (ms): 2182.8 | learning rate: 4.217518E-05 | global batch size:  1024 | lm loss: 2.111249E+00 | loss scale: 1.0 | grad norm: 0.071 | number of skipped iterations:   0 | number of nan iterations:   0 |
 [2026-03-27 18:31:48.855195] iteration    86651/  100000 | consumed samples:     88730624 | elapsed time per iteration (ms): 2227.2 | learning rate: 4.217338E-05 | global batch size:  1024 | lm loss: 2.110969E+00 | loss scale: 1.0 | grad norm: 0.078 | number of skipped iterations:   0 | number of nan iterations:   0 |
 [2026-03-27 18:31:51.053854] iteration    86652/  100000 | consumed samples:     88731648 | elapsed time per iteration (ms): 2197.9 | learning rate: 4.217158E-05 | global batch size:  1024 | lm loss: 2.111370E+00 | loss scale: 1.0 | grad norm: 0.061 | number of skipped iterations:   0 | number of nan iterations:   0 |
 [2026-03-27 18:31:53.258031] iteration    86653/  100000 | consumed samples:     88732672 | elapsed time per iteration (ms): 2203.9 | learning rate: 4.216979E-05 | global batch size:  1024 | lm loss: 2.131867E+00 | loss scale: 1.0 | grad norm: 0.073 | number of skipped iterations:   0 | number of nan iterations:   0 |
 [2026-03-27 18:31:55.438256] iteration    86654/  100000 | consumed samples:     88733696 | elapsed time per iteration (ms): 2179.9 | learning rate: 4.216799E-05 | global batch size:  1024 | lm loss: 2.141563E+00 | loss scale: 1.0 | grad norm: 0.070 | number of skipped iterations:   0 | number of nan iterations:   0 |
 [2026-03-27 18:31:57.651906] iteration    86655/  100000 | consumed samples:     88734720 | elapsed time per iteration (ms): 2213.4 | learning rate: 4.216620E-05 | global batch size:  1024 | lm loss: 2.144526E+00 | loss scale: 1.0 | grad norm: 0.062 | number of skipped iterations:   0 | number of nan iterations:   0 |
 [2026-03-27 18:31:59.850194] iteration    86656/  100000 | consumed samples:     88735744 | elapsed time per iteration (ms): 2198.0 | learning rate: 4.216440E-05 | global batch size:  1024 | lm loss: 2.117746E+00 | loss scale: 1.0 | grad norm: 0.071 | number of skipped iterations:   0 | number of nan iterations:   0 |
 [2026-03-27 18:32:02.044294] iteration    86657/  100000 | consumed samples:     88736768 | elapsed time per iteration (ms): 2193.8 | learning rate: 4.216261E-05 | global batch size:  1024 | lm loss: 2.111809E+00 | loss scale: 1.0 | grad norm: 0.071 | number of skipped iterations:   0 | number of nan iterations:   0 |
 [2026-03-27 18:32:04.231945] iteration    86658/  100000 | consumed samples:     88737792 | elapsed time per iteration (ms): 2187.4 | learning rate: 4.216081E-05 | global batch size:  1024 | lm loss: 2.118836E+00 | loss scale: 1.0 | grad norm: 0.059 | number of skipped iterations:   0 | number of nan iterations:   0 |
 [2026-03-27 18:32:06.442287] iteration    86659/  100000 | consumed samples:     88738816 | elapsed time per iteration (ms): 2210.1 | learning rate: 4.215902E-05 | global batch size:  1024 | lm loss: 2.119165E+00 | loss scale: 1.0 | grad norm: 0.079 | number of skipped iterations:   0 | number of nan iterations:   0 |
 [2026-03-27 18:32:08.646504] iteration    86660/  100000 | consumed samples:     88739840 | elapsed time per iteration (ms): 2203.9 | learning rate: 4.215722E-05 | global batch size:  1024 | lm loss: 2.127799E+00 | loss scale: 1.0 | grad norm: 0.069 | number of skipped iterations:   0 | number of nan iterations:   0 |
 [2026-03-27 18:32:10.823030] iteration    86661/  100000 | consumed samples:     88740864 | elapsed time per iteration (ms): 2176.2 | learning rate: 4.215543E-05 | global batch size:  1024 | lm loss: 2.135214E+00 | loss scale: 1.0 | grad norm: 0.075 | number of skipped iterations:   0 | number of nan iterations:   0 |
 [2026-03-27 18:32:13.017415] iteration    86662/  100000 | consumed samples:     88741888 | elapsed time per iteration (ms): 2194.1 | learning rate: 4.215363E-05 | global batch size:  1024 | lm loss: 2.144149E+00 | loss scale: 1.0 | grad norm: 0.076 | number of skipped iterations:   0 | number of nan iterations:   0 |
 [2026-03-27 18:32:15.247162] iteration    86663/  100000 | consumed samples:     88742912 | elapsed time per iteration (ms): 2229.5 | learning rate: 4.215184E-05 | global batch size:  1024 | lm loss: 2.139602E+00 | loss scale: 1.0 | grad norm: 0.059 | number of skipped iterations:   0 | number of nan iterations:   0 |
 [2026-03-27 18:32:17.440770] iteration    86664/  100000 | consumed samples:     88743936 | elapsed time per iteration (ms): 2193.3 | learning rate: 4.215004E-05 | global batch size:  1024 | lm loss: 2.113580E+00 | loss scale: 1.0 | grad norm: 0.075 | number of skipped iterations:   0 | number of nan iterations:   0 |
 [2026-03-27 18:32:19.642659] iteration    86665/  100000 | consumed samples:     88744960 | elapsed time per iteration (ms): 2201.6 | learning rate: 4.214825E-05 | global batch size:  1024 | lm loss: 2.099062E+00 | loss scale: 1.0 | grad norm: 0.081 | number of skipped iterations:   0 | number of nan iterations:   0 |
 [2026-03-27 18:32:21.862259] iteration    86666/  100000 | consumed samples:     88745984 | elapsed time per iteration (ms): 2219.3 | learning rate: 4.214646E-05 | global batch size:  1024 | lm loss: 2.117330E+00 | loss scale: 1.0 | grad norm: 0.061 | number of skipped iterations:   0 | number of nan iterations:   0 |
 [2026-03-27 18:32:24.082496] iteration    86667/  100000 | consumed samples:     88747008 | elapsed time per iteration (ms): 2220.0 | learning rate: 4.214466E-05 | global batch size:  1024 | lm loss: 2.133468E+00 | loss scale: 1.0 | grad norm: 0.074 | number of skipped iterations:   0 | number of nan iterations:   0 |
 [2026-03-27 18:32:26.238158] iteration    86668/  100000 | consumed samples:     88748032 | elapsed time per iteration (ms): 2155.4 | learning rate: 4.214287E-05 | global batch size:  1024 | lm loss: 2.119186E+00 | loss scale: 1.0 | grad norm: 0.072 | number of skipped iterations:   0 | number of nan iterations:   0 |
 [2026-03-27 18:32:28.453708] iteration    86669/  100000 | consumed samples:     88749056 | elapsed time per iteration (ms): 2215.3 | learning rate: 4.214107E-05 | global batch size:  1024 | lm loss: 2.118598E+00 | loss scale: 1.0 | grad norm: 0.061 | number of skipped iterations:   0 | number of nan iterations:   0 |
 [2026-03-27 18:32:30.675843] iteration    86670/  100000 | consumed samples:     88750080 | elapsed time per iteration (ms): 2221.0 | learning rate: 4.213928E-05 | global batch size:  1024 | lm loss: 2.125548E+00 | loss scale: 1.0 | grad norm: 0.070 | number of skipped iterations:   0 | number of nan iterations:   0 |
 [2026-03-27 18:32:32.924863] iteration    86671/  100000 | consumed samples:     88751104 | elapsed time per iteration (ms): 2248.7 | learning rate: 4.213749E-05 | global batch size:  1024 | lm loss: 2.127659E+00 | loss scale: 1.0 | grad norm: 0.073 | number of skipped iterations:   0 | number of nan iterations:   0 |
 [2026-03-27 18:32:35.117446] iteration    86672/  100000 | consumed samples:     88752128 | elapsed time per iteration (ms): 2192.3 | learning rate: 4.213569E-05 | global batch size:  1024 | lm loss: 2.123515E+00 | loss scale: 1.0 | grad norm: 0.070 | number of skipped iterations:   0 | number of nan iterations:   0 |
 [2026-03-27 18:32:37.311485] iteration    86673/  100000 | consumed samples:     88753152 | elapsed time per iteration (ms): 2193.8 | learning rate: 4.213390E-05 | global batch size:  1024 | lm loss: 2.104780E+00 | loss scale: 1.0 | grad norm: 0.066 | number of skipped iterations:   0 | number of nan iterations:   0 |
 [2026-03-27 18:32:39.502619] iteration    86674/  100000 | consumed samples:     88754176 | elapsed time per iteration (ms): 2190.8 | learning rate: 4.213211E-05 | global batch size:  1024 | lm loss: 2.121956E+00 | loss scale: 1.0 | grad norm: 0.068 | number of skipped iterations:   0 | number of nan iterations:   0 |
 [2026-03-27 18:32:41.716029] iteration    86675/  100000 | consumed samples:     88755200 | elapsed time per iteration (ms): 2213.1 | learning rate: 4.213032E-05 | global batch size:  1024 | lm loss: 2.122306E+00 | loss scale: 1.0 | grad norm: 0.064 | number of skipped iterations:   0 | number of nan iterations:   0 |
 [2026-03-27 18:32:43.952382] iteration    86676/  100000 | consumed samples:     88756224 | elapsed time per iteration (ms): 2236.1 | learning rate: 4.212852E-05 | global batch size:  1024 | lm loss: 2.128864E+00 | loss scale: 1.0 | grad norm: 0.066 | number of skipped iterations:   0 | number of nan iterations:   0 |
 [2026-03-27 18:32:46.163481] iteration    86677/  100000 | consumed samples:     88757248 | elapsed time per iteration (ms): 2210.8 | learning rate: 4.212673E-05 | global batch size:  1024 | lm loss: 2.151964E+00 | loss scale: 1.0 | grad norm: 0.068 | number of skipped iterations:   0 | number of nan iterations:   0 |
 [2026-03-27 18:32:48.367348] iteration    86678/  100000 | consumed samples:     88758272 | elapsed time per iteration (ms): 2203.6 | learning rate: 4.212494E-05 | global batch size:  1024 | lm loss: 2.129755E+00 | loss scale: 1.0 | grad norm: 0.065 | number of skipped iterations:   0 | number of nan iterations:   0 |
 [2026-03-27 18:32:50.541687] iteration    86679/  100000 | consumed samples:     88759296 | elapsed time per iteration (ms): 2174.0 | learning rate: 4.212315E-05 | global batch size:  1024 | lm loss: 2.126730E+00 | loss scale: 1.0 | grad norm: 0.062 | number of skipped iterations:   0 | number of nan iterations:   0 |
 [2026-03-27 18:32:52.751049] iteration    86680/  100000 | consumed samples:     88760320 | elapsed time per iteration (ms): 2209.1 | learning rate: 4.212135E-05 | global batch size:  1024 | lm loss: 2.109076E+00 | loss scale: 1.0 | grad norm: 0.066 | number of skipped iterations:   0 | number of nan iterations:   0 |
 [2026-03-27 18:32:54.946364] iteration    86681/  100000 | consumed samples:     88761344 | elapsed time per iteration (ms): 2195.0 | learning rate: 4.211956E-05 | global batch size:  1024 | lm loss: 2.124045E+00 | loss scale: 1.0 | grad norm: 0.064 | number of skipped iterations:   0 | number of nan iterations:   0 |
 [2026-03-27 18:32:57.103256] iteration    86682/  100000 | consumed samples:     88762368 | elapsed time per iteration (ms): 2156.6 | learning rate: 4.211777E-05 | global batch size:  1024 | lm loss: 2.106793E+00 | loss scale: 1.0 | grad norm: 0.060 | number of skipped iterations:   0 | number of nan iterations:   0 |
 [2026-03-27 18:32:59.345070] iteration    86683/  100000 | consumed samples:     88763392 | elapsed time per iteration (ms): 2241.3 | learning rate: 4.211597E-05 | global batch size:  1024 | lm loss: 2.120350E+00 | loss scale: 1.0 | grad norm: 0.068 | number of skipped iterations:   0 | number of nan iterations:   0 |
 [2026-03-27 18:33:01.572081] iteration    86684/  100000 | consumed samples:     88764416 | elapsed time per iteration (ms): 2226.7 | learning rate: 4.211418E-05 | global batch size:  1024 | lm loss: 2.141952E+00 | loss scale: 1.0 | grad norm: 0.066 | number of skipped iterations:   0 | number of nan iterations:   0 |
 [2026-03-27 18:33:03.797046] iteration    86685/  100000 | consumed samples:     88765440 | elapsed time per iteration (ms): 2224.7 | learning rate: 4.211239E-05 | global batch size:  1024 | lm loss: 2.134293E+00 | loss scale: 1.0 | grad norm: 0.062 | number of skipped iterations:   0 | number of nan iterations:   0 |
 [2026-03-27 18:33:05.997465] iteration    86686/  100000 | consumed samples:     88766464 | elapsed time per iteration (ms): 2200.1 | learning rate: 4.211060E-05 | global batch size:  1024 | lm loss: 2.149158E+00 | loss scale: 1.0 | grad norm: 0.071 | number of skipped iterations:   0 | number of nan iterations:   0 |
 [2026-03-27 18:33:08.195320] iteration    86687/  100000 | consumed samples:     88767488 | elapsed time per iteration (ms): 2197.6 | learning rate: 4.210881E-05 | global batch size:  1024 | lm loss: 2.118405E+00 | loss scale: 1.0 | grad norm: 0.067 | number of skipped iterations:   0 | number of nan iterations:   0 |
 [2026-03-27 18:33:10.376694] iteration    86688/  100000 | consumed samples:     88768512 | elapsed time per iteration (ms): 2181.1 | learning rate: 4.210702E-05 | global batch size:  1024 | lm loss: 2.106086E+00 | loss scale: 1.0 | grad norm: 0.061 | number of skipped iterations:   0 | number of nan iterations:   0 |
 [2026-03-27 18:33:12.591818] iteration    86689/  100000 | consumed samples:     88769536 | elapsed time per iteration (ms): 2214.8 | learning rate: 4.210522E-05 | global batch size:  1024 | lm loss: 2.097833E+00 | loss scale: 1.0 | grad norm: 0.073 | number of skipped iterations:   0 | number of nan iterations:   0 |
 [2026-03-27 18:33:14.683098] iteration    86690/  100000 | consumed samples:     88770560 | elapsed time per iteration (ms): 2091.0 | learning rate: 4.210343E-05 | global batch size:  1024 | lm loss: 2.118607E+00 | loss scale: 1.0 | grad norm: 0.067 | number of skipped iterations:   0 | number of nan iterations:   0 |
 [2026-03-27 18:33:16.908050] iteration    86691/  100000 | consumed samples:     88771584 | elapsed time per iteration (ms): 2223.6 | learning rate: 4.210164E-05 | global batch size:  1024 | lm loss: 2.128738E+00 | loss scale: 1.0 | grad norm: 0.062 | number of skipped iterations:   0 | number of nan iterations:   0 |
 [2026-03-27 18:33:19.110873] iteration    86692/  100000 | consumed samples:     88772608 | elapsed time per iteration (ms): 2202.5 | learning rate: 4.209985E-05 | global batch size:  1024 | lm loss: 2.164678E+00 | loss scale: 1.0 | grad norm: 0.074 | number of skipped iterations:   0 | number of nan iterations:   0 |
 [2026-03-27 18:33:21.303696] iteration    86693/  100000 | consumed samples:     88773632 | elapsed time per iteration (ms): 2192.5 | learning rate: 4.209806E-05 | global batch size:  1024 | lm loss: 2.134966E+00 | loss scale: 1.0 | grad norm: 0.076 | number of skipped iterations:   0 | number of nan iterations:   0 |
 [2026-03-27 18:33:23.504782] iteration    86694/  100000 | consumed samples:     88774656 | elapsed time per iteration (ms): 2200.8 | learning rate: 4.209627E-05 | global batch size:  1024 | lm loss: 2.098601E+00 | loss scale: 1.0 | grad norm: 0.058 | number of skipped iterations:   0 | number of nan iterations:   0 |
 [2026-03-27 18:33:25.686104] iteration    86695/  100000 | consumed samples:     88775680 | elapsed time per iteration (ms): 2181.0 | learning rate: 4.209448E-05 | global batch size:  1024 | lm loss: 2.155339E+00 | loss scale: 1.0 | grad norm: 0.079 | number of skipped iterations:   0 | number of nan iterations:   0 |
 [2026-03-27 18:33:27.879706] iteration    86696/  100000 | consumed samples:     88776704 | elapsed time per iteration (ms): 2193.3 | learning rate: 4.209269E-05 | global batch size:  1024 | lm loss: 2.103410E+00 | loss scale: 1.0 | grad norm: 0.072 | number of skipped iterations:   0 | number of nan iterations:   0 |
 [2026-03-27 18:33:30.100466] iteration    86697/  100000 | consumed samples:     88777728 | elapsed time per iteration (ms): 2220.5 | learning rate: 4.209090E-05 | global batch size:  1024 | lm loss: 2.108787E+00 | loss scale: 1.0 | grad norm: 0.062 | number of skipped iterations:   0 | number of nan iterations:   0 |
 [2026-03-27 18:33:32.210336] iteration    86698/  100000 | consumed samples:     88778752 | elapsed time per iteration (ms): 2109.6 | learning rate: 4.208911E-05 | global batch size:  1024 | lm loss: 2.129700E+00 | loss scale: 1.0 | grad norm: 0.082 | number of skipped iterations:   0 | number of nan iterations:   0 |
 [2026-03-27 18:33:34.441645] iteration    86699/  100000 | consumed samples:     88779776 | elapsed time per iteration (ms): 2231.0 | learning rate: 4.208732E-05 | global batch size:  1024 | lm loss: 2.122776E+00 | loss scale: 1.0 | grad norm: 0.064 | number of skipped iterations:   0 | number of nan iterations:   0 |
 [2026-03-27 18:33:36.645942] iteration    86700/  100000 | consumed samples:     88780800 | elapsed time per iteration (ms): 2204.0 | learning rate: 4.208553E-05 | global batch size:  1024 | lm loss: 2.113245E+00 | loss scale: 1.0 | grad norm: 0.065 | number of skipped iterations:   0 | number of nan iterations:   0 |
INFO:megatron.core.timers:(min, max) time across ranks (ms):
    evaluate .......................................: (3387.34, 3388.23)
-------------------------------------------------------------------------------------------------
 validation loss at iteration 86700 | lm loss value: 2.318478E+00 | lm loss PPL: 1.016020E+01 | 
-------------------------------------------------------------------------------------------------
 [2026-03-27 18:33:42.258596] iteration    86701/  100000 | consumed samples:     88781824 | elapsed time per iteration (ms): 2220.3 | learning rate: 4.208374E-05 | global batch size:  1024 | lm loss: 2.130231E+00 | loss scale: 1.0 | grad norm: 0.071 | number of skipped iterations:   0 | number of nan iterations:   0 |
 [2026-03-27 18:33:44.465353] iteration    86702/  100000 | consumed samples:     88782848 | elapsed time per iteration (ms): 2206.5 | learning rate: 4.208195E-05 | global batch size:  1024 | lm loss: 2.075089E+00 | loss scale: 1.0 | grad norm: 0.067 | number of skipped iterations:   0 | number of nan iterations:   0 |
 [2026-03-27 18:33:46.662978] iteration    86703/  100000 | consumed samples:     88783872 | elapsed time per iteration (ms): 2197.3 | learning rate: 4.208016E-05 | global batch size:  1024 | lm loss: 2.112880E+00 | loss scale: 1.0 | grad norm: 0.062 | number of skipped iterations:   0 | number of nan iterations:   0 |
 [2026-03-27 18:33:48.821069] iteration    86704/  100000 | consumed samples:     88784896 | elapsed time per iteration (ms): 2157.8 | learning rate: 4.207837E-05 | global batch size:  1024 | lm loss: 2.093694E+00 | loss scale: 1.0 | grad norm: 0.079 | number of skipped iterations:   0 | number of nan iterations:   0 |
 [2026-03-27 18:33:51.011269] iteration    86705/  100000 | consumed samples:     88785920 | elapsed time per iteration (ms): 2189.9 | learning rate: 4.207658E-05 | global batch size:  1024 | lm loss: 2.111960E+00 | loss scale: 1.0 | grad norm: 0.068 | number of skipped iterations:   0 | number of nan iterations:   0 |
 [2026-03-27 18:33:53.178072] iteration    86706/  100000 | consumed samples:     88786944 | elapsed time per iteration (ms): 2166.1 | learning rate: 4.207480E-05 | global batch size:  1024 | lm loss: 2.137436E+00 | loss scale: 1.0 | grad norm: 0.071 | number of skipped iterations:   0 | number of nan iterations:   0 |
 [2026-03-27 18:33:55.383952] iteration    86707/  100000 | consumed samples:     88787968 | elapsed time per iteration (ms): 2205.6 | learning rate: 4.207301E-05 | global batch size:  1024 | lm loss: 2.131126E+00 | loss scale: 1.0 | grad norm: 0.067 | number of skipped iterations:   0 | number of nan iterations:   0 |
 [2026-03-27 18:33:57.597114] iteration    86708/  100000 | consumed samples:     88788992 | elapsed time per iteration (ms): 2212.9 | learning rate: 4.207122E-05 | global batch size:  1024 | lm loss: 2.128344E+00 | loss scale: 1.0 | grad norm: 0.065 | number of skipped iterations:   0 | number of nan iterations:   0 |
 [2026-03-27 18:33:59.841697] iteration    86709/  100000 | consumed samples:     88790016 | elapsed time per iteration (ms): 2243.8 | learning rate: 4.206943E-05 | global batch size:  1024 | lm loss: 2.135704E+00 | loss scale: 1.0 | grad norm: 0.073 | number of skipped iterations:   0 | number of nan iterations:   0 |
 [2026-03-27 18:34:02.043777] iteration    86710/  100000 | consumed samples:     88791040 | elapsed time per iteration (ms): 2201.8 | learning rate: 4.206764E-05 | global batch size:  1024 | lm loss: 2.137127E+00 | loss scale: 1.0 | grad norm: 0.073 | number of skipped iterations:   0 | number of nan iterations:   0 |
 [2026-03-27 18:34:04.257509] iteration    86711/  100000 | consumed samples:     88792064 | elapsed time per iteration (ms): 2213.4 | learning rate: 4.206585E-05 | global batch size:  1024 | lm loss: 2.121177E+00 | loss scale: 1.0 | grad norm: 0.058 | number of skipped iterations:   0 | number of nan iterations:   0 |
 [2026-03-27 18:34:06.471798] iteration    86712/  100000 | consumed samples:     88793088 | elapsed time per iteration (ms): 2214.0 | learning rate: 4.206406E-05 | global batch size:  1024 | lm loss: 2.135493E+00 | loss scale: 1.0 | grad norm: 0.077 | number of skipped iterations:   0 | number of nan iterations:   0 |
 [2026-03-27 18:34:08.657712] iteration    86713/  100000 | consumed samples:     88794112 | elapsed time per iteration (ms): 2185.6 | learning rate: 4.206227E-05 | global batch size:  1024 | lm loss: 2.127970E+00 | loss scale: 1.0 | grad norm: 0.068 | number of skipped iterations:   0 | number of nan iterations:   0 |
 [2026-03-27 18:34:10.863249] iteration    86714/  100000 | consumed samples:     88795136 | elapsed time per iteration (ms): 2205.2 | learning rate: 4.206049E-05 | global batch size:  1024 | lm loss: 2.136502E+00 | loss scale: 1.0 | grad norm: 0.063 | number of skipped iterations:   0 | number of nan iterations:   0 |
 [2026-03-27 18:34:13.066643] iteration    86715/  100000 | consumed samples:     88796160 | elapsed time per iteration (ms): 2203.1 | learning rate: 4.205870E-05 | global batch size:  1024 | lm loss: 2.098100E+00 | loss scale: 1.0 | grad norm: 0.076 | number of skipped iterations:   0 | number of nan iterations:   0 |
 [2026-03-27 18:34:15.272403] iteration    86716/  100000 | consumed samples:     88797184 | elapsed time per iteration (ms): 2205.5 | learning rate: 4.205691E-05 | global batch size:  1024 | lm loss: 2.127137E+00 | loss scale: 1.0 | grad norm: 0.077 | number of skipped iterations:   0 | number of nan iterations:   0 |
 [2026-03-27 18:34:17.472373] iteration    86717/  100000 | consumed samples:     88798208 | elapsed time per iteration (ms): 2199.7 | learning rate: 4.205512E-05 | global batch size:  1024 | lm loss: 2.121377E+00 | loss scale: 1.0 | grad norm: 0.067 | number of skipped iterations:   0 | number of nan iterations:   0 |
 [2026-03-27 18:34:19.679085] iteration    86718/  100000 | consumed samples:     88799232 | elapsed time per iteration (ms): 2206.4 | learning rate: 4.205334E-05 | global batch size:  1024 | lm loss: 2.121334E+00 | loss scale: 1.0 | grad norm: 0.083 | number of skipped iterations:   0 | number of nan iterations:   0 |
 [2026-03-27 18:34:21.900900] iteration    86719/  100000 | consumed samples:     88800256 | elapsed time per iteration (ms): 2221.5 | learning rate: 4.205155E-05 | global batch size:  1024 | lm loss: 2.104540E+00 | loss scale: 1.0 | grad norm: 0.074 | number of skipped iterations:   0 | number of nan iterations:   0 |
 [2026-03-27 18:34:24.091863] iteration    86720/  100000 | consumed samples:     88801280 | elapsed time per iteration (ms): 2190.7 | learning rate: 4.204976E-05 | global batch size:  1024 | lm loss: 2.129173E+00 | loss scale: 1.0 | grad norm: 0.068 | number of skipped iterations:   0 | number of nan iterations:   0 |
 [2026-03-27 18:34:26.298743] iteration    86721/  100000 | consumed samples:     88802304 | elapsed time per iteration (ms): 2206.6 | learning rate: 4.204797E-05 | global batch size:  1024 | lm loss: 2.109546E+00 | loss scale: 1.0 | grad norm: 0.087 | number of skipped iterations:   0 | number of nan iterations:   0 |
 [2026-03-27 18:34:28.490031] iteration    86722/  100000 | consumed samples:     88803328 | elapsed time per iteration (ms): 2191.0 | learning rate: 4.204619E-05 | global batch size:  1024 | lm loss: 2.142643E+00 | loss scale: 1.0 | grad norm: 0.078 | number of skipped iterations:   0 | number of nan iterations:   0 |
 [2026-03-27 18:34:30.704934] iteration    86723/  100000 | consumed samples:     88804352 | elapsed time per iteration (ms): 2213.9 | learning rate: 4.204440E-05 | global batch size:  1024 | lm loss: 2.114467E+00 | loss scale: 1.0 | grad norm: 0.069 | number of skipped iterations:   0 | number of nan iterations:   0 |
 [2026-03-27 18:34:32.911628] iteration    86724/  100000 | consumed samples:     88805376 | elapsed time per iteration (ms): 2206.4 | learning rate: 4.204261E-05 | global batch size:  1024 | lm loss: 2.120998E+00 | loss scale: 1.0 | grad norm: 0.080 | number of skipped iterations:   0 | number of nan iterations:   0 |
 [2026-03-27 18:34:35.110998] iteration    86725/  100000 | consumed samples:     88806400 | elapsed time per iteration (ms): 2199.1 | learning rate: 4.204083E-05 | global batch size:  1024 | lm loss: 2.141219E+00 | loss scale: 1.0 | grad norm: 0.066 | number of skipped iterations:   0 | number of nan iterations:   0 |
 [2026-03-27 18:34:37.301973] iteration    86726/  100000 | consumed samples:     88807424 | elapsed time per iteration (ms): 2190.7 | learning rate: 4.203904E-05 | global batch size:  1024 | lm loss: 2.131306E+00 | loss scale: 1.0 | grad norm: 0.070 | number of skipped iterations:   0 | number of nan iterations:   0 |
 [2026-03-27 18:34:39.504167] iteration    86727/  100000 | consumed samples:     88808448 | elapsed time per iteration (ms): 2201.9 | learning rate: 4.203725E-05 | global batch size:  1024 | lm loss: 2.122292E+00 | loss scale: 1.0 | grad norm: 0.073 | number of skipped iterations:   0 | number of nan iterations:   0 |
 [2026-03-27 18:34:41.704062] iteration    86728/  100000 | consumed samples:     88809472 | elapsed time per iteration (ms): 2199.6 | learning rate: 4.203547E-05 | global batch size:  1024 | lm loss: 2.116738E+00 | loss scale: 1.0 | grad norm: 0.064 | number of skipped iterations:   0 | number of nan iterations:   0 |
 [2026-03-27 18:34:43.887121] iteration    86729/  100000 | consumed samples:     88810496 | elapsed time per iteration (ms): 2182.8 | learning rate: 4.203368E-05 | global batch size:  1024 | lm loss: 2.141139E+00 | loss scale: 1.0 | grad norm: 0.072 | number of skipped iterations:   0 | number of nan iterations:   0 |
 [2026-03-27 18:34:46.091043] iteration    86730/  100000 | consumed samples:     88811520 | elapsed time per iteration (ms): 2203.6 | learning rate: 4.203189E-05 | global batch size:  1024 | lm loss: 2.145626E+00 | loss scale: 1.0 | grad norm: 0.076 | number of skipped iterations:   0 | number of nan iterations:   0 |
 [2026-03-27 18:34:48.292459] iteration    86731/  100000 | consumed samples:     88812544 | elapsed time per iteration (ms): 2201.1 | learning rate: 4.203011E-05 | global batch size:  1024 | lm loss: 2.112969E+00 | loss scale: 1.0 | grad norm: 0.063 | number of skipped iterations:   0 | number of nan iterations:   0 |
 [2026-03-27 18:34:50.473014] iteration    86732/  100000 | consumed samples:     88813568 | elapsed time per iteration (ms): 2180.2 | learning rate: 4.202832E-05 | global batch size:  1024 | lm loss: 2.122412E+00 | loss scale: 1.0 | grad norm: 0.086 | number of skipped iterations:   0 | number of nan iterations:   0 |
 [2026-03-27 18:34:52.654547] iteration    86733/  100000 | consumed samples:     88814592 | elapsed time per iteration (ms): 2179.9 | learning rate: 4.202654E-05 | global batch size:  1024 | lm loss: 2.130376E+00 | loss scale: 1.0 | grad norm: 0.083 | number of skipped iterations:   0 | number of nan iterations:   0 |
 [2026-03-27 18:34:54.856867] iteration    86734/  100000 | consumed samples:     88815616 | elapsed time per iteration (ms): 2202.0 | learning rate: 4.202475E-05 | global batch size:  1024 | lm loss: 2.119895E+00 | loss scale: 1.0 | grad norm: 0.059 | number of skipped iterations:   0 | number of nan iterations:   0 |
 [2026-03-27 18:34:57.090332] iteration    86735/  100000 | consumed samples:     88816640 | elapsed time per iteration (ms): 2233.2 | learning rate: 4.202297E-05 | global batch size:  1024 | lm loss: 2.122618E+00 | loss scale: 1.0 | grad norm: 0.083 | number of skipped iterations:   0 | number of nan iterations:   0 |
 [2026-03-27 18:34:59.297393] iteration    86736/  100000 | consumed samples:     88817664 | elapsed time per iteration (ms): 2206.8 | learning rate: 4.202118E-05 | global batch size:  1024 | lm loss: 2.116370E+00 | loss scale: 1.0 | grad norm: 0.084 | number of skipped iterations:   0 | number of nan iterations:   0 |
 [2026-03-27 18:35:01.550358] iteration    86737/  100000 | consumed samples:     88818688 | elapsed time per iteration (ms): 2252.7 | learning rate: 4.201940E-05 | global batch size:  1024 | lm loss: 2.113860E+00 | loss scale: 1.0 | grad norm: 0.061 | number of skipped iterations:   0 | number of nan iterations:   0 |
 [2026-03-27 18:35:03.756256] iteration    86738/  100000 | consumed samples:     88819712 | elapsed time per iteration (ms): 2205.6 | learning rate: 4.201761E-05 | global batch size:  1024 | lm loss: 2.135531E+00 | loss scale: 1.0 | grad norm: 0.076 | number of skipped iterations:   0 | number of nan iterations:   0 |
 [2026-03-27 18:35:05.961670] iteration    86739/  100000 | consumed samples:     88820736 | elapsed time per iteration (ms): 2205.1 | learning rate: 4.201582E-05 | global batch size:  1024 | lm loss: 2.126145E+00 | loss scale: 1.0 | grad norm: 0.086 | number of skipped iterations:   0 | number of nan iterations:   0 |
 [2026-03-27 18:35:08.154748] iteration    86740/  100000 | consumed samples:     88821760 | elapsed time per iteration (ms): 2192.8 | learning rate: 4.201404E-05 | global batch size:  1024 | lm loss: 2.113267E+00 | loss scale: 1.0 | grad norm: 0.065 | number of skipped iterations:   0 | number of nan iterations:   0 |
 [2026-03-27 18:35:10.382545] iteration    86741/  100000 | consumed samples:     88822784 | elapsed time per iteration (ms): 2227.5 | learning rate: 4.201226E-05 | global batch size:  1024 | lm loss: 2.149209E+00 | loss scale: 1.0 | grad norm: 0.088 | number of skipped iterations:   0 | number of nan iterations:   0 |
 [2026-03-27 18:35:12.688992] iteration    86742/  100000 | consumed samples:     88823808 | elapsed time per iteration (ms): 2306.2 | learning rate: 4.201047E-05 | global batch size:  1024 | lm loss: 2.122394E+00 | loss scale: 1.0 | grad norm: 0.081 | number of skipped iterations:   0 | number of nan iterations:   0 |
 [2026-03-27 18:35:14.877778] iteration    86743/  100000 | consumed samples:     88824832 | elapsed time per iteration (ms): 2188.5 | learning rate: 4.200869E-05 | global batch size:  1024 | lm loss: 2.139075E+00 | loss scale: 1.0 | grad norm: 0.060 | number of skipped iterations:   0 | number of nan iterations:   0 |
 [2026-03-27 18:35:17.109764] iteration    86744/  100000 | consumed samples:     88825856 | elapsed time per iteration (ms): 2231.7 | learning rate: 4.200690E-05 | global batch size:  1024 | lm loss: 2.114990E+00 | loss scale: 1.0 | grad norm: 0.078 | number of skipped iterations:   0 | number of nan iterations:   0 |
 [2026-03-27 18:35:19.312146] iteration    86745/  100000 | consumed samples:     88826880 | elapsed time per iteration (ms): 2202.1 | learning rate: 4.200512E-05 | global batch size:  1024 | lm loss: 2.123204E+00 | loss scale: 1.0 | grad norm: 0.083 | number of skipped iterations:   0 | number of nan iterations:   0 |
 [2026-03-27 18:35:21.494904] iteration    86746/  100000 | consumed samples:     88827904 | elapsed time per iteration (ms): 2182.5 | learning rate: 4.200334E-05 | global batch size:  1024 | lm loss: 2.120893E+00 | loss scale: 1.0 | grad norm: 0.060 | number of skipped iterations:   0 | number of nan iterations:   0 |
 [2026-03-27 18:35:23.683937] iteration    86747/  100000 | consumed samples:     88828928 | elapsed time per iteration (ms): 2188.7 | learning rate: 4.200155E-05 | global batch size:  1024 | lm loss: 2.117107E+00 | loss scale: 1.0 | grad norm: 0.086 | number of skipped iterations:   0 | number of nan iterations:   0 |
 [2026-03-27 18:35:25.879865] iteration    86748/  100000 | consumed samples:     88829952 | elapsed time per iteration (ms): 2195.6 | learning rate: 4.199977E-05 | global batch size:  1024 | lm loss: 2.161364E+00 | loss scale: 1.0 | grad norm: 0.085 | number of skipped iterations:   0 | number of nan iterations:   0 |
 [2026-03-27 18:35:28.138549] iteration    86749/  100000 | consumed samples:     88830976 | elapsed time per iteration (ms): 2258.4 | learning rate: 4.199798E-05 | global batch size:  1024 | lm loss: 2.120544E+00 | loss scale: 1.0 | grad norm: 0.061 | number of skipped iterations:   0 | number of nan iterations:   0 |
 [2026-03-27 18:35:30.307533] iteration    86750/  100000 | consumed samples:     88832000 | elapsed time per iteration (ms): 2168.7 | learning rate: 4.199620E-05 | global batch size:  1024 | lm loss: 2.107262E+00 | loss scale: 1.0 | grad norm: 0.083 | number of skipped iterations:   0 | number of nan iterations:   0 |
 [2026-03-27 18:35:32.493163] iteration    86751/  100000 | consumed samples:     88833024 | elapsed time per iteration (ms): 2185.3 | learning rate: 4.199442E-05 | global batch size:  1024 | lm loss: 2.132768E+00 | loss scale: 1.0 | grad norm: 0.082 | number of skipped iterations:   0 | number of nan iterations:   0 |
 [2026-03-27 18:35:34.686011] iteration    86752/  100000 | consumed samples:     88834048 | elapsed time per iteration (ms): 2192.6 | learning rate: 4.199263E-05 | global batch size:  1024 | lm loss: 2.080846E+00 | loss scale: 1.0 | grad norm: 0.061 | number of skipped iterations:   0 | number of nan iterations:   0 |
 [2026-03-27 18:35:36.908673] iteration    86753/  100000 | consumed samples:     88835072 | elapsed time per iteration (ms): 2222.3 | learning rate: 4.199085E-05 | global batch size:  1024 | lm loss: 2.140907E+00 | loss scale: 1.0 | grad norm: 0.077 | number of skipped iterations:   0 | number of nan iterations:   0 |
 [2026-03-27 18:35:39.096818] iteration    86754/  100000 | consumed samples:     88836096 | elapsed time per iteration (ms): 2187.8 | learning rate: 4.198907E-05 | global batch size:  1024 | lm loss: 2.126687E+00 | loss scale: 1.0 | grad norm: 0.084 | number of skipped iterations:   0 | number of nan iterations:   0 |
 [2026-03-27 18:35:41.251670] iteration    86755/  100000 | consumed samples:     88837120 | elapsed time per iteration (ms): 2154.1 | learning rate: 4.198728E-05 | global batch size:  1024 | lm loss: 2.103314E+00 | loss scale: 1.0 | grad norm: 0.069 | number of skipped iterations:   0 | number of nan iterations:   0 |
 [2026-03-27 18:35:43.356172] iteration    86756/  100000 | consumed samples:     88838144 | elapsed time per iteration (ms): 2104.2 | learning rate: 4.198550E-05 | global batch size:  1024 | lm loss: 2.130440E+00 | loss scale: 1.0 | grad norm: 0.085 | number of skipped iterations:   0 | number of nan iterations:   0 |
 [2026-03-27 18:35:45.585072] iteration    86757/  100000 | consumed samples:     88839168 | elapsed time per iteration (ms): 2228.6 | learning rate: 4.198372E-05 | global batch size:  1024 | lm loss: 2.111321E+00 | loss scale: 1.0 | grad norm: 0.085 | number of skipped iterations:   0 | number of nan iterations:   0 |
 [2026-03-27 18:35:47.834074] iteration    86758/  100000 | consumed samples:     88840192 | elapsed time per iteration (ms): 2248.7 | learning rate: 4.198194E-05 | global batch size:  1024 | lm loss: 2.098295E+00 | loss scale: 1.0 | grad norm: 0.067 | number of skipped iterations:   0 | number of nan iterations:   0 |
 [2026-03-27 18:35:50.039509] iteration    86759/  100000 | consumed samples:     88841216 | elapsed time per iteration (ms): 2205.1 | learning rate: 4.198015E-05 | global batch size:  1024 | lm loss: 2.116337E+00 | loss scale: 1.0 | grad norm: 0.083 | number of skipped iterations:   0 | number of nan iterations:   0 |
 [2026-03-27 18:35:52.238189] iteration    86760/  100000 | consumed samples:     88842240 | elapsed time per iteration (ms): 2198.4 | learning rate: 4.197837E-05 | global batch size:  1024 | lm loss: 2.132066E+00 | loss scale: 1.0 | grad norm: 0.079 | number of skipped iterations:   0 | number of nan iterations:   0 |
 [2026-03-27 18:35:54.463426] iteration    86761/  100000 | consumed samples:     88843264 | elapsed time per iteration (ms): 2225.0 | learning rate: 4.197659E-05 | global batch size:  1024 | lm loss: 2.145237E+00 | loss scale: 1.0 | grad norm: 0.065 | number of skipped iterations:   0 | number of nan iterations:   0 |
 [2026-03-27 18:35:56.651332] iteration    86762/  100000 | consumed samples:     88844288 | elapsed time per iteration (ms): 2187.6 | learning rate: 4.197481E-05 | global batch size:  1024 | lm loss: 2.106133E+00 | loss scale: 1.0 | grad norm: 0.094 | number of skipped iterations:   0 | number of nan iterations:   0 |
 [2026-03-27 18:35:59.001495] iteration    86763/  100000 | consumed samples:     88845312 | elapsed time per iteration (ms): 2349.9 | learning rate: 4.197303E-05 | global batch size:  1024 | lm loss: 2.136377E+00 | loss scale: 1.0 | grad norm: 0.083 | number of skipped iterations:   0 | number of nan iterations:   0 |
 [2026-03-27 18:36:01.210756] iteration    86764/  100000 | consumed samples:     88846336 | elapsed time per iteration (ms): 2209.0 | learning rate: 4.197125E-05 | global batch size:  1024 | lm loss: 2.116172E+00 | loss scale: 1.0 | grad norm: 0.066 | number of skipped iterations:   0 | number of nan iterations:   0 |
 [2026-03-27 18:36:03.386787] iteration    86765/  100000 | consumed samples:     88847360 | elapsed time per iteration (ms): 2175.7 | learning rate: 4.196946E-05 | global batch size:  1024 | lm loss: 2.125662E+00 | loss scale: 1.0 | grad norm: 0.089 | number of skipped iterations:   0 | number of nan iterations:   0 |
 [2026-03-27 18:36:05.603576] iteration    86766/  100000 | consumed samples:     88848384 | elapsed time per iteration (ms): 2216.5 | learning rate: 4.196768E-05 | global batch size:  1024 | lm loss: 2.146594E+00 | loss scale: 1.0 | grad norm: 0.080 | number of skipped iterations:   0 | number of nan iterations:   0 |
 [2026-03-27 18:36:07.858188] iteration    86767/  100000 | consumed samples:     88849408 | elapsed time per iteration (ms): 2254.3 | learning rate: 4.196590E-05 | global batch size:  1024 | lm loss: 2.150084E+00 | loss scale: 1.0 | grad norm: 0.065 | number of skipped iterations:   0 | number of nan iterations:   0 |
 [2026-03-27 18:36:10.069958] iteration    86768/  100000 | consumed samples:     88850432 | elapsed time per iteration (ms): 2211.5 | learning rate: 4.196412E-05 | global batch size:  1024 | lm loss: 2.131880E+00 | loss scale: 1.0 | grad norm: 0.094 | number of skipped iterations:   0 | number of nan iterations:   0 |
 [2026-03-27 18:36:12.190579] iteration    86769/  100000 | consumed samples:     88851456 | elapsed time per iteration (ms): 2120.3 | learning rate: 4.196234E-05 | global batch size:  1024 | lm loss: 2.156215E+00 | loss scale: 1.0 | grad norm: 0.085 | number of skipped iterations:   0 | number of nan iterations:   0 |
 [2026-03-27 18:36:14.397893] iteration    86770/  100000 | consumed samples:     88852480 | elapsed time per iteration (ms): 2207.0 | learning rate: 4.196056E-05 | global batch size:  1024 | lm loss: 2.127674E+00 | loss scale: 1.0 | grad norm: 0.067 | number of skipped iterations:   0 | number of nan iterations:   0 |
 [2026-03-27 18:36:16.594597] iteration    86771/  100000 | consumed samples:     88853504 | elapsed time per iteration (ms): 2196.4 | learning rate: 4.195878E-05 | global batch size:  1024 | lm loss: 2.130675E+00 | loss scale: 1.0 | grad norm: 0.096 | number of skipped iterations:   0 | number of nan iterations:   0 |
 [2026-03-27 18:36:18.798867] iteration    86772/  100000 | consumed samples:     88854528 | elapsed time per iteration (ms): 2204.0 | learning rate: 4.195700E-05 | global batch size:  1024 | lm loss: 2.146490E+00 | loss scale: 1.0 | grad norm: 0.084 | number of skipped iterations:   0 | number of nan iterations:   0 |
 [2026-03-27 18:36:21.004785] iteration    86773/  100000 | consumed samples:     88855552 | elapsed time per iteration (ms): 2205.6 | learning rate: 4.195522E-05 | global batch size:  1024 | lm loss: 2.123071E+00 | loss scale: 1.0 | grad norm: 0.070 | number of skipped iterations:   0 | number of nan iterations:   0 |
 [2026-03-27 18:36:23.243520] iteration    86774/  100000 | consumed samples:     88856576 | elapsed time per iteration (ms): 2238.4 | learning rate: 4.195343E-05 | global batch size:  1024 | lm loss: 2.091223E+00 | loss scale: 1.0 | grad norm: 0.092 | number of skipped iterations:   0 | number of nan iterations:   0 |
 [2026-03-27 18:36:25.545550] iteration    86775/  100000 | consumed samples:     88857600 | elapsed time per iteration (ms): 2301.7 | learning rate: 4.195165E-05 | global batch size:  1024 | lm loss: 2.118897E+00 | loss scale: 1.0 | grad norm: 0.082 | number of skipped iterations:   0 | number of nan iterations:   0 |
 [2026-03-27 18:36:27.723527] iteration    86776/  100000 | consumed samples:     88858624 | elapsed time per iteration (ms): 2177.7 | learning rate: 4.194988E-05 | global batch size:  1024 | lm loss: 2.093570E+00 | loss scale: 1.0 | grad norm: 0.066 | number of skipped iterations:   0 | number of nan iterations:   0 |
 [2026-03-27 18:36:29.924857] iteration    86777/  100000 | consumed samples:     88859648 | elapsed time per iteration (ms): 2201.1 | learning rate: 4.194809E-05 | global batch size:  1024 | lm loss: 2.100429E+00 | loss scale: 1.0 | grad norm: 0.089 | number of skipped iterations:   0 | number of nan iterations:   0 |
 [2026-03-27 18:36:32.120585] iteration    86778/  100000 | consumed samples:     88860672 | elapsed time per iteration (ms): 2195.4 | learning rate: 4.194631E-05 | global batch size:  1024 | lm loss: 2.116309E+00 | loss scale: 1.0 | grad norm: 0.085 | number of skipped iterations:   0 | number of nan iterations:   0 |
 [2026-03-27 18:36:34.345665] iteration    86779/  100000 | consumed samples:     88861696 | elapsed time per iteration (ms): 2224.8 | learning rate: 4.194454E-05 | global batch size:  1024 | lm loss: 2.135559E+00 | loss scale: 1.0 | grad norm: 0.063 | number of skipped iterations:   0 | number of nan iterations:   0 |
 [2026-03-27 18:36:36.544586] iteration    86780/  100000 | consumed samples:     88862720 | elapsed time per iteration (ms): 2198.7 | learning rate: 4.194276E-05 | global batch size:  1024 | lm loss: 2.128434E+00 | loss scale: 1.0 | grad norm: 0.094 | number of skipped iterations:   0 | number of nan iterations:   0 |
 [2026-03-27 18:36:38.727180] iteration    86781/  100000 | consumed samples:     88863744 | elapsed time per iteration (ms): 2182.3 | learning rate: 4.194097E-05 | global batch size:  1024 | lm loss: 2.135661E+00 | loss scale: 1.0 | grad norm: 0.086 | number of skipped iterations:   0 | number of nan iterations:   0 |
 [2026-03-27 18:36:40.939361] iteration    86782/  100000 | consumed samples:     88864768 | elapsed time per iteration (ms): 2211.9 | learning rate: 4.193919E-05 | global batch size:  1024 | lm loss: 2.092749E+00 | loss scale: 1.0 | grad norm: 0.066 | number of skipped iterations:   0 | number of nan iterations:   0 |
 [2026-03-27 18:36:43.220727] iteration    86783/  100000 | consumed samples:     88865792 | elapsed time per iteration (ms): 2281.1 | learning rate: 4.193742E-05 | global batch size:  1024 | lm loss: 2.139766E+00 | loss scale: 1.0 | grad norm: 0.087 | number of skipped iterations:   0 | number of nan iterations:   0 |
 [2026-03-27 18:36:45.329850] iteration    86784/  100000 | consumed samples:     88866816 | elapsed time per iteration (ms): 2108.8 | learning rate: 4.193564E-05 | global batch size:  1024 | lm loss: 2.134961E+00 | loss scale: 1.0 | grad norm: 0.081 | number of skipped iterations:   0 | number of nan iterations:   0 |
 [2026-03-27 18:36:47.470119] iteration    86785/  100000 | consumed samples:     88867840 | elapsed time per iteration (ms): 2140.0 | learning rate: 4.193386E-05 | global batch size:  1024 | lm loss: 2.107512E+00 | loss scale: 1.0 | grad norm: 0.066 | number of skipped iterations:   0 | number of nan iterations:   0 |
 [2026-03-27 18:36:49.625674] iteration    86786/  100000 | consumed samples:     88868864 | elapsed time per iteration (ms): 2155.3 | learning rate: 4.193208E-05 | global batch size:  1024 | lm loss: 2.137294E+00 | loss scale: 1.0 | grad norm: 0.086 | number of skipped iterations:   0 | number of nan iterations:   0 |
 [2026-03-27 18:36:51.819307] iteration    86787/  100000 | consumed samples:     88869888 | elapsed time per iteration (ms): 2193.3 | learning rate: 4.193030E-05 | global batch size:  1024 | lm loss: 2.110038E+00 | loss scale: 1.0 | grad norm: 0.073 | number of skipped iterations:   0 | number of nan iterations:   0 |
 [2026-03-27 18:36:54.091508] iteration    86788/  100000 | consumed samples:     88870912 | elapsed time per iteration (ms): 2271.9 | learning rate: 4.192852E-05 | global batch size:  1024 | lm loss: 2.138732E+00 | loss scale: 1.0 | grad norm: 0.073 | number of skipped iterations:   0 | number of nan iterations:   0 |
 [2026-03-27 18:36:56.277901] iteration    86789/  100000 | consumed samples:     88871936 | elapsed time per iteration (ms): 2185.0 | learning rate: 4.192674E-05 | global batch size:  1024 | lm loss: 2.125259E+00 | loss scale: 1.0 | grad norm: 0.081 | number of skipped iterations:   0 | number of nan iterations:   0 |
 [2026-03-27 18:36:58.585713] iteration    86790/  100000 | consumed samples:     88872960 | elapsed time per iteration (ms): 2307.5 | learning rate: 4.192497E-05 | global batch size:  1024 | lm loss: 2.126710E+00 | loss scale: 1.0 | grad norm: 0.072 | number of skipped iterations:   0 | number of nan iterations:   0 |
 [2026-03-27 18:37:00.807899] iteration    86791/  100000 | consumed samples:     88873984 | elapsed time per iteration (ms): 2221.9 | learning rate: 4.192319E-05 | global batch size:  1024 | lm loss: 2.119112E+00 | loss scale: 1.0 | grad norm: 0.066 | number of skipped iterations:   0 | number of nan iterations:   0 |
 [2026-03-27 18:37:03.015813] iteration    86792/  100000 | consumed samples:     88875008 | elapsed time per iteration (ms): 2207.6 | learning rate: 4.192141E-05 | global batch size:  1024 | lm loss: 2.137417E+00 | loss scale: 1.0 | grad norm: 0.087 | number of skipped iterations:   0 | number of nan iterations:   0 |
 [2026-03-27 18:37:05.223715] iteration    86793/  100000 | consumed samples:     88876032 | elapsed time per iteration (ms): 2207.6 | learning rate: 4.191963E-05 | global batch size:  1024 | lm loss: 2.105891E+00 | loss scale: 1.0 | grad norm: 0.068 | number of skipped iterations:   0 | number of nan iterations:   0 |
 [2026-03-27 18:37:07.402622] iteration    86794/  100000 | consumed samples:     88877056 | elapsed time per iteration (ms): 2178.6 | learning rate: 4.191785E-05 | global batch size:  1024 | lm loss: 2.150132E+00 | loss scale: 1.0 | grad norm: 0.074 | number of skipped iterations:   0 | number of nan iterations:   0 |
 [2026-03-27 18:37:09.612935] iteration    86795/  100000 | consumed samples:     88878080 | elapsed time per iteration (ms): 2210.0 | learning rate: 4.191608E-05 | global batch size:  1024 | lm loss: 2.148485E+00 | loss scale: 1.0 | grad norm: 0.073 | number of skipped iterations:   0 | number of nan iterations:   0 |
 [2026-03-27 18:37:11.811162] iteration    86796/  100000 | consumed samples:     88879104 | elapsed time per iteration (ms): 2197.9 | learning rate: 4.191430E-05 | global batch size:  1024 | lm loss: 2.102260E+00 | loss scale: 1.0 | grad norm: 0.065 | number of skipped iterations:   0 | number of nan iterations:   0 |
 [2026-03-27 18:37:13.990281] iteration    86797/  100000 | consumed samples:     88880128 | elapsed time per iteration (ms): 2178.8 | learning rate: 4.191252E-05 | global batch size:  1024 | lm loss: 2.107068E+00 | loss scale: 1.0 | grad norm: 0.081 | number of skipped iterations:   0 | number of nan iterations:   0 |
 [2026-03-27 18:37:16.093949] iteration    86798/  100000 | consumed samples:     88881152 | elapsed time per iteration (ms): 2103.4 | learning rate: 4.191074E-05 | global batch size:  1024 | lm loss: 2.117926E+00 | loss scale: 1.0 | grad norm: 0.077 | number of skipped iterations:   0 | number of nan iterations:   0 |
 [2026-03-27 18:37:18.288234] iteration    86799/  100000 | consumed samples:     88882176 | elapsed time per iteration (ms): 2194.0 | learning rate: 4.190896E-05 | global batch size:  1024 | lm loss: 2.141737E+00 | loss scale: 1.0 | grad norm: 0.066 | number of skipped iterations:   0 | number of nan iterations:   0 |
 [2026-03-27 18:37:20.593750] iteration    86800/  100000 | consumed samples:     88883200 | elapsed time per iteration (ms): 2304.6 | learning rate: 4.190719E-05 | global batch size:  1024 | lm loss: 2.140345E+00 | loss scale: 1.0 | grad norm: 0.077 | number of skipped iterations:   0 | number of nan iterations:   0 |
INFO:megatron.core.timers:(min, max) time across ranks (ms):
    evaluate .......................................: (3380.84, 3381.82)
-------------------------------------------------------------------------------------------------
 validation loss at iteration 86800 | lm loss value: 2.325127E+00 | lm loss PPL: 1.022798E+01 | 
-------------------------------------------------------------------------------------------------
 [2026-03-27 18:37:26.248377] iteration    86801/  100000 | consumed samples:     88884224 | elapsed time per iteration (ms): 2268.1 | learning rate: 4.190541E-05 | global batch size:  1024 | lm loss: 2.128201E+00 | loss scale: 1.0 | grad norm: 0.075 | number of skipped iterations:   0 | number of nan iterations:   0 |
 [2026-03-27 18:37:28.415154] iteration    86802/  100000 | consumed samples:     88885248 | elapsed time per iteration (ms): 2166.5 | learning rate: 4.190363E-05 | global batch size:  1024 | lm loss: 2.127539E+00 | loss scale: 1.0 | grad norm: 0.070 | number of skipped iterations:   0 | number of nan iterations:   0 |
 [2026-03-27 18:37:30.636451] iteration    86803/  100000 | consumed samples:     88886272 | elapsed time per iteration (ms): 2221.0 | learning rate: 4.190186E-05 | global batch size:  1024 | lm loss: 2.116610E+00 | loss scale: 1.0 | grad norm: 0.082 | number of skipped iterations:   0 | number of nan iterations:   0 |
 [2026-03-27 18:37:32.899415] iteration    86804/  100000 | consumed samples:     88887296 | elapsed time per iteration (ms): 2261.7 | learning rate: 4.190008E-05 | global batch size:  1024 | lm loss: 2.099399E+00 | loss scale: 1.0 | grad norm: 0.066 | number of skipped iterations:   0 | number of nan iterations:   0 |
 [2026-03-27 18:37:35.104972] iteration    86805/  100000 | consumed samples:     88888320 | elapsed time per iteration (ms): 2205.2 | learning rate: 4.189830E-05 | global batch size:  1024 | lm loss: 2.122348E+00 | loss scale: 1.0 | grad norm: 0.072 | number of skipped iterations:   0 | number of nan iterations:   0 |
 [2026-03-27 18:37:37.259162] iteration    86806/  100000 | consumed samples:     88889344 | elapsed time per iteration (ms): 2153.9 | learning rate: 4.189653E-05 | global batch size:  1024 | lm loss: 2.119692E+00 | loss scale: 1.0 | grad norm: 0.078 | number of skipped iterations:   0 | number of nan iterations:   0 |
 [2026-03-27 18:37:39.433758] iteration    86807/  100000 | consumed samples:     88890368 | elapsed time per iteration (ms): 2173.4 | learning rate: 4.189475E-05 | global batch size:  1024 | lm loss: 2.099271E+00 | loss scale: 1.0 | grad norm: 0.060 | number of skipped iterations:   0 | number of nan iterations:   0 |
 [2026-03-27 18:37:41.611131] iteration    86808/  100000 | consumed samples:     88891392 | elapsed time per iteration (ms): 2177.1 | learning rate: 4.189297E-05 | global batch size:  1024 | lm loss: 2.129075E+00 | loss scale: 1.0 | grad norm: 0.075 | number of skipped iterations:   0 | number of nan iterations:   0 |
 [2026-03-27 18:37:43.780228] iteration    86809/  100000 | consumed samples:     88892416 | elapsed time per iteration (ms): 2168.8 | learning rate: 4.189120E-05 | global batch size:  1024 | lm loss: 2.136339E+00 | loss scale: 1.0 | grad norm: 0.074 | number of skipped iterations:   0 | number of nan iterations:   0 |
 [2026-03-27 18:37:45.989730] iteration    86810/  100000 | consumed samples:     88893440 | elapsed time per iteration (ms): 2209.2 | learning rate: 4.188942E-05 | global batch size:  1024 | lm loss: 2.152535E+00 | loss scale: 1.0 | grad norm: 0.059 | number of skipped iterations:   0 | number of nan iterations:   0 |
 [2026-03-27 18:37:48.173243] iteration    86811/  100000 | consumed samples:     88894464 | elapsed time per iteration (ms): 2183.2 | learning rate: 4.188765E-05 | global batch size:  1024 | lm loss: 2.112696E+00 | loss scale: 1.0 | grad norm: 0.072 | number of skipped iterations:   0 | number of nan iterations:   0 |
 [2026-03-27 18:37:50.369592] iteration    86812/  100000 | consumed samples:     88895488 | elapsed time per iteration (ms): 2196.1 | learning rate: 4.188587E-05 | global batch size:  1024 | lm loss: 2.129155E+00 | loss scale: 1.0 | grad norm: 0.070 | number of skipped iterations:   0 | number of nan iterations:   0 |
 [2026-03-27 18:37:52.600221] iteration    86813/  100000 | consumed samples:     88896512 | elapsed time per iteration (ms): 2230.3 | learning rate: 4.188409E-05 | global batch size:  1024 | lm loss: 2.113945E+00 | loss scale: 1.0 | grad norm: 0.073 | number of skipped iterations:   0 | number of nan iterations:   0 |
 [2026-03-27 18:37:54.811177] iteration    86814/  100000 | consumed samples:     88897536 | elapsed time per iteration (ms): 2210.7 | learning rate: 4.188232E-05 | global batch size:  1024 | lm loss: 2.137503E+00 | loss scale: 1.0 | grad norm: 0.073 | number of skipped iterations:   0 | number of nan iterations:   0 |
 [2026-03-27 18:37:57.024515] iteration    86815/  100000 | consumed samples:     88898560 | elapsed time per iteration (ms): 2213.0 | learning rate: 4.188054E-05 | global batch size:  1024 | lm loss: 2.124998E+00 | loss scale: 1.0 | grad norm: 0.062 | number of skipped iterations:   0 | number of nan iterations:   0 |
 [2026-03-27 18:37:59.228854] iteration    86816/  100000 | consumed samples:     88899584 | elapsed time per iteration (ms): 2204.1 | learning rate: 4.187877E-05 | global batch size:  1024 | lm loss: 2.135866E+00 | loss scale: 1.0 | grad norm: 0.076 | number of skipped iterations:   0 | number of nan iterations:   0 |
 [2026-03-27 18:38:01.426954] iteration    86817/  100000 | consumed samples:     88900608 | elapsed time per iteration (ms): 2197.8 | learning rate: 4.187700E-05 | global batch size:  1024 | lm loss: 2.106548E+00 | loss scale: 1.0 | grad norm: 0.073 | number of skipped iterations:   0 | number of nan iterations:   0 |
 [2026-03-27 18:38:03.594563] iteration    86818/  100000 | consumed samples:     88901632 | elapsed time per iteration (ms): 2167.3 | learning rate: 4.187522E-05 | global batch size:  1024 | lm loss: 2.116697E+00 | loss scale: 1.0 | grad norm: 0.062 | number of skipped iterations:   0 | number of nan iterations:   0 |
 [2026-03-27 18:38:05.792874] iteration    86819/  100000 | consumed samples:     88902656 | elapsed time per iteration (ms): 2198.0 | learning rate: 4.187345E-05 | global batch size:  1024 | lm loss: 2.128880E+00 | loss scale: 1.0 | grad norm: 0.075 | number of skipped iterations:   0 | number of nan iterations:   0 |
 [2026-03-27 18:38:08.007324] iteration    86820/  100000 | consumed samples:     88903680 | elapsed time per iteration (ms): 2213.3 | learning rate: 4.187167E-05 | global batch size:  1024 | lm loss: 2.119168E+00 | loss scale: 1.0 | grad norm: 0.085 | number of skipped iterations:   0 | number of nan iterations:   0 |
 [2026-03-27 18:38:10.182622] iteration    86821/  100000 | consumed samples:     88904704 | elapsed time per iteration (ms): 2175.0 | learning rate: 4.186989E-05 | global batch size:  1024 | lm loss: 2.133468E+00 | loss scale: 1.0 | grad norm: 0.062 | number of skipped iterations:   0 | number of nan iterations:   0 |
 [2026-03-27 18:38:12.377409] iteration    86822/  100000 | consumed samples:     88905728 | elapsed time per iteration (ms): 2194.5 | learning rate: 4.186812E-05 | global batch size:  1024 | lm loss: 2.121165E+00 | loss scale: 1.0 | grad norm: 0.083 | number of skipped iterations:   0 | number of nan iterations:   0 |
 [2026-03-27 18:38:14.596711] iteration    86823/  100000 | consumed samples:     88906752 | elapsed time per iteration (ms): 2219.0 | learning rate: 4.186635E-05 | global batch size:  1024 | lm loss: 2.114059E+00 | loss scale: 1.0 | grad norm: 0.081 | number of skipped iterations:   0 | number of nan iterations:   0 |
 [2026-03-27 18:38:16.785538] iteration    86824/  100000 | consumed samples:     88907776 | elapsed time per iteration (ms): 2188.5 | learning rate: 4.186457E-05 | global batch size:  1024 | lm loss: 2.121213E+00 | loss scale: 1.0 | grad norm: 0.062 | number of skipped iterations:   0 | number of nan iterations:   0 |
 [2026-03-27 18:38:18.992579] iteration    86825/  100000 | consumed samples:     88908800 | elapsed time per iteration (ms): 2206.7 | learning rate: 4.186280E-05 | global batch size:  1024 | lm loss: 2.120936E+00 | loss scale: 1.0 | grad norm: 0.082 | number of skipped iterations:   0 | number of nan iterations:   0 |
 [2026-03-27 18:38:21.176005] iteration    86826/  100000 | consumed samples:     88909824 | elapsed time per iteration (ms): 2183.1 | learning rate: 4.186103E-05 | global batch size:  1024 | lm loss: 2.110638E+00 | loss scale: 1.0 | grad norm: 0.077 | number of skipped iterations:   0 | number of nan iterations:   0 |
 [2026-03-27 18:38:23.352167] iteration    86827/  100000 | consumed samples:     88910848 | elapsed time per iteration (ms): 2175.9 | learning rate: 4.185925E-05 | global batch size:  1024 | lm loss: 2.139427E+00 | loss scale: 1.0 | grad norm: 0.060 | number of skipped iterations:   0 | number of nan iterations:   0 |
 [2026-03-27 18:38:25.529311] iteration    86828/  100000 | consumed samples:     88911872 | elapsed time per iteration (ms): 2176.8 | learning rate: 4.185748E-05 | global batch size:  1024 | lm loss: 2.120090E+00 | loss scale: 1.0 | grad norm: 0.085 | number of skipped iterations:   0 | number of nan iterations:   0 |
 [2026-03-27 18:38:27.723718] iteration    86829/  100000 | consumed samples:     88912896 | elapsed time per iteration (ms): 2194.1 | learning rate: 4.185570E-05 | global batch size:  1024 | lm loss: 2.138336E+00 | loss scale: 1.0 | grad norm: 0.083 | number of skipped iterations:   0 | number of nan iterations:   0 |
 [2026-03-27 18:38:29.907801] iteration    86830/  100000 | consumed samples:     88913920 | elapsed time per iteration (ms): 2182.9 | learning rate: 4.185393E-05 | global batch size:  1024 | lm loss: 2.143570E+00 | loss scale: 1.0 | grad norm: 0.057 | number of skipped iterations:   0 | number of nan iterations:   0 |
 [2026-03-27 18:38:32.125041] iteration    86831/  100000 | consumed samples:     88914944 | elapsed time per iteration (ms): 2216.6 | learning rate: 4.185216E-05 | global batch size:  1024 | lm loss: 2.149874E+00 | loss scale: 1.0 | grad norm: 0.091 | number of skipped iterations:   0 | number of nan iterations:   0 |
 [2026-03-27 18:38:34.312863] iteration    86832/  100000 | consumed samples:     88915968 | elapsed time per iteration (ms): 2187.5 | learning rate: 4.185038E-05 | global batch size:  1024 | lm loss: 2.132570E+00 | loss scale: 1.0 | grad norm: 0.085 | number of skipped iterations:   0 | number of nan iterations:   0 |
 [2026-03-27 18:38:36.499918] iteration    86833/  100000 | consumed samples:     88916992 | elapsed time per iteration (ms): 2186.8 | learning rate: 4.184861E-05 | global batch size:  1024 | lm loss: 2.133442E+00 | loss scale: 1.0 | grad norm: 0.069 | number of skipped iterations:   0 | number of nan iterations:   0 |
 [2026-03-27 18:38:38.697293] iteration    86834/  100000 | consumed samples:     88918016 | elapsed time per iteration (ms): 2197.1 | learning rate: 4.184684E-05 | global batch size:  1024 | lm loss: 2.128029E+00 | loss scale: 1.0 | grad norm: 0.093 | number of skipped iterations:   0 | number of nan iterations:   0 |
 [2026-03-27 18:38:40.867517] iteration    86835/  100000 | consumed samples:     88919040 | elapsed time per iteration (ms): 2169.9 | learning rate: 4.184507E-05 | global batch size:  1024 | lm loss: 2.144850E+00 | loss scale: 1.0 | grad norm: 0.085 | number of skipped iterations:   0 | number of nan iterations:   0 |
 [2026-03-27 18:38:43.066934] iteration    86836/  100000 | consumed samples:     88920064 | elapsed time per iteration (ms): 2199.1 | learning rate: 4.184329E-05 | global batch size:  1024 | lm loss: 2.140601E+00 | loss scale: 1.0 | grad norm: 0.063 | number of skipped iterations:   0 | number of nan iterations:   0 |
 [2026-03-27 18:38:45.241269] iteration    86837/  100000 | consumed samples:     88921088 | elapsed time per iteration (ms): 2174.0 | learning rate: 4.184152E-05 | global batch size:  1024 | lm loss: 2.136781E+00 | loss scale: 1.0 | grad norm: 0.077 | number of skipped iterations:   0 | number of nan iterations:   0 |
 [2026-03-27 18:38:47.439221] iteration    86838/  100000 | consumed samples:     88922112 | elapsed time per iteration (ms): 2197.7 | learning rate: 4.183975E-05 | global batch size:  1024 | lm loss: 2.117090E+00 | loss scale: 1.0 | grad norm: 0.090 | number of skipped iterations:   0 | number of nan iterations:   0 |
 [2026-03-27 18:38:49.642694] iteration    86839/  100000 | consumed samples:     88923136 | elapsed time per iteration (ms): 2203.2 | learning rate: 4.183798E-05 | global batch size:  1024 | lm loss: 2.133920E+00 | loss scale: 1.0 | grad norm: 0.066 | number of skipped iterations:   0 | number of nan iterations:   0 |
 [2026-03-27 18:38:51.839666] iteration    86840/  100000 | consumed samples:     88924160 | elapsed time per iteration (ms): 2196.7 | learning rate: 4.183620E-05 | global batch size:  1024 | lm loss: 2.148667E+00 | loss scale: 1.0 | grad norm: 0.075 | number of skipped iterations:   0 | number of nan iterations:   0 |
 [2026-03-27 18:38:54.041615] iteration    86841/  100000 | consumed samples:     88925184 | elapsed time per iteration (ms): 2201.5 | learning rate: 4.183443E-05 | global batch size:  1024 | lm loss: 2.121863E+00 | loss scale: 1.0 | grad norm: 0.084 | number of skipped iterations:   0 | number of nan iterations:   0 |
 [2026-03-27 18:38:56.254918] iteration    86842/  100000 | consumed samples:     88926208 | elapsed time per iteration (ms): 2213.0 | learning rate: 4.183266E-05 | global batch size:  1024 | lm loss: 2.114520E+00 | loss scale: 1.0 | grad norm: 0.067 | number of skipped iterations:   0 | number of nan iterations:   0 |
 [2026-03-27 18:38:58.435976] iteration    86843/  100000 | consumed samples:     88927232 | elapsed time per iteration (ms): 2180.8 | learning rate: 4.183089E-05 | global batch size:  1024 | lm loss: 2.117510E+00 | loss scale: 1.0 | grad norm: 0.079 | number of skipped iterations:   0 | number of nan iterations:   0 |
 [2026-03-27 18:39:00.618781] iteration    86844/  100000 | consumed samples:     88928256 | elapsed time per iteration (ms): 2182.5 | learning rate: 4.182912E-05 | global batch size:  1024 | lm loss: 2.122840E+00 | loss scale: 1.0 | grad norm: 0.080 | number of skipped iterations:   0 | number of nan iterations:   0 |
 [2026-03-27 18:39:02.845496] iteration    86845/  100000 | consumed samples:     88929280 | elapsed time per iteration (ms): 2226.4 | learning rate: 4.182734E-05 | global batch size:  1024 | lm loss: 2.104116E+00 | loss scale: 1.0 | grad norm: 0.069 | number of skipped iterations:   0 | number of nan iterations:   0 |
 [2026-03-27 18:39:05.035492] iteration    86846/  100000 | consumed samples:     88930304 | elapsed time per iteration (ms): 2189.7 | learning rate: 4.182557E-05 | global batch size:  1024 | lm loss: 2.138062E+00 | loss scale: 1.0 | grad norm: 0.075 | number of skipped iterations:   0 | number of nan iterations:   0 |
