iteration,loss,ppl,time
1,10.70036,44371.82611274912,0.0001540127314814815
2,10.70063,44383.808123298215,0.00027944097222222227
3,10.70043,44374.93224929056,0.0003763854166666667
4,10.69776,44256.609211732844,0.00047570254629629633
5,10.69139,43975.59060555278,0.0005728206018518519
6,10.6864,43756.69899719568,0.0006700613425925926
7,10.66213,42707.50735332617,0.0007674907407407408
8,10.65466,42389.67087062185,0.0008645925925925926
9,10.56781,38863.46946175396,0.0009619976851851852
10,10.53886,37754.50177933952,0.0010594456018518518
11,10.52414,37202.82580960444,0.0011565949074074074
12,10.28194,29200.46754665703,0.0012538321759259258
13,10.24991,28279.996606103003,0.0013511666666666665
14,10.16897,26081.19928923525,0.0014484560185185184
15,10.13051,25097.16072009108,0.001545704861111111
16,9.775805,17602.654614116178,0.0016430648148148146
17,9.730445,16822.036461347987,0.0017402893518518516
18,9.649415,15512.710513610093,0.0018374930555555553
19,9.593868,14674.52094690116,0.0019346944444444442
20,9.436821,12541.783136861508,0.002031983796296296
21,9.359436,11607.839873805257,0.002129210648148148
22,9.300646,10945.087451370411,0.0022264062499999997
23,9.199588,9893.052281445507,0.0023235104166666664
24,9.150072,9415.118242868351,0.002420731481481481
25,9.056635,8575.246345845735,0.002518049768518518
26,9.030943,8357.737203471883,0.0026154745370370364
27,8.968324,7850.433247360024,0.0027126215277777773
28,8.91785,7464.024313816728,0.0028098541666666662
29,8.885188,7224.172691084632,0.002906854166666666
30,8.828615,6826.8251121254925,0.0030039907407407402
31,8.771439,6447.443663567547,0.003100881944444444
32,8.735734,6221.2989603553515,0.0031979826388888882
33,8.697743,5989.378922454785,0.0032950833333333326
34,8.680264,5885.600184701576,0.0033930405092592584
35,8.629514,5594.358733677903,0.00349195486111111
36,8.61598,5519.154735946517,0.0035899733796296287
37,8.582987,5340.032403462665,0.0036871203703703693
38,8.570308,5272.753548215402,0.0037839884259259246
39,8.520714,5017.635069553782,0.0038812013888888876
40,8.503695,4932.962503256483,0.003979046296296295
41,8.490107,4866.386748779232,0.00407757986111111
42,8.460974,4726.659522702945,0.0041769178240740725
43,8.415518,4516.614555294477,0.004276576388888887
44,8.398115,4438.691922632874,0.004374171296296294
45,8.34998,4230.096140361966,0.004471966435185183
46,8.32994,4146.168774674859,0.004569385416666664
47,8.285372,3965.439607784935,0.004667104166666664
48,8.273531,3918.761739098635,0.004765703703703701
49,8.213041,3688.742894525786,0.00486548958333333
50,8.204088,3655.864977002698,0.004963204861111108
51,8.174612,3549.677381893798,0.005060567129629627
52,8.140577,3430.8969245010094,0.005158982638888886
53,8.120735,3363.4920034037564,0.005256445601851849
54,8.088053,3255.34324273447,0.005354329861111108
55,8.070163,3197.6229991497034,0.005453734953703701
56,8.027964,3065.4939695459266,0.005552813657407405
57,7.988067,2945.5976126545747,0.00565056134259259
58,7.995071,2966.300996950017,0.0057481481481481455
59,7.961517,2868.421048372274,0.005845781249999998
60,7.928906,2776.3877742455006,0.005943199074074072
61,7.901042,2700.0943612693254,0.006040589120370368
62,7.881455,2647.7221942068695,0.006138813657407405
63,7.879535,2642.643444753659,0.006238082175925924
64,7.857181,2584.2251669017865,0.006336403935185183
65,7.828436,2510.999098155466,0.006433868055555553
66,7.815215,2478.0196699735093,0.006531653935185183
67,7.764051,2354.4230804864173,0.0066290960648148125
68,7.758534,2341.4694936765773,0.006726726851851849
69,7.757872,2339.919953826043,0.006824888888888886
70,7.704248,2217.7490077773273,0.006923508101851849
71,7.710853,2232.445722443986,0.007021447916666664
72,7.689076,2184.355285182404,0.0071189143518518485
73,7.644015,2088.1107734210123,0.007216406249999996
74,7.646322,2092.933605973618,0.0073135925925925886
75,7.612273,2022.870861531612,0.007411390046296293
76,7.59883,1995.859373038794,0.0075097557870370335
77,7.579844,1958.3234431008175,0.007608913194444441
78,7.541632,1884.9036791832325,0.00770713657407407
79,7.506225,1819.3325826762375,0.007804300925925922
80,7.532442,1867.6607669090274,0.007901725694444441
81,7.480941,1773.9092393912688,0.007998929398148145
82,7.483738,1778.8778088390397,0.008096726851851848
83,7.440059,1702.8506863774958,0.008195035879629626
84,7.381428,1605.8813298068196,0.008293866898148145
85,7.401962,1639.1973823231385,0.008392386574074071
86,7.384073,1610.134508273069,0.008489751157407405
87,7.372224,1591.1686098483565,0.00858730671296296
88,7.346547,1550.8322479856474,0.00868472685185185
89,7.330997,1526.9033359908487,0.008783084490740738
90,7.268513,1434.4158899539111,0.008882033564814812
91,7.265186,1429.6515182151295,0.00898114583333333
92,7.283283,1455.7594468040447,0.009079046296296293
93,7.229837,1379.997546153456,0.009176569444444442
94,7.18757,1322.8846869015688,0.009273765046296295
95,7.175488,1306.9977602950605,0.009370958333333332
96,7.154748,1280.1697944112896,0.009468156249999998
97,7.124071,1241.4942829699464,0.00956571412037037
98,7.126376,1244.3592278727322,0.009664587962962962
99,7.064913,1170.1801613531563,0.009762530092592592
100,7.043724,1145.6460583918247,0.009860215277777777
101,7.039773,1141.1285410473195,0.009961122685185184
102,7.006207,1103.4611291282217,0.010060734953703703
103,6.973543,1067.9999791524908,0.010159730324074074
104,6.983844,1079.0583050617083,0.010257347222222222
105,6.941454,1034.2729550802715,0.010354511574074073
106,6.937689,1030.3862387391614,0.010451730324074072
107,6.892391,984.7531493822488,0.010550753472222221
108,6.8673,960.3521114750221,0.01064800810185185
109,6.837362,932.0272011099632,0.010745249999999998
110,6.834875,929.7121294456769,0.010842739583333332
111,6.80763,904.7240680255634,0.010940374999999999
112,6.782568,882.3316449380656,0.011038103009259259
113,6.778424,878.6828281714616,0.011135766203703703
114,6.734766,841.1466327443572,0.011233204861111111
115,6.707211,818.2852563852933,0.01133064351851852
116,6.715508,825.1028126796874,0.0114280625
117,6.67705,793.9734322142726,0.01152571064814815
118,6.633334,760.0118307989965,0.01162312962962963
119,6.635981,762.0262470188034,0.011720641203703705
120,6.589687,727.5531101328128,0.011818017361111113
121,6.598121,733.7152422475965,0.011915483796296299
122,6.562906,708.3271052050089,0.012012773148148151
123,6.556939,704.1131023490927,0.012110061342592595
124,6.543181,694.4922478992554,0.012207501157407409
125,6.508631,670.9073164936585,0.012304738425925927
126,6.499802,665.0099480382647,0.012402024305555558
127,6.478331,650.8837143092969,0.012499325231481484
128,6.46048,639.3678795083202,0.01259679166666667
129,6.424434,616.7316486242394,0.012695247685185188
130,6.40984,607.7964258531282,0.012792682870370373
131,6.417359,612.3836713166604,0.012890098379629632
132,6.419248,613.5415573508274,0.01298742476851852
133,6.364107,580.6260976330576,0.013084778935185188
134,6.3366,564.8724762958382,0.013182203703703706
135,6.329044,560.620384498177,0.013279482638888892
136,6.342155,568.019074486657,0.013376877314814817
137,6.302963,546.1878695572713,0.01347449652777778
138,6.282654,535.2072205314438,0.013571888888888892
139,6.264686,525.6764976215601,0.013669940972222225
140,6.267025,526.9074940385831,0.013767181712962966
141,6.228944,507.2195767138039,0.013864394675925928
142,6.220255,502.8314376899323,0.013961615740740743
143,6.189392,487.5495859331618,0.014059133101851855
144,6.210479,497.9397072918275,0.014156575231481484
145,6.172062,479.17314312547416,0.014253909722222225
146,6.168102,477.27936962501064,0.01435135416666667
147,6.15264,469.95643550820097,0.014448605324074078
148,6.120248,454.9775149329164,0.014545900462962967
149,6.108161,449.51130330881847,0.014643342592592597
150,6.106568,448.79580185086655,0.014741534722222227
151,6.087132,440.1572282436228,0.014839811342592598
152,6.056757,426.98846550717,0.01493740393518519
153,6.059815,428.29619473359077,0.015034763888888894
154,6.04119,420.3930050214195,0.015131914351851856
155,6.015517,409.73761851566144,0.015229201388888893
156,6.031786,416.4581598424273,0.015327348379629634
157,5.986534,398.03263523473385,0.01542577430555556
158,6.000951,403.812636763893,0.015524895833333337
159,6.003704,404.9258646079345,0.015622684027777781
160,5.971043,391.9142241880613,0.01572022916666667
161,5.918124,371.7137244197678,0.015817767361111113
162,5.946755,382.5100777582864,0.01591517013888889
163,5.900289,365.1429789391576,0.01601318287037037
164,5.883173,358.94637353839573,0.016112122685185186
165,5.903988,366.49614395404757,0.01621191087962963
166,5.877089,356.76917355988337,0.016310850694444445
167,5.898748,364.5807269350458,0.01640841898148148
168,5.856288,349.4246693144803,0.016505719907407405
169,5.847555,346.38642946100583,0.016603041666666665
170,5.837078,342.7762836115805,0.016700855324074074
171,5.801678,330.85426784097456,0.016798913194444445
172,5.837312,342.8565026472067,0.016897202546296296
173,5.777394,322.91657237519235,0.01699492939814815
174,5.774584,322.0104505042823,0.017092180555555555
175,5.788778,326.61365852241727,0.01718958449074074
176,5.757021,316.4043549932682,0.017287193287037036
177,5.742039,311.6993183835104,0.017385197916666664
178,5.742373,311.8034433437507,0.01748446875
179,5.731344,308.3834573467505,0.017583524305555556
180,5.743056,312.0164778385531,0.017681276620370372
181,5.711867,302.43518800917656,0.017778885416666668
182,5.680174,293.00040755828275,0.017876178240740743
183,5.674767,291.42042967412965,0.01797346990740741
184,5.704637,300.2564671663801,0.018071488425925927
185,5.651299,284.6610003987697,0.018170266203703704
186,5.673976,291.19000725833695,0.018269805555555556
187,5.689251,295.6720792962146,0.01836856828703704
188,5.640955,281.73164376280994,0.018466600694444446
189,5.624109,277.0253449455424,0.018564171296296297
190,5.633179,279.5493940836762,0.018661572916666667
191,5.609932,273.1256648280675,0.018759277777777777
192,5.59722,269.6756660275544,0.01885776736111111
193,5.579686,264.98838636814236,0.018956814814814815
194,5.574912,263.7263466972513,0.01905453587962963
195,5.585258,266.4690228795087,0.01915207175925926
196,5.547602,256.6214392658074,0.01924955902777778
197,5.560343,259.91197084150554,0.019346828703703706
198,5.534978,253.4022127270852,0.01944501388888889
199,5.558589,259.45648482266387,0.019543185185185188
200,5.505252,245.98043493871165,0.019642146990740742
201,5.539291,254.49749675270914,0.019739944444444445
202,5.526157,251.17678150308905,0.019837378472222222
203,5.473179,238.21627987767238,0.019934828703703705
204,5.487664,241.69195449453787,0.02003246527777778
205,5.495468,243.58549750212666,0.02012979976851852
206,5.454023,233.6964380781221,0.020227175925925926
207,5.498503,244.32590248326832,0.020324614583333334
208,5.471897,237.9110822803291,0.02042203125
209,5.448973,232.5192459776585,0.020519405092592594
210,5.443752,231.30842658888346,0.0206167650462963
211,5.418678,225.58070759779852,0.020714289351851854
212,5.420025,225.88476955068361,0.020811668981481485
213,5.430638,228.29485108585166,0.020909159722222227
214,5.397031,220.75003543389457,0.021006883101851857
215,5.408318,223.2557555135262,0.021104263888888895
216,5.402135,221.87962387221984,0.02120187731481482
217,5.374691,215.87315719808592,0.021300521990740746
218,5.378019,216.5927798531525,0.02139842245370371
219,5.366176,214.04280106496623,0.02149615856481482
220,5.343333,209.20884261256904,0.021593723379629635
221,5.372543,215.40995930905314,0.021691134259259264
222,5.345634,209.69078642313298,0.021788350694444448
223,5.297571,199.85078238283847,0.021885873842592597
224,5.311505,202.65499476104213,0.021983939814814817
225,5.324977,205.40363612682248,0.02208174768518519
226,5.311143,202.5816469296971,0.022179606481481484
227,5.265971,193.6342363773338,0.022277335648148152
228,5.28336,197.03078784418125,0.022375002314814818
229,5.271452,194.69845946606807,0.02247253587962963
230,5.27328,195.05469374890762,0.02256984953703704
231,5.246004,189.80628510788938,0.02266734953703704
232,5.253103,191.15851398338052,0.022765023148148152
233,5.250304,190.6242094108199,0.022862730324074078
234,5.249823,190.53254121406204,0.02296061226851852
235,5.235476,187.81848666964865,0.023058194444444447
236,5.22012,184.95637750435122,0.02315561689814815
237,5.255118,191.54408672313303,0.02325303240740741
238,5.234412,187.61875407641472,0.023350773148148152
239,5.215186,184.04605036158264,0.02344824768518519
240,5.199167,181.1213049716173,0.023545978009259262
241,5.206707,182.4921210934646,0.023643386574074075
242,5.183001,178.21683801591558,0.023740877314814817
243,5.182599,178.14520924538064,0.02383861689814815
244,5.176683,177.09441350601847,0.023935873842592593
245,5.144406,171.4696014714735,0.02403328472222222
246,5.170019,175.9181798977303,0.024130590277777777
247,5.139264,170.59016774252112,0.02422791550925926
248,5.122065,167.68127418291385,0.02432512962962963
249,5.142422,171.12974303320564,0.02442259490740741
250,5.106745,165.13197455792567,0.02452004050925926
251,5.113611,166.26967194091966,0.024618320601851852
252,5.080638,160.876662504307,0.024717145833333332
253,5.096992,163.52927069964102,0.02481588773148148
254,5.058529,157.3588710906942,0.02491370949074074
255,5.081101,160.95116564519267,0.025011211805555555
256,5.07764,160.39507652820515,0.025108883101851852
257,5.059061,157.44260828223238,0.02520636111111111
258,5.049984,156.01996814693402,0.02530440162037037
259,5.059478,157.50827554055795,0.025402355324074075
260,5.057486,157.19483134974237,0.025501637731481484
261,5.045099,155.25966914478047,0.0255991087962963
262,5.028383,152.68591984249687,0.02569647106481482
263,5.014546,150.58775440379588,0.025793798611111116
264,5.009053,149.76284356065835,0.025891053240740747
265,5.015415,150.7186720378461,0.025988822916666675
266,5.021081,151.57506791201249,0.026087322916666676
267,4.988723,146.74890543865286,0.02618596527777779
268,4.988867,146.77003880260165,0.026284167824074084
269,5.000566,148.49718472763738,0.026381565972222232
270,4.967056,143.60349575276092,0.02647868287037038
271,4.981327,145.66755429976814,0.02657579745370371
272,4.945551,140.54827161772766,0.02667399537037038
273,4.968254,143.77563583199213,0.02677298958333334
274,4.960336,142.64171546244663,0.026872513888888897
275,4.942947,140.18276002107285,0.02697189699074075
276,4.932742,138.75946964620263,0.027071082175925933
277,4.94313,140.2084158135901,0.027168424768518527
278,4.928522,138.17513849020145,0.027268166666666673
279,4.90527,134.99935491235325,0.027365814814814822
280,4.922007,137.2778535424413,0.027464618055555563
281,4.8951,133.63336928333055,0.02756263773148149
282,4.895568,133.6959243368959,0.027660087962962973
283,4.858081,128.776842081389,0.027757449074074084
284,4.901223,134.4541165570038,0.027854855324074085
285,4.876142,131.12381113219357,0.027952292824074083
286,4.864999,129.67080894093525,0.0280496701388889
287,4.865352,129.716590816517,0.02814708912037038
288,4.884596,132.23703078080632,0.028244618055555566
289,4.864055,129.54845745628168,0.02834195601851853
290,4.864998,129.67067927019113,0.028439498842592604
291,4.841911,126.71126573648317,0.028537056712962975
292,4.840399,126.51982306981773,0.028634547453703717
293,4.81395,123.21736612839115,0.028732596064814826
294,4.799224,121.41616201060732,0.028830859953703714
295,4.807617,122.43949627342232,0.02893000810185186
296,4.81241,123.02775742073129,0.029027872685185193
297,4.810544,122.7984016808401,0.02912522222222223
298,4.81801,123.71864554351119,0.02922267824074075
299,4.776032,118.63268039529133,0.029320395833333342
300,4.78955,120.24724522600374,0.029418004629629638
301,4.757481,116.45221299835825,0.029516376157407414
302,4.773211,118.29848920219965,0.02961388773148149
303,4.722472,112.44587558896009,0.029711251157407415
304,4.749431,115.51853577658518,0.029808777777777785
305,4.761124,116.87722209433909,0.029907303240740746
306,4.748356,115.39442007476767,0.03000472685185186
307,4.729467,113.23519190408068,0.030102138888888897
308,4.713808,111.47585272976458,0.03019981481481482
309,4.730718,113.37693777270756,0.03029726273148149
310,4.722096,112.40360388731655,0.030394942129629638
311,4.70734,110.757153692559,0.030492461805555565
312,4.697336,109.6546629803199,0.030589806712962974
313,4.709207,110.9641304511858,0.03068712962962964
314,4.690015,108.85481261735912,0.03078507175925927
315,4.705944,110.60264457845825,0.030882479166666678
316,4.689967,108.84958771175226,0.030979940972222234
317,4.704309,110.42195700691381,0.0310773576388889
318,4.69017,108.87168642100085,0.031174819444444456
319,4.670504,106.7515316483806,0.03127232523148149
320,4.68078,107.8541660201877,0.03136988657407408
321,4.665952,106.26670298352401,0.03146713078703704
322,4.678417,107.59960750521701,0.03156454050925926
323,4.597226,99.20872856633888,0.03166231597222222
324,4.632,102.71929740359643,0.031759686342592595
325,4.630856,102.60185371796346,0.03185712152777778
326,4.621531,101.64953850248938,0.03195448611111112
327,4.630484,102.56369292672765,0.03205174074074075
328,4.633389,102.86207364283314,0.032149363425925934
329,4.634137,102.9390432569649,0.03224681597222223
330,4.577637,97.28423972815368,0.03234444791666668
331,4.626132,102.11830560089743,0.032441964120370384
332,4.605005,99.9834827654363,0.03253941203703705
333,4.573365,96.86952791118284,0.03263679166666668
334,4.586913,98.19084667822845,0.03273475925925927
335,4.570396,96.58234881114454,0.0328323900462963
336,4.565057,96.06806974044426,0.032930054398148154
337,4.564728,96.03646854418142,0.03302787615740741
338,4.582482,97.75672554225959,0.03312583217592593
339,4.559526,95.53818399658743,0.03322370601851852
340,4.549158,94.55276136319519,0.033321320601851855
341,4.556962,95.2935378631905,0.03341885185185185
342,4.550247,94.65578540672982,0.03351651388888889
343,4.531583,92.90551416698409,0.03361429166666667
344,4.550778,94.70606097576311,0.03371214467592593
345,4.524262,92.22783656342557,0.0338097951388889
346,4.526811,92.46322519418447,0.033907646990740746
347,4.515472,91.4207064138823,0.034005708333333336
348,4.50789,90.73017572770925,0.03410397337962963
349,4.479298,88.17275367154645,0.0342016875
350,4.48322,88.51924623922345,0.0342994837962963
351,4.467541,87.14217672432115,0.034397004629629635
352,4.489486,89.075649226225,0.03449450231481482
353,4.477164,87.98479363989529,0.03459228819444445
354,4.489795,89.10317785478995,0.03469072222222223
355,4.483312,88.52739038450235,0.03479001620370371
356,4.461943,86.65571768823146,0.034887925925925926
357,4.482079,88.418303378118,0.03498513657407407
358,4.445772,85.26567753842963,0.035082671296296296
359,4.461604,86.62634637865347,0.03518026851851852
360,4.447769,85.43612322985187,0.03527802893518519
361,4.425289,83.53694591120097,0.03537719907407408
362,4.42129,83.20354873646016,0.03547618981481482
363,4.431529,84.05984620590056,0.03557392592592593
364,4.419409,83.04718996281537,0.03567127083333334
365,4.426309,83.6221970667284,0.035768599537037045
366,4.4074,82.05584072903928,0.03586595370370371
367,4.423162,83.35945165930193,0.03596327662037038
368,4.414805,82.66571951901788,0.036061278935185195
369,4.409815,82.25424506120278,0.03615970254629631
370,4.358531,78.14225908920753,0.036257620370370384
371,4.395971,81.12336331766753,0.03635520486111112
372,4.384215,80.17526092361074,0.03645255324074075
373,4.366322,78.75344320594469,0.03655013194444445
374,4.373087,79.28801640433944,0.03664790162037038
375,4.371426,79.15642832324659,0.03674664583333334
376,4.363755,78.55154236782936,0.036845706018518526
377,4.353278,77.73285404598474,0.03694339236111112
378,4.350553,77.5213203642482,0.037040771990740746
379,4.361023,78.33723243474665,0.03713835995370371
380,4.344378,77.04410114173646,0.037235815972222225
381,4.330399,75.9745943855357,0.03733322106481482
382,4.361138,78.34624173450146,0.03743197222222223
383,4.345194,77.10699478538491,0.037531633101851855
384,4.335777,76.38428642858909,0.037630446759259265
385,4.346903,77.23888330611373,0.03772793518518519
386,4.32464,75.53831417115477,0.03782503587962963
387,4.311806,74.57504993537613,0.03792249189814815
388,4.318257,75.05768865994953,0.03802034490740741
389,4.283041,72.46045755251077,0.0381192800925926
390,4.308032,74.29413411849185,0.038218201388888894
391,4.285645,72.64939046787337,0.03831577083333334
392,4.302681,73.8976479516185,0.03841317939814815
393,4.306686,74.19420148371904,0.0385121400462963
394,4.272862,71.72662373843782,0.038609545138888895
395,4.282111,72.39310065280003,0.038707555555555564
396,4.256086,70.5333748551879,0.03880672453703705
397,4.273583,71.77835728185457,0.03890576736111112
398,4.270417,71.55146636054974,0.03900461689814816
399,4.256459,70.559688711238,0.03910217245370371
400,4.282696,72.43546300646224,0.03919948611111112
401,4.243305,69.63762427888881,0.039299285879629636
402,4.250266,70.12406286678127,0.039397768518518526
403,4.241683,69.52476360705691,0.03949537962962964
404,4.23611,69.13837975810576,0.039592609953703714
405,4.242392,69.57407414297364,0.03969017476851853
406,4.19845,66.58304729339433,0.03978785648148149
407,4.214569,67.66499597200627,0.03988540277777779
408,4.222572,68.20869163106772,0.039983105324074085
409,4.233963,68.99009889323327,0.040083217592592604
410,4.207285,67.17391483012324,0.040180914351851865
411,4.204348,66.9769144788929,0.04027851736111113
412,4.199463,66.65053009457057,0.040376048611111125
413,4.189026,65.95851606896797,0.04047345254629631
414,4.204754,67.00411262702178,0.0405707800925926
415,4.159819,64.05992670380628,0.04066829050925927
416,4.178143,65.24458146026483,0.040766054398148156
417,4.179884,65.35827121480158,0.04086347222222223
418,4.175558,65.07614201896372,0.04096104050925927
419,4.166523,64.4908272170981,0.041058658564814825
420,4.176621,65.1453547379727,0.04115606250000001
421,4.173447,64.93891118127297,0.04125340856481482
422,4.1819,65.49016639524115,0.041350939814814816
423,4.171494,64.81220925244173,0.04144839930555556
424,4.151456,63.52642747321252,0.041545851851851855
425,4.149981,63.43279506356745,0.04164329513888889
426,4.152993,63.624142667128815,0.04174078240740741
427,4.12393,61.801646098068964,0.04183870601851852
428,4.134261,62.44342832190094,0.04193617245370371
429,4.128183,62.06504822651533,0.04203361111111111
430,4.129416,62.14162162877998,0.04213136689814815
431,4.118375,61.459289729178494,0.042228699074074075
432,4.078785,59.07365174234995,0.04232616319444445
433,4.110977,61.00629160986764,0.04242372106481482
434,4.117531,61.40743997232229,0.04252117939814815
435,4.09614,60.10782303248206,0.0426186400462963
436,4.11774,61.42027546853918,0.04271624652777778
437,4.103739,60.56632224112244,0.04281359722222222
438,4.097207,60.171992307878135,0.042911394675925925
439,4.088282,59.63734668159389,0.04300891435185185
440,4.071285,58.63225665489779,0.043106293981481476
441,4.062167,58.100077629909855,0.04320395717592592
442,4.089375,59.702565937347295,0.043301342592592586
443,4.0693,58.51598706118696,0.04339881134259259
444,4.037068,56.659971987168596,0.0434962349537037
445,4.063256,58.16338307800906,0.04359351736111111
446,4.044583,57.08737563438207,0.04369083564814815
447,4.047439,57.25065022432598,0.043790153935185185
448,4.041842,56.931113393004246,0.04388746527777778
449,4.038111,56.71909916741559,0.04398476388888889
450,4.034998,56.54280715259558,0.04408218287037037
451,4.041818,56.92974706267886,0.04417962962962963
452,4.033957,56.4839767169043,0.04427692592592593
453,4.044101,57.05986614964472,0.04437429976851852
454,4.017807,55.579087144104555,0.04447165277777778
455,4.019327,55.66363159406791,0.044569217592592594
456,4.026686,56.0747711916851,0.044667063657407406
457,3.996478,54.40619358246385,0.04476491666666667
458,3.996082,54.38465299512296,0.044862761574074074
459,3.982005,53.62444352295365,0.044960782407407404
460,4.001295,54.66890043843706,0.04505833101851851
461,3.963966,52.66578480448332,0.04515584953703703
462,3.992496,54.18997888877106,0.04525353703703703
463,3.966455,52.7970332137487,0.0453515474537037
464,3.965249,52.733398371215706,0.04544978009259259
465,3.95485,52.18786517751221,0.04554762847222222
466,3.969497,52.9578863223217,0.04564535300925926
467,3.962165,52.571019088193154,0.045742896990740745
468,3.963394,52.63566858963374,0.04584043518518519
469,3.937067,51.26801149082231,0.04593800000000001
470,3.953134,52.09838759459046,0.04603653240740741
471,3.953939,52.140343681663445,0.046135133101851855
472,3.953684,52.12704958909346,0.04623295370370371
473,3.955364,52.21469663530736,0.046330636574074074
474,3.943233,51.58510664939784,0.0464282337962963
475,3.925296,50.66807358917305,0.04652583912037037
476,3.932665,51.04282570179135,0.046623388888888895
477,3.929229,50.86774351612801,0.04672252893518519
478,3.910375,49.91766758935656,0.04682154282407408
479,3.9142,50.108968297252346,0.04691945833333334
480,3.90843,49.82067208460167,0.047017891203703706
481,3.877008,48.2795463521792,0.04711635069444445
482,3.914398,50.118890855276014,0.047213935185185185
483,3.892881,49.05200196699605,0.04731211342592593
484,3.912826,50.04016585291538,0.04741077083333334
485,3.865265,47.71591547501249,0.047509754629629634
486,3.879889,48.41884028177859,0.047607304398148156
487,3.881956,48.51902553042549,0.04770473495370371
488,3.876363,48.24841608537234,0.047802368055555565
489,3.860553,47.49160696716433,0.04790078703703705
490,3.862978,47.60691386716959,0.04799824537037038
491,3.875346,48.19937238916015,0.04809622916666668
492,3.88769,48.79803277212841,0.0481939826388889
493,3.829989,46.062031549080665,0.04829148032407409
494,3.846829,46.84428424182756,0.04838908333333335
495,3.876287,48.24474934508775,0.048486380787037056
496,3.860908,47.508469480556705,0.04858464467592594
497,3.861126,47.51882745588177,0.04868233333333335
498,3.809169,45.112934436869494,0.04878116898148149
499,3.819918,45.60046892908358,0.04887985995370372
500,3.812813,45.27762585548104,0.04897731944444446
501,3.846077,46.80907058207323,0.049075040509259274
502,3.800919,44.74228376407251,0.04917246064814816
503,3.809213,45.11491944965469,0.04926996875000001
504,3.814614,45.359244335026126,0.049367399305555566
505,3.794903,44.47392222583851,0.04946500231481483
506,3.779032,43.77364832889307,0.049562414351851866
507,3.78174,43.892348015405254,0.04965995601851853
508,3.791216,44.3102487919814,0.04975750231481483
509,3.79717,44.574858976102306,0.04985512384259261
510,3.786844,44.1169472493383,0.04995286342592594
511,3.785921,44.07624609350013,0.050050682870370386
512,3.782391,43.92093123679238,0.050148620370370385
513,3.766545,43.23044532837719,0.05024640509259261
514,3.774012,43.554455249224574,0.050343883101851866
515,3.759875,42.94305776103628,0.050441295138888904
516,3.750106,42.525589473646676,0.05053890740740742
517,3.729592,41.66210655646215,0.05063658680555557
518,3.76229,43.046890573185166,0.05073413310185187
519,3.759562,42.929618687281824,0.050831666666666685
520,3.733618,41.830176294826195,0.050929068287037055
521,3.749231,42.48839585743735,0.05102660995370372
522,3.750683,42.550133819135674,0.05112401620370372
523,3.709475,40.832363907743655,0.0512215752314815
524,3.744588,42.29157949822061,0.051319013888888904
525,3.736488,41.95040134121045,0.05141667708333335
526,3.744663,42.294751485631025,0.05151426504629631
527,3.720961,41.30406825172161,0.051611652777777794
528,3.680002,39.64647336544003,0.05170906365740743
529,3.703585,40.592568176008065,0.0518066215277778
530,3.702024,40.529252607743224,0.05190411805555557
531,3.708583,40.79595767873002,0.0520016689814815
532,3.679899,39.64238998898088,0.05209926041666669
533,3.691147,40.09080474850145,0.05219875000000002
534,3.683515,39.785996355014305,0.052296168981481504
535,3.660664,38.88715537180081,0.052393611111111134
536,3.695033,40.246900713781,0.05249112962962965
537,3.673303,39.38176925669485,0.0525883877314815
538,3.648614,38.421377099660724,0.05268588888888891
539,3.660861,38.89481689604441,0.05278334722222224
540,3.646941,38.357151875153455,0.052880854166666685
541,3.661936,38.93665130617435,0.0529782627314815
542,3.66271,38.96679994030164,0.05307567245370372
543,3.634673,37.88946101742752,0.05317316435185187
544,3.684295,39.81704153821868,0.05327077083333335
545,3.622069,37.41489922162391,0.05336866782407409
546,3.650511,38.49433162751055,0.05346637500000002
547,3.634963,37.90045055452844,0.053563942129629644
548,3.614325,37.126277228783735,0.0536614351851852
549,3.646329,38.33368447996126,0.05375872800925927
550,3.607358,36.86851740429747,0.05385646527777779
551,3.604922,36.77881499779029,0.05395461226851853
552,3.591154,36.27591418612838,0.05405323726851853
553,3.598295,36.53588761972258,0.05415094444444446
554,3.595971,36.45107680523255,0.054248317129629645
555,3.60472,36.77138642747159,0.054345582175925944
556,3.639326,38.0661714776062,0.054443033564814836
557,3.574677,35.683093314924,0.054540420138888906
558,3.559317,35.13918888121192,0.05463891550925928
559,3.592855,36.33767202631122,0.05473766782407409
560,3.578734,35.82815368048886,0.054835290509259275
561,3.585953,36.08773294595937,0.054932800925925944
562,3.607493,36.87349499012653,0.05503014814814817
563,3.615865,37.18349574266346,0.05512738541666669
564,3.594627,36.4021194647086,0.05522488078703706
565,3.595625,36.43846691429487,0.05532380439814817
566,3.602945,36.70617510872958,0.055422559027777804
567,3.565349,35.35178902595855,0.055520539351851875
568,3.560909,35.19517502305515,0.055619034722222245
569,3.576864,35.761217637811974,0.055716613425925945
570,3.573955,35.657339419825526,0.0558139965277778
571,3.57548,35.711758346325716,0.05591132986111113
572,3.565597,35.36055735686509,0.05600958564814817
573,3.538323,34.409166606451286,0.056110302083333355
574,3.573937,35.65669759349241,0.05620764236111113
575,3.570022,35.517374525272885,0.056305103009259276
576,3.552062,34.88517660955504,0.05640286458333335
577,3.530132,34.1284722757806,0.056500454861111125
578,3.54317,34.576352685140336,0.05659844444444446
579,3.554827,34.98176759838421,0.05669685879629631
580,3.555384,35.00125787047339,0.05679598726851853
581,3.548707,34.76833295685695,0.05689522685185187
582,3.521864,33.8474613669212,0.05699332407407409
583,3.534074,34.263272229642034,0.05709086574074076
584,3.538369,34.41074946452063,0.05718845949074076
585,3.508336,33.39265614806538,0.05728651157407409
586,3.574131,35.66361566385668,0.05738472685185187
587,3.56709,35.41339009882686,0.05748345486111113
588,3.550796,34.84103992038662,0.05758092476851854
589,3.542017,34.536509124720986,0.0576786064814815
590,3.509928,33.4458595953603,0.0577762627314815
591,3.49657,33.00206053593391,0.057873961805555575
592,3.536436,34.34429773209646,0.0579715914351852
593,3.518712,33.74094213119812,0.05806990856481483
594,3.503406,33.22843548979182,0.05816905555555557
595,3.496479,32.99905748506602,0.05826708101851853
596,3.516363,33.661777673189015,0.05836465972222223
597,3.535922,34.32664929909798,0.05846246296296297
598,3.514152,33.58743370030163,0.058560140046296304
599,3.523786,33.91257874542341,0.058657915509259265
600,3.493039,32.885735752447815,0.05875586342592593
601,3.483491,32.57323699062976,0.058853526620370376
602,3.509836,33.44278271781606,0.05895102662037038
603,3.48541,32.63580504726423,0.05904869212962963
604,3.520518,33.80193333116305,0.059146222222222225
605,3.459942,31.815131183544956,0.05924387037037037
606,3.483725,32.58086001994522,0.05934143287037037
607,3.488913,32.75032874348866,0.059438952546296296
608,3.444589,31.330404004079558,0.059536533564814816
609,3.491225,32.82613510192637,0.05963400462962963
610,3.477808,32.388648290400695,0.05973161689814815
611,3.47033,32.14734931979805,0.059829011574074074
612,3.492078,32.854147740860284,0.05992653356481482
613,3.455977,31.689233944616568,0.06002403819444445
614,3.446064,31.37665044835364,0.06012149189814815
615,3.445421,31.35648174704772,0.060219084490740746
616,3.475768,32.32264279638287,0.0603165150462963
617,3.456364,31.701500051491735,0.06041391898148148
618,3.423347,30.67190226986123,0.060511406250000004
619,3.416192,30.453228049045673,0.06061065393518519
620,3.436567,31.080076907572355,0.060708172453703704
621,3.419199,30.54493872368411,0.060805734953703706
622,3.460179,31.822672263218106,0.060903303240740746
623,3.436062,31.064385431165302,0.06100120833333334
624,3.418735,30.530769159709383,0.06109948611111112
625,3.431545,30.924384033370306,0.061197447916666675
626,3.425569,30.740131010763946,0.06129497453703705
627,3.419192,30.54472490986139,0.061393099537037046
628,3.450128,31.504424617025673,0.061490822916666674
629,3.414567,30.40378173947326,0.061588348379629634
630,3.39621,29.850751040265564,0.061686106481481484
631,3.412612,30.344400410334906,0.061784240740740744
632,3.439078,31.15821704457235,0.061882142361111114
633,3.424338,30.70231319113332,0.06197962615740741
634,3.405627,30.133183307975496,0.06207732638888889
635,3.412955,30.354810324873934,0.06217483449074074
636,3.403196,30.060018507201352,0.06227269560185185
637,3.415334,30.42711038545951,0.062370444444444444
638,3.406982,30.174041446495277,0.06246835185185185
639,3.422732,30.65304484921647,0.06256598842592592
640,3.367558,29.007603927109532,0.06266397800925926
641,3.4311,30.910625743921898,0.06276140972222222
642,3.408347,30.215257136378575,0.06285898495370369
643,3.424653,30.711985943166994,0.06295647800925924
644,3.417311,30.487324284518476,0.06305383796296295
645,3.412861,30.35195710680674,0.06315146874999998
646,3.381291,29.408713265185956,0.06324897685185184
647,3.404882,30.110742446669835,0.06334658912037036
648,3.406621,30.16315058345214,0.06344414583333333
649,3.354806,28.64004748251174,0.06354174652777778
650,3.388741,29.628626338065228,0.06363935648148147
651,3.419471,30.553248077037786,0.06373691203703703
652,3.409014,30.235417435600905,0.06383450231481481
653,3.40813,30.208701136931644,0.06393196759259259
654,3.379982,29.370242444167435,0.06402950810185185
655,3.393153,29.759636633663185,0.06412796064814814
656,3.403621,30.072796730246967,0.06422528356481481
657,3.422337,30.640939287506875,0.06432285763888888
658,3.385396,29.529684156019403,0.06442054513888888
659,3.405252,30.12188548270964,0.06451805671296296
660,3.380293,29.379378010074433,0.06461589814814814
661,3.400678,29.984422595794562,0.06471426851851851
662,3.379287,29.34983721730643,0.0648116898148148
663,3.377917,29.309655471099628,0.06490902199074074
664,3.383442,29.472039490358057,0.06500745138888889
665,3.412232,30.3328717287672,0.06510489814814814
666,3.376213,29.25975434600992,0.06520229976851852
667,3.369058,29.051147982877513,0.06530005671296296
668,3.380245,29.377967833774452,0.06539825925925925
669,3.402194,30.029913453807694,0.06549610185185184
670,3.409425,30.24784674621531,0.06559354282407406
671,3.368507,29.03514520950789,0.06569104398148147
672,3.376944,29.281151045977897,0.06578857175925924
673,3.360353,28.79935525753027,0.06588649884259258
674,3.336538,28.121601003152477,0.06598505671296295
675,3.329125,27.91390634627387,0.06608427314814813
676,3.356285,28.682437452393977,0.06618213425925924
677,3.316803,27.572061622843535,0.06627953703703703
678,3.35325,28.5955182213784,0.06637692245370369
679,3.37177,29.13004162763452,0.06647434490740739
680,3.345855,28.384834327948436,0.06657210879629628
681,3.358624,28.749604194477993,0.06667067129629628
682,3.31878,27.62662550729963,0.06676974768518516
683,3.32123,27.694393721957248,0.06686848263888887
684,3.341786,28.269571099139128,0.06696648263888887
685,3.352581,28.576394217380887,0.06706427430555553
686,3.354429,28.629252219645746,0.06716179861111109
687,3.366112,28.96568924345057,0.06725941666666664
688,3.337893,28.159731600157166,0.06735749537037035
689,3.321697,27.707330024216873,0.0674566296296296
690,3.345476,28.374078514093625,0.06755459606481479
691,3.351405,28.542808130271208,0.06765199884259257
692,3.359901,28.7863408904224,0.06774938773148145
693,3.345575,28.376887686918284,0.06784723148148146
694,3.321457,27.70068106291834,0.06794479745370369
695,3.326931,27.852730370335657,0.06804359490740738
696,3.349189,28.479627297671986,0.0681426446759259
697,3.326224,27.833045449403333,0.06824096527777775
698,3.327017,27.855125808149857,0.0683384895833333
699,3.315635,27.539876254781998,0.06843601620370367
700,3.325366,27.80917493832138,0.06853351041666662
701,3.300133,27.116245141442707,0.0686330694444444
702,3.283306,26.663777596358525,0.06873080208333329
703,3.311939,27.43827674369842,0.06882835532407404
704,3.315768,27.543539301911117,0.06892577777777774
705,3.300568,27.12804327398702,0.06902330092592589
706,3.334906,28.07574397982443,0.06912271759259256
707,3.304669,27.239523814059257,0.06922034490740737
708,3.299678,27.103910056348013,0.069317849537037
709,3.283626,26.6723113705204,0.06941551504629626
710,3.320692,27.67949814540422,0.06951306597222218
711,3.283402,26.666337441878397,0.06961044560185181
712,3.299103,27.088329787822083,0.0697078657407407
713,3.295224,26.98345768751138,0.06980546180555551
714,3.286328,26.744477408254696,0.06990289699074069
715,3.294688,26.968998429618154,0.07000041782407403
716,3.302188,27.172026320739654,0.07009796180555551
717,3.292459,26.908951479306303,0.07019542013888884
718,3.296086,27.006727455867296,0.07029293981481477
719,3.302383,27.177325382513924,0.07039043749999996
720,3.297366,27.041318200364493,0.07048819675925921
721,3.269258,26.2918235707202,0.07058570023148143
722,3.283031,26.656446065651195,0.07068307523148143
723,3.280975,26.601696714159637,0.07078041203703699
724,3.310508,27.39904064979888,0.07087792939814809
725,3.271257,26.34443349213541,0.0709754618055555
726,3.312842,27.46306469767483,0.07107292939814809
727,3.275966,26.46878197817801,0.07117057754629624
728,3.268741,26.278234211086286,0.0712679907407407
729,3.272535,26.378123201277095,0.07136549537037032
730,3.283172,26.66020488953731,0.07146315740740736
731,3.283973,26.681568268544897,0.07156054745370366
732,3.281461,26.6146282808789,0.07165806712962959
733,3.266593,26.22184914324334,0.07175567013888885
734,3.251565,25.83073339881844,0.07185318287037033
735,3.273136,26.393981218177817,0.07195073148148144
736,3.26972,26.303973199558023,0.07204822916666663
737,3.265611,26.196111926426383,0.07214568749999996
738,3.268527,26.272611270641207,0.07224318634259255
739,3.259689,26.04143699610507,0.07234078935185181
740,3.275445,26.454995334499916,0.07243834490740737
741,3.281514,26.616038893558688,0.0725358796296296
742,3.268549,26.273189274447176,0.0726336458333333
743,3.26358,26.142961615514796,0.072732287037037
744,3.259004,26.023604720014582,0.07283020370370367
745,3.26922,26.290824500406956,0.07292804745370368
746,3.242584,25.59978620286353,0.07302580208333331
747,3.262515,26.11513418213276,0.07312345138888887
748,3.222758,25.097243013367706,0.07322114930555554
749,3.267029,26.233284362166373,0.07331910879629627
750,3.241342,25.568011004882127,0.07341679513888887
751,3.253448,25.879418492438887,0.07351467708333331
752,3.261794,26.09631195661512,0.07361285879629628
753,3.253209,25.873234050489444,0.07371044907407406
754,3.271185,26.34253676120711,0.07380800231481481
755,3.240521,25.547028282433292,0.07390574305555556
756,3.22807,25.230914284831194,0.07400320949074074
757,3.184151,24.146779085426978,0.07410080671296296
758,3.241731,25.57795889590239,0.07419855671296295
759,3.250389,25.800374310983912,0.07429610416666665
760,3.251637,25.832593278578035,0.07439398148148146
761,3.232431,25.341186575992115,0.07449156828703701
762,3.233246,25.361848061463217,0.07458918287037035
763,3.228104,25.231772150500507,0.07468751504629627
764,3.20943,24.76496617003752,0.07478490624999998
765,3.264026,26.154623976908578,0.0748823935185185
766,3.196219,24.439947837680705,0.0749803622685185
767,3.313969,27.494033018960348,0.07507788657407405
768,3.26984,26.307129865738148,0.07517593518518516
769,3.251271,25.823140279442438,0.07527432523148145
770,3.271979,26.363461041235393,0.07537342245370367
771,3.250521,25.803780185175707,0.07547216319444441
772,3.238723,25.501135995111166,0.07556986921296294
773,3.293256,26.930406462310337,0.07566739004629627
774,3.266561,26.221010057496198,0.07576531828703702
775,3.240169,25.53803731098168,0.07586305902777776
776,3.225916,25.17662538559655,0.0759610810185185
777,3.274271,26.423955393987434,0.0760588912037037
778,3.217402,24.963181516957572,0.07615654398148147
779,3.211596,24.818665221840593,0.07625408680555555
780,3.255082,25.921740029534945,0.0763515474537037
781,3.245075,25.663634760658145,0.0764488576388889
782,3.203203,24.611233867973134,0.0765464351851852
783,3.220931,25.051432211292756,0.07664472685185186
784,3.237896,25.48005527372299,0.07674330902777779
785,3.214899,24.900776805697273,0.07684127199074076
786,3.19896,24.50702962829859,0.07693885416666668
787,3.234622,25.396769985169275,0.0770362638888889
788,3.236688,25.449293950532276,0.07713383449074075
789,3.216164,24.932296220182966,0.07723186342592593
790,3.24057,25.548280117488833,0.07732990625000001
791,3.225483,25.16572626663414,0.07742891203703704
792,3.221198,25.05812183671841,0.0775274537037037
793,3.221517,25.06611665268968,0.07762499768518519
794,3.244387,25.645984252413882,0.07772253935185186
795,3.24061,25.549302069132438,0.07782022106481483
796,3.243935,25.6343948869257,0.07791760532407409
797,3.223552,25.117178137517296,0.07801595833333334
798,3.226143,25.182341128271336,0.07811438541666668
799,3.236469,25.443721165399356,0.07821190972222224
800,3.207233,24.710617263496772,0.07830935300925927
801,3.239568,25.522693561816247,0.07841007754629631
802,3.150968,23.358664828212003,0.07850960300925927
803,3.242969,25.609644018059296,0.07860699652777779
804,3.173345,23.887253731502284,0.07870453587962964
805,3.233511,25.368569841796067,0.0788020451388889
806,3.238418,25.493359334633666,0.07889953240740742
807,3.183142,24.122427272885222,0.07899702546296297
808,3.176024,23.951333480747852,0.07909464004629631
809,3.199708,24.525367744060834,0.07919211458333335
810,3.194446,24.39665420131437,0.07928952083333335
811,3.200036,24.533413384093713,0.07938710532407409
812,3.250831,25.811780597032875,0.07948454282407409
813,3.17728,23.981435255557034,0.07958198379629632
814,3.18011,24.049398840443416,0.07967955208333335
815,3.181849,24.091257130261237,0.07977730671296299
816,3.225621,25.169199376498,0.07987482060185187
817,3.209075,24.75617616736495,0.0799723854166667
818,3.20366,24.622483772258143,0.08006994791666669
819,3.181768,24.089305817462915,0.0801675729166667
820,3.166348,23.720697991917138,0.08026527893518522
821,3.195309,24.41771760143997,0.08036279861111115
822,3.1994,24.517815093963474,0.08046021643518522
823,3.16624,23.718136294868142,0.08055786342592597
824,3.154558,23.442673139638686,0.0806552291666667
825,3.217288,24.96033587646923,0.08075270254629634
826,3.18093,24.069127435110936,0.08085024421296301
827,3.16981,23.802961364098827,0.08094779861111116
828,3.16401,23.665303781077693,0.08104529050925931
829,3.164203,23.66987162549025,0.08114256828703709
830,3.176686,23.967194512934515,0.08124069907407412
831,3.192126,24.340119569098352,0.08133817939814819
832,3.166402,23.721978944194102,0.08143661226851856
833,3.166062,23.713914842328077,0.0815342453703704
834,3.171027,23.831947202383983,0.0816318842592593
835,3.172908,23.876817282151894,0.0817294780092593
836,3.187023,24.216228316318897,0.08182707060185189
837,3.148077,23.291232448664246,0.08192477199074077
838,3.167249,23.742079971943358,0.08202238194444447
839,3.18973,24.281870452918426,0.08212039351851855
840,3.150503,23.347805574039146,0.0822180891203704
841,3.136656,23.026736561678,0.08231569675925929
842,3.175839,23.94690289389583,0.08241333101851855
843,3.164314,23.672499127064317,0.08251082638888893
844,3.150159,23.339775310206242,0.08260844444444448
845,3.163061,23.642856060917364,0.08270598842592597
846,3.12347,22.72509907977199,0.08280317361111116
847,3.153719,23.42301298546247,0.0829005717592593
848,3.131981,22.91933780844335,0.08299803125000003
849,3.15741,23.50962707436078,0.08309532870370374
850,3.166977,23.735623004378393,0.08319269328703707
851,3.174128,23.905964775591855,0.08329002777777782
852,3.158864,23.543834935215123,0.0833874155092593
853,3.142797,23.168578831832484,0.08348499652777781
854,3.125595,22.773441260692472,0.08358242245370374
855,3.14178,23.14502836460293,0.08368021643518522
856,3.153698,23.42252110735451,0.08377809722222226
857,3.144638,23.211271471979035,0.08387636111111116
858,3.185477,24.17881895223137,0.08397567708333338
859,3.124648,22.751885020309402,0.08407434259259264
860,3.156149,23.48000011834165,0.08417245717592597
861,3.134472,22.97650104617824,0.08427003240740745
862,3.152641,23.39777658232933,0.08436794097222226
863,3.133091,22.94479239809442,0.08446564351851855
864,3.148831,23.308800660314017,0.08456403240740744
865,3.16321,23.646379108930997,0.08466319444444448
866,3.125284,22.766359821681238,0.08476064930555559
867,3.180055,24.048076159881237,0.08485806365740745
868,3.161401,23.6036414769659,0.0849557592592593
869,3.129554,22.863780022226965,0.0850533993055556
870,3.109878,22.418309200180083,0.08515120601851855
871,3.158566,23.536819917693954,0.08524952314814818
872,3.131789,22.91493771800632,0.08534774074074078
873,3.160181,23.574862593052732,0.08544552083333337
874,3.133556,22.955464207562947,0.08554321643518523
875,3.136043,23.012625497648692,0.08564088888888893
876,3.119696,22.639496190101745,0.08573852893518523
877,3.158351,23.53176004536742,0.08583822916666671
878,3.136907,23.03251699796939,0.08593625578703708
879,3.124707,22.75322742112603,0.08603494328703708
880,3.15763,23.51479976129184,0.0861336342592593
881,3.14745,23.2766334231917,0.08623135763888892
882,3.136655,23.026713534952957,0.0863290405092593
883,3.092927,22.0414991173461,0.086426712962963
884,3.104041,22.287834689682374,0.08652446759259264
885,3.103245,22.270100632360577,0.08662217939814819
886,3.097942,22.152314873675255,0.08671984722222226
887,3.114525,22.5227295157269,0.086817462962963
888,3.120811,22.664753306579453,0.08691513194444447
889,3.132213,22.92465571166783,0.08701257986111113
890,3.12325,22.72010010788151,0.08711001736111114
891,3.127629,22.819809580812205,0.08720748148148151
892,3.122107,22.694145869131304,0.08730569212962966
893,3.135726,23.00533165150163,0.08740470717592595
894,3.127136,22.808562187399144,0.08750314236111113
895,3.110595,22.434388891757173,0.08760060995370372
896,3.118852,22.62039651651334,0.08769810995370372
897,3.126796,22.800808594440923,0.08779588078703705
898,3.143394,23.18241460296184,0.08789337615740743
899,3.124628,22.75142998715934,0.08799123495370373
900,3.130597,22.887639385285027,0.08808947106481484
901,3.110305,22.427883862253427,0.08818713310185188
902,3.120445,22.656459524723918,0.08828495949074076
903,3.114951,22.532326242458264,0.08838264583333336
904,3.141238,23.132487158203265,0.08848014467592595
905,3.107742,22.37047479705805,0.08857741666666669
906,3.128109,22.830765718673714,0.0886746527777778
907,3.132879,22.939928617684966,0.08877241782407409
908,3.10905,22.399754522858807,0.0888701076388889
909,3.102697,22.257899960503465,0.08896778587962964
910,3.09739,22.14009017019355,0.0890656863425926
911,3.090235,21.982243195977325,0.08916352083333334
912,3.075234,21.65494857665605,0.08926128472222224
913,3.117841,22.59753885213143,0.08935879976851853
914,3.116731,22.572469500069957,0.08945633680555556
915,3.112835,22.48469824831804,0.08955387152777779
916,3.086058,21.890614865139117,0.0896514050925926
917,3.103661,22.279366921478143,0.08974881250000001
918,3.10162,22.233941106404817,0.08984704976851852
919,3.095374,22.095500709688547,0.08994584375
920,3.083432,21.8332055219615,0.09004332638888889
921,3.083921,21.843884570276252,0.09014079398148148
922,3.066249,21.46125035605749,0.09023849768518517
923,3.10212,22.245060856663926,0.09033624768518517
924,3.093352,22.050868745375894,0.09043376157407405
925,3.048145,21.076211765397666,0.09053133564814812
926,3.091971,22.02043751324076,0.09062881481481479
927,3.084892,21.86510528318279,0.09072733101851849
928,3.062447,21.379809599186117,0.09082486111111109
929,3.1009,22.217938430462862,0.0909222523148148
930,3.060179,21.331375136457424,0.09101977430555554
931,3.051671,21.150657659062865,0.09111728587962961
932,3.082787,21.819127645003213,0.09121482638888886
933,3.102511,22.25376037610409,0.09131228472222219
934,3.071172,21.567164585525468,0.09140970601851849
935,3.094831,22.08350610963182,0.09150715277777774
936,3.084257,21.85122534867357,0.09160472800925921
937,3.084553,21.857694268729716,0.09170231712962959
938,3.082238,21.807152231477897,0.09179993634259255
939,3.077837,21.711389834229166,0.09189757175925922
940,3.090937,21.997680148437265,0.09199518634259256
941,3.087841,21.92968064823983,0.09209277546296293
942,3.11066,22.435847174428815,0.09219039120370368
943,3.069758,21.536690165294186,0.09228787268518515
944,3.095687,22.10241768386066,0.09238519560185182
945,3.079128,21.739437339274136,0.09248293287037034
946,3.078497,21.725724081300957,0.0925806608796296
947,3.06316,21.395058839138354,0.09267818634259256
948,3.113351,22.496303346472008,0.09277566203703701
949,3.064968,21.433776095372366,0.09287309143518516
950,3.060801,21.34464737903184,0.09297068634259256
951,3.075393,21.658391987223624,0.09306812037037034
952,3.065014,21.43476207175004,0.09316593287037034
953,3.066994,21.47724494481729,0.09326467013888885
954,3.073191,21.61075267819647,0.09336245023148144
955,3.024706,20.587950963755418,0.09346024768518515
956,3.058513,21.2958666522604,0.09355781249999998
957,3.060799,21.344604689779764,0.09365530787037035
958,3.069509,21.531328197035773,0.09375297569444442
959,3.079289,21.742937670454864,0.09385112152777775
960,3.058257,21.29041560816083,0.0939495520833333
961,3.037376,20.85045978416521,0.09404706365740738
962,3.077544,21.705029328867276,0.09414460995370368
963,3.09687,22.128580316126463,0.09424190509259256
964,3.045245,21.015179291139276,0.09434155787037034
965,3.08914,21.958185813498424,0.09443899305555552
966,3.055592,21.233752188108664,0.09453679282407404
967,3.041483,20.936268710514256,0.09463625810185182
968,3.05745,21.273241173581468,0.09473509722222219
969,3.082787,21.819127645003213,0.09483262499999996
970,3.08244,21.81155772116814,0.0949305520833333
971,3.067876,21.49619623114733,0.09502802314814811
972,3.044526,21.000074807941356,0.09512560879629625
973,3.040538,20.916493281944486,0.09522381597222218
974,3.059488,21.316640247728486,0.0953228657407407
975,3.04987,21.11259960618261,0.09542062037037033
976,3.064866,21.43158996170535,0.09551847569444441
977,3.037342,20.84975088058398,0.09561685532407405
978,3.0572,21.267923528021466,0.0957146759259259
979,3.030674,20.71118722633913,0.09581261574074072
980,3.067183,21.481304527730355,0.0959115335648148
981,3.04137,20.933903045812546,0.09601041087962961
982,3.049568,21.106224563781396,0.09610827314814813
983,3.076735,21.687477060989885,0.09620611689814813
984,3.08066,21.772767681801355,0.09630409374999999
985,3.102403,22.25135709976273,0.09640195717592591
986,3.030758,20.71292703913726,0.09649974305555555
987,3.066549,21.467689697017164,0.09659751620370369
988,3.064018,21.413423677011156,0.0966954409722222
989,3.085225,21.872387575676495,0.09679287152777775
990,3.08433,21.85282054634803,0.09689077662037035
991,3.036219,20.826349752537798,0.09698860879629628
992,3.040708,20.92004938806287,0.09708648263888887
993,3.055449,21.230715978639918,0.09718408796296295
994,3.027997,20.655817523547864,0.09728239814814814
995,3.037138,20.845497965216456,0.09738132754629629
996,3.05841,21.29367329095526,0.09747903935185184
997,3.067889,21.496475683514774,0.09757679745370369
998,3.047286,21.05811507313329,0.0976743287037037
999,3.067235,21.48242158460903,0.09777173263888889
1000,3.052002,21.157659685519466,0.09786930092592593
1001,3.053375,21.18672910385674,0.09796642939814815
1002,3.051164,21.139936993548076,0.09806385069444444
1003,3.039742,20.899850378046573,0.09816231944444444
1004,3.061797,21.365917238453005,0.09826019444444443
1005,3.054858,21.218172332509077,0.09835845023148147
1006,3.050968,21.135793971926727,0.09845593402777778
1007,3.054414,21.208753555116758,0.09855351157407408
1008,3.080361,21.766258597421103,0.09865118518518519
1009,3.028549,20.667222682355092,0.0987486701388889
1010,3.036004,20.821872568655518,0.09884623495370372
1011,3.039214,20.88881816980624,0.09894468171296297
1012,3.051887,21.155226694555292,0.09904218055555557
1013,3.060356,21.335151124021618,0.09913961226851853
1014,3.040186,20.9091319719758,0.09923748032407409
1015,3.024704,20.587909787894663,0.09933589583333335
1016,3.018071,20.451802082500166,0.0994334340277778
1017,3.06635,21.463418051810244,0.09953134722222223
1018,3.046602,21.043716247383053,0.09962877430555557
1019,3.051769,21.152730525082237,0.09972653240740742
1020,3.091582,22.011873228909405,0.0998242164351852
1021,3.041069,20.92760288921688,0.09992196180555557
1022,3.065248,21.439778392961518,0.1000210289351852
1023,3.05243,21.16671710201374,0.10011909722222224
1024,3.075796,21.66712207818965,0.1002167465277778
1025,3.015082,20.390762914556337,0.1003142766203704
1026,3.068532,21.510302362180074,0.10041395833333336
1027,3.052788,21.174296143303703,0.10051187037037039
1028,3.037331,20.849521534585694,0.10061008564814816
1029,3.050724,21.130637467316724,0.10070851736111112
1030,3.065548,21.446211291365923,0.10080660532407408
1031,3.040207,20.90957106835771,0.10090394212962964
1032,3.034185,20.78403200887603,0.1010014525462963
1033,3.002964,20.145158770556172,0.10109884259259261
1034,3.04185,20.94395373124607,0.10119698379629631
1035,3.026595,20.62687835847481,0.10129499074074076
1036,3.04846,21.082851817857126,0.10139297569444447
1037,3.01649,20.419493330206233,0.10149065625000002
1038,3.04644,21.04030744147171,0.1015881527777778
1039,2.989674,19.879200815643056,0.10168744328703706
1040,3.034204,20.784426909235737,0.1017848703703704
1041,3.037202,20.84683211977872,0.10188249074074077
1042,3.031173,20.72152468774719,0.10198076967592595
1043,3.033054,20.760538556725507,0.10207929513888891
1044,3.051342,21.143700237251682,0.10217718287037039
1045,3.037234,20.847499229080245,0.10227471643518521
1046,3.029808,20.693259102199317,0.1023722303240741
1047,3.05227,21.163330698196944,0.10246988541666668
1048,3.033839,20.776841977748074,0.10256804050925927
1049,3.019942,20.49010322374094,0.10266624189814816
1050,3.035253,20.806241212665302,0.10276481365740742
1051,3.05263,21.17095086879671,0.10286246296296297
1052,3.041535,20.937357424793532,0.1029601388888889
1053,3.021055,20.512921404591072,0.10305756828703705
1054,3.005743,20.201220027817165,0.10315507754629631
1055,3.020533,20.502216453853094,0.10325255555555557
1056,3.028028,20.656457863816314,0.10335034606481483
1057,3.022702,20.54673402319249,0.10344884490740743
1058,3.044269,20.99467848217328,0.10354745717592595
1059,3.0264,20.622856509337947,0.1036450439814815
1060,2.99709,20.027172971476908,0.10374241319444447
1061,2.998774,20.060927143797137,0.10384003935185188
1062,3.01558,20.400920043402948,0.10393762962962966
1063,2.999142,20.068310923518194,0.1040364016203704
1064,3.021124,20.51433684500012,0.10413497222222225
1065,3.243079,25.612461233845305,0.10423276504629632
1066,3.081641,21.794137246955138,0.10433058217592595
1067,3.037424,20.851460630254962,0.10442813541666669
1068,3.046303,21.037425116795976,0.1045255902777778
1069,3.050768,21.131567235820043,0.10462347106481484
1070,3.012058,20.329194386036008,0.1047224953703704
1071,3.046488,21.041317400467726,0.10482197569444447
1072,3.036411,20.830348795586136,0.10492174074074077
1073,3.068675,21.513378555360436,0.10502013888888892
1074,3.037562,20.854338330378674,0.10511828935185188
1075,3.015533,20.399961222693374,0.10527085879629633
1076,3.045785,21.02653055252123,0.10536809490740744
1077,3.026298,20.620753085250445,0.10546538194444448
1078,3.020705,20.505743138369333,0.1055627766203704
1079,3.002307,20.13192774811072,0.10566019097222226
1080,3.020435,20.500207335089044,0.10575788078703707
1081,3.035031,20.80162273978555,0.1058554641203704
1082,3.001941,20.124560810786676,0.10595302430555559
1083,3.014548,20.37987715391673,0.10605062847222226
1084,3.027905,20.653917275748437,0.10614824305555559
1085,3.023126,20.555447685584202,0.10624567592592596
1086,3.025723,20.608899560441397,0.1063431516203704
1087,3.065976,21.45539223438028,0.10644080439814818
1088,3.04562,21.023061461187968,0.10653853009259262
1089,3.061088,21.350774171982348,0.10663704861111113
1090,3.016433,20.418329452257247,0.10673437615740743
1091,3.032159,20.741966187092395,0.10683330208333336
1092,3.031719,20.73284172949795,0.10693087268518521
1093,3.040272,20.910930234649577,0.10702849189814817
1094,3.003997,20.165979471606786,0.10712657175925928
1095,3.004023,20.16650379388921,0.10722456712962966
1096,3.020572,20.503016055886935,0.10732207291666669
1097,2.991901,19.923521128210215,0.10741945254629633
1098,3.014996,20.38900938434856,0.10751686342592595
1099,3.014744,20.38387200132115,0.1076149965277778
1100,3.009569,20.278657939906317,0.10771245138888891
1101,2.982885,19.744698007695543,0.10781067708333335
1102,3.00693,20.22521311306916,0.10790851620370372
1103,2.972332,19.537427794464794,0.10800633912037039
1104,3.02683,20.631726244493347,0.10810389467592595
1105,3.007362,20.233952292660884,0.10820148842592595
1106,3.031638,20.731162437330116,0.10829901967592595
1107,2.988183,19.849583012785857,0.10839648611111113
1108,3.013226,20.352952757266717,0.10849407060185187
1109,3.001125,20.108145867372823,0.10859167361111113
1110,3.024619,20.58615988993441,0.10868950115740743
1111,3.024952,20.5930162226938,0.10878701736111113
1112,3.00542,20.194696087421274,0.10888445601851854
1113,3.019904,20.48932461461211,0.10898213888888891
1114,3.003011,20.14610561526906,0.10907985879629632
1115,3.033438,20.768512134360215,0.10917750810185188
1116,3.005619,20.198715231834274,0.10927504513888892
1117,2.989206,19.869899526332798,0.1093727476851852
1118,3.043383,20.976085434974273,0.10947041087962965
1119,2.976714,19.623228655451463,0.10956801967592594
1120,2.992207,19.929618658550012,0.10966560879629632
1121,3.007183,20.230330739339188,0.10976330324074077
1122,3.031689,20.732219753575755,0.10986092592592596
1123,3.013368,20.355843081766427,0.10995877314814818
1124,3.015316,20.395534911380192,0.11005641203703707
1125,3.020278,20.496989055179014,0.11015577777777781
1126,3.021593,20.52396032551021,0.11025325694444447
1127,3.009092,20.268987326693594,0.11035084953703707
1128,3.028527,20.666768008457513,0.11044857175925929
1129,3.009398,20.275190585865815,0.11054622453703707
1130,3.024328,20.580170188950202,0.11064392013888892
1131,3.022371,20.539934179666997,0.11074145486111114
1132,3.02306,20.554091070805736,0.11083908101851855
1133,2.992304,19.93155192532181,0.11093657754629634
1134,2.958081,19.260974457964668,0.11103414699074078
1135,2.997948,20.04436365963706,0.11113179282407412
1136,3.035967,20.82110217362287,0.11122926736111116
1137,3.010973,20.307149171818548,0.11132701504629634
1138,2.987708,19.84015669978136,0.11142476041666671
1139,2.972449,19.539713807245885,0.11152245254629634
1140,2.988055,19.84704242876107,0.11162036458333337
1141,3.008393,20.254824255122422,0.11171853125000003
1142,2.982416,19.735439915522253,0.11181619328703707
1143,3.002311,20.13200827598277,0.11191392013888891
1144,2.999154,20.068551744694197,0.11201159259259262
1145,3.000683,20.099260030813987,0.11210920833333336
1146,2.990356,19.892763054797197,0.11220700347222225
1147,3.005212,20.190496027456476,0.11230478472222225
1148,2.993384,19.95308962966804,0.11240259722222225
1149,2.981084,19.709169809329588,0.11250028125000003
1150,3.004977,20.18575181835642,0.11259802199074077
1151,2.988007,19.846089793587918,0.11269593055555559
1152,3.003242,20.150759903215757,0.11279370717592596
1153,2.988648,19.858815215207514,0.11289150347222225
1154,2.99155,19.9165291994495,0.11298923263888892
1155,2.997928,20.04396277637271,0.11308695717592596
1156,2.983813,19.763029591986225,0.11318467939814818
1157,2.978528,19.65885749782247,0.11328240625000002
1158,2.985363,19.793686040463697,0.1133800601851852
1159,2.977387,19.636439533298343,0.11347769097222224
1160,2.987782,19.841624925700835,0.11357533101851854
1161,2.970878,19.509041016640193,0.11367304861111113
1162,2.997441,20.034203743018114,0.11377079513888891
1163,3.001115,20.10794478691955,0.11386842708333335
1164,2.948054,19.06880969514248,0.1139660289351852
1165,2.982116,19.729520171553588,0.11406368981481484
1166,2.993297,19.95135378638054,0.11416133217592594
1167,2.982823,19.743473874367588,0.11425900115740742
1168,2.993244,19.950296392651037,0.1143565127314815
1169,2.980199,19.691734910129178,0.11445501041666668
1170,2.950243,19.110597039127033,0.11455243402777779
1171,2.971379,19.51881749499287,0.11465003587962964
1172,2.958551,19.270029243667867,0.11474768981481483
1173,2.975334,19.596167276553025,0.11484522569444446
1174,2.951793,19.14024143300788,0.11494308796296297
1175,2.975683,19.603007532487773,0.11504155439814816
1176,2.947735,19.062727714977147,0.11514074421296297
1177,2.954086,19.184180363345387,0.11523923842592593
1178,2.975749,19.604301373681206,0.11533666898148148
1179,2.942374,18.960805877288486,0.11543523495370371
1180,2.974224,19.574427598629416,0.11553277546296296
1181,2.955306,19.20759934606339,0.11563037500000001
1182,2.955481,19.210960970082468,0.11572858912037037
1183,2.959421,19.28680146396778,0.11582669907407407
1184,2.919827,18.538080094461435,0.11592473032407408
1185,2.953306,19.16922253697262,0.11602223958333334
1186,2.963147,19.358798132721837,0.11612054398148149
1187,2.945668,19.02336575139411,0.1162182962962963
1188,2.964532,19.38562864397579,0.11631612615740741
1189,2.941407,18.942479640168848,0.11641446064814816
1190,2.969799,19.488002113912458,0.11651286111111112
1191,2.953682,19.176431519850375,0.11661069675925927
1192,2.964124,19.37772092077427,0.11670835648148149
1193,2.974028,19.570591386781132,0.11680606597222223
1194,2.937682,18.872050159854044,0.11690356597222223
1195,2.956983,19.239837514315457,0.11700130902777779
1196,2.935652,18.833778756646517,0.11709920833333334
1197,2.923437,18.60512350414723,0.11719751273148149
1198,2.941689,18.94782217268906,0.11729545949074074
1199,2.953515,19.173229323177416,0.11739313194444445
1200,2.932357,18.771823582846263,0.11749086226851853
1201,2.967012,19.43376466701009,0.1175910127314815
1202,2.972444,19.539616108921088,0.11768901041666668
1203,2.968503,19.46276202228501,0.1177865138888889
1204,2.937864,18.87548518556099,0.11788403935185186
1205,2.955745,19.216033333301052,0.11798162847222224
1206,2.961555,19.328003445169838,0.11807917824074075
1207,2.939833,18.91268762967823,0.11817683217592594
1208,2.922836,18.593945184342815,0.11827415625000001
1209,2.962965,19.355275152062646,0.11837191203703705
1210,2.932761,18.779408931711036,0.11846960300925927
1211,2.932943,18.78282709518004,0.11856706828703704
1212,2.906973,18.301316552148943,0.1186647488425926
1213,2.955112,19.203873433215485,0.11876436226851853
1214,2.93764,18.871257550392244,0.11886209837962963
1215,2.934646,18.814841502253383,0.11895968055555556
1216,2.922754,18.592420543348826,0.1190574849537037
1217,2.935854,18.837583564227984,0.11915514004629629
1218,2.911702,18.388068441293438,0.1192529849537037
1219,2.947899,19.065854258691978,0.11935059606481482
1220,2.927066,18.672764157074944,0.11944817592592594
1221,2.957144,19.242935377526553,0.11954593518518519
1222,2.955327,19.20800270988496,0.11964358796296297
1223,2.955369,19.208809462940472,0.11974130208333333
1224,2.925026,18.63471054607472,0.11983890972222222
1225,2.91394,18.429267022481657,0.11993648611111112
1226,2.951568,19.135935363136483,0.12003406018518518
1227,2.952353,19.150962969960524,0.12013162731481482
1228,2.949052,19.08784986668349,0.12022909143518519
1229,2.932862,18.781305747800737,0.12032659837962964
1230,2.935067,18.82276421814051,0.12042418981481483
1231,2.921018,18.560172101032425,0.12052177546296297
1232,2.972298,19.53676353321228,0.1206192800925926
1233,2.923715,18.610296447487197,0.12071694907407407
1234,2.953444,19.17186807222046,0.12081450231481482
1235,2.954871,19.199245857363362,0.12091191898148149
1236,2.897567,18.129981420988166,0.12100945601851852
1237,2.912602,18.404625152292976,0.12110696180555555
1238,2.929405,18.716490870894706,0.12120442129629629
1239,2.933466,18.79265308302267,0.12130182523148147
1240,2.956616,19.232777789486445,0.12139938541666666
1241,2.931132,18.748842177941647,0.12149689120370369
1242,2.926341,18.659231309311142,0.12159438773148147
1243,2.940127,18.918248777289996,0.1216919224537037
1244,2.919944,18.54024917672132,0.12178963425925925
1245,2.926062,18.654026109934925,0.12188717708333333
1246,2.926447,18.661209292661198,0.12198471180555555
1247,2.908318,18.325948384105278,0.12208229629629629
1248,2.944668,19.004351894155825,0.12217989120370369
1249,2.900686,18.186617110484576,0.12227743287037036
1250,2.940575,18.92672605150986,0.12237501967592591
1251,2.95468,19.195579151586163,0.12247254745370369
1252,2.935586,18.83253576826764,0.12256995370370369
1253,2.939788,18.911836577883705,0.12266751967592592
1254,2.910922,18.37373134010558,0.12276506134259259
1255,2.917716,18.49898748414964,0.12286265277777778
1256,2.922942,18.595916246996826,0.12296020717592593
1257,2.946701,19.04302704152329,0.12305777314814816
1258,2.888653,17.969088929801636,0.12315540856481483
1259,2.913589,18.42279948487601,0.12325336458333334
1260,2.90865,18.33203360906025,0.12335126620370371
1261,2.92018,18.54462519187651,0.12344940625
1262,2.936845,18.85626086261293,0.12354712615740741
1263,2.942096,18.955535505870166,0.12364471412037038
1264,2.910501,18.36599762727218,0.12374263657407408
1265,2.896608,18.112603103040772,0.12384030555555556
1266,2.885277,17.908527570668873,0.12393880671296297
1267,2.924716,18.628934681110767,0.12403770717592592
1268,2.905345,18.271546248404526,0.12413566319444444
1269,2.927028,18.67205460551854,0.12423328125
1270,2.931827,18.76187715238426,0.12433105555555556
1271,2.90503,18.26579161773819,0.12442916782407408
1272,2.902938,18.227619523605906,0.1245271076388889
1273,2.8799,17.812491841362636,0.12462474189814816
1274,2.890263,17.998042464319695,0.12472247453703705
1275,2.897355,18.12613827231507,0.12482118287037039
1276,2.926406,18.660444198764733,0.12491876041666669
1277,2.901178,18.195567127626614,0.12501680092592596
1278,2.912411,18.40111020457708,0.12511484953703708
1279,2.915565,18.4592389269702,0.12521294907407413
1280,2.881036,17.832738329922588,0.1253105833333334
1281,2.901631,18.20381158676444,0.1254083020833334
1282,2.892036,18.029981299019177,0.12550603009259265
1283,2.921547,18.569993029480415,0.12560345023148153
1284,2.923349,18.603486325315792,0.1257010694444445
1285,2.896635,18.113092149926654,0.12579874189814821
1286,2.88842,17.96490261980504,0.12589646296296303
1287,2.926095,18.654641702953786,0.12599408101851858
1288,2.886379,17.928273646141026,0.12609161111111117
1289,2.887557,17.949405596771403,0.12618899884259266
1290,2.910451,18.36507935034793,0.12628661921296302
1291,2.920438,18.549410322431303,0.1263849907407408
1292,2.906235,18.287815163158786,0.1264836469907408
1293,2.902052,18.211477004899763,0.126581400462963
1294,2.898422,18.14548918372697,0.1266792731481482
1295,2.904682,18.259436228157146,0.1267770393518519
1296,2.879361,17.802893495246792,0.12687483449074077
1297,2.895598,18.09431860913046,0.12697270833333338
1298,2.926207,18.65673113983079,0.12707163773148153
1299,2.886822,17.93621763082896,0.127171087962963
1300,2.88677,17.9352849717615,0.1272695856481482
1301,2.926497,18.66214237645273,0.1273674594907408
1302,2.921856,18.575732043958602,0.12746692129629636
1303,2.927257,18.676330995651185,0.12756471875000006
1304,2.890421,18.000886379692457,0.12766240856481487
1305,2.922173,18.58162148444353,0.12776020717592598
1306,2.85437,17.36349475944854,0.12785805787037044
1307,2.887439,17.94728769186983,0.12795613773148154
1308,2.920451,18.54965146633293,0.12805413541666671
1309,2.922326,18.584464690030334,0.12815173726851856
1310,2.925153,18.63707730460006,0.12824946759259262
1311,2.896928,18.118400063497948,0.12834708796296299
1312,2.90931,18.34413674483769,0.12844490046296297
1313,2.870739,17.65005677344656,0.12854275694444445
1314,2.901889,18.20850877606519,0.12864069560185185
1315,2.894476,18.074028168716698,0.12873861921296295
1316,2.900244,18.178580401965167,0.12883649421296295
1317,2.872322,17.678018939534216,0.1289343599537037
1318,2.902502,18.219674013740637,0.1290322662037037
1319,2.880889,17.83011711005247,0.12912990856481482
1320,2.888206,17.9610585419754,0.12922783101851854
1321,2.922343,18.584780628615537,0.12932555555555558
1322,2.910157,18.359680810643148,0.12942314351851855
1323,2.913199,18.41561599394869,0.12952095949074077
1324,2.902044,18.21133131366649,0.12961862384259262
1325,2.910127,18.359130028480607,0.12971601851851855
1326,2.899455,18.164243158814212,0.1298136365740741
1327,2.896046,18.1024266799396,0.12991131365740743
1328,2.931229,18.750660903839695,0.1300089340277778
1329,2.891582,18.02179754536207,0.1301064502314815
1330,2.913751,18.42578422014959,0.13020402430555558
1331,2.896262,18.106337226426284,0.1303016354166667
1332,2.861055,17.479958568474334,0.13039916550925928
1333,2.867175,17.58726393441187,0.13049695370370373
1334,2.909149,18.3411835765582,0.13059445486111115
1335,2.869494,17.628096126103223,0.1306920393518519
1336,2.920338,18.547555474143024,0.13078956828703708
1337,2.9381,18.87994032575065,0.1308871643518519
1338,2.905974,18.283042666239144,0.13098487268518524
1339,2.909043,18.33923951413621,0.1310824768518519
1340,2.911404,18.38258961328385,0.13118006828703707
1341,2.884644,17.897195059834726,0.13127776388888893
1342,2.921492,18.5689717079504,0.13137534722222227
1343,2.895236,18.087769651226854,0.13147296990740745
1344,2.900185,18.177507897360652,0.1315707118055556
1345,2.937259,18.864068970776923,0.13166823032407413
1346,2.911778,18.389465987601064,0.13176581712962968
1347,2.898208,18.141606464507422,0.13186340277777783
1348,2.879122,17.79863911212047,0.1319610069444445
1349,2.930583,18.738551888528864,0.13205857870370374
1350,2.888768,17.97115549385371,0.13215626851851855
1351,2.90125,18.19687725562385,0.13225375694444447
1352,2.873863,17.705281767333812,0.13235134375000002
1353,2.908505,18.32937565689312,0.13244871296296298
1354,2.863681,17.525921262279365,0.13254738888888892
1355,2.911722,18.388436206339904,0.13264577199074076
1356,2.909988,18.3565782867568,0.13274325578703705
1357,2.861773,17.49251368547413,0.13284077199074076
1358,2.912092,18.395241186579955,0.1329383101851852
1359,2.878845,17.793709571859257,0.13303597222222224
1360,2.885436,17.91137525293735,0.13313342708333337
1361,2.906173,18.286681353767122,0.13323126388888892
1362,2.880085,17.815787457188346,0.13332881365740745
1363,2.897343,18.125920759960874,0.1334271956018519
1364,2.874693,17.71998325147263,0.13352451736111115
1365,2.878333,17.784601524417575,0.13362200000000005
1366,2.847909,17.25167085593073,0.1337195115740741
1367,2.876371,17.749742344264767,0.1338170729166667
1368,2.912814,18.408527346443226,0.13391447916666668
1369,2.893314,18.05303834543376,0.13401196180555558
1370,2.911051,18.376101704333664,0.1341094490740741
1371,2.898105,18.13973797527043,0.13420698495370373
1372,2.862276,17.501314633110695,0.13430423148148152
1373,2.858296,17.431797831071446,0.1344027268518519
1374,2.8774,17.768016229438516,0.13450036458333336
1375,2.858557,17.436348124092756,0.13459776736111115
1376,2.896515,18.110918709277712,0.1346953055555556
1377,2.902551,18.22056679964038,0.134792931712963
1378,2.902467,18.219036336309575,0.13489061342592595
1379,2.85998,17.461177709533544,0.1349887743055556
1380,2.880606,17.825071900841106,0.13508734953703708
1381,2.878995,17.79637882848428,0.1351852256944445
1382,2.857875,17.424460588782434,0.13528291666666672
1383,2.865363,17.555424667250364,0.13538063541666673
1384,2.901222,18.1963677501938,0.13547824768518524
1385,2.868497,17.61052967259767,0.13557582523148154
1386,2.887392,17.94644418917078,0.13567404629629634
1387,2.882545,17.859668245573666,0.13577305092592598
1388,2.882563,17.859989722495378,0.13587154976851856
1389,2.89088,18.009150683053264,0.13597153240740745
1390,2.897067,18.120918696147687,0.13606931365740746
1391,2.875434,17.73311862511687,0.13616691087962968
1392,2.888461,17.96563919591216,0.1362648680555556
1393,2.885939,17.92038694093911,0.13636275578703708
1394,2.853446,17.34745830027591,0.1364612118055556
1395,2.884772,17.899486047422457,0.13655923263888892
1396,2.891824,18.026159348124896,0.1366571666666667
1397,2.851161,17.307864611076983,0.13675502777777782
1398,2.900782,18.1883631095338,0.13685289236111114
1399,2.884322,17.891433090752265,0.13695078240740743
1400,2.865417,17.556372685778665,0.1370484513888889
1401,2.897871,18.135493773175224,0.13714625462962965
1402,2.902258,18.215228955600423,0.13724424074074076
1403,2.912822,18.40867461525107,0.13734194097222224
1404,2.872638,17.68360607624021,0.1374397314814815
1405,2.884014,17.885923377899648,0.13753729745370372
1406,2.911575,18.385733304885694,0.1376350150462963
1407,2.892057,18.030359932602092,0.13773263078703704
1408,2.887658,17.9512185782907,0.13783025462962964
1409,2.874579,17.71796328852204,0.13792791782407407
1410,2.925664,18.646603284783357,0.13802560185185184
1411,2.923735,18.61066865713823,0.13812334143518518
1412,2.891909,18.02769163679083,0.13822095717592592
1413,2.897117,18.121824764734026,0.13831863657407406
1414,2.923037,18.597682942957018,0.13841611458333333
1415,2.866766,17.580072214269716,0.13851361574074075
1416,2.88173,17.845118545761558,0.13861113773148148
1417,2.892515,18.03861972880017,0.13870872337962964
1418,2.91043,18.36469368773104,0.1388064039351852
1419,2.897467,18.128168513492948,0.13890417476851855
1420,2.900156,18.176980757275192,0.1390017615740741
1421,2.874249,17.71211732527381,0.1390993738425926
1422,2.862589,17.506793401973454,0.13919713078703705
1423,2.847881,17.251187815909358,0.13929478935185186
1424,2.892997,18.047316439248295,0.1393926898148148
1425,2.859078,17.445434828346325,0.13949053819444443
1426,2.885197,17.90709494576898,0.13958860648148147
1427,2.889418,17.98284054215401,0.13968651851851852
1428,2.858183,17.42982814920565,0.13978433333333334
1429,2.86575,17.56221993139539,0.1398821412037037
1430,2.891694,18.023816099724087,0.13997984837962962
1431,2.857832,17.423711353085803,0.14007744791666665
1432,2.892824,18.044194523557803,0.14017524884259258
1433,2.87934,17.802519638408906,0.14027277546296296
1434,2.890074,17.994641155727724,0.14037026620370371
1435,2.87563,17.736594657007394,0.14046790625000002
1436,2.884529,17.89513700074351,0.140565494212963
1437,2.909193,18.341990606390095,0.14066320601851856
1438,2.864324,17.53719405346498,0.14076081250000005
1439,2.900193,18.177653318005508,0.1408583969907408
1440,2.888043,17.958131128023783,0.14095603240740745
1441,2.916052,18.468230765662643,0.1410536967592593
1442,2.905989,18.283316913935987,0.14115233217592596
1443,2.909105,18.340376582234832,0.14124997800925929
1444,2.908024,18.32056134721358,0.14134826273148152
1445,2.897627,18.131069252508045,0.14144608449074078
1446,2.889171,17.978399329052497,0.14154362962962966
1447,2.89415,18.06813699584704,0.1416411967592593
1448,2.872661,17.684012803857314,0.14173888078703706
1449,2.878098,17.780422634098183,0.14183658333333335
1450,2.923912,18.613963037034562,0.14193408333333335
1451,2.942986,18.9724134420379,0.14203253009259262
1452,2.893287,18.0525509199787,0.14213034143518521
1453,2.897752,18.13333577781949,0.14222803703703707
1454,2.90892,18.336983926397465,0.14232564236111114
1455,2.896437,18.109506112710374,0.1424233553240741
1456,2.878646,17.790168975955428,0.14252106134259263
1457,2.868139,17.60422623135819,0.1426187465277778
1458,2.910667,18.369046635939025,0.1427164490740741
1459,2.90685,18.299065628647664,0.1428141689814815
1460,2.854692,17.369086705016006,0.14291149421296298
1461,2.895163,18.086449292236004,0.14300924305555557
1462,2.8944,18.072654594772345,0.14310714699074076
1463,2.8886,17.96813659332549,0.1432047916666667
1464,2.88101,17.832274684753422,0.14330246875000002
1465,2.888913,17.97376150033123,0.14340024189814818
1466,2.894652,18.077209477621356,0.14349787615740744
1467,2.851977,17.321993592440037,0.14359557523148153
1468,2.895841,18.09871606282146,0.14369353240740745
1469,2.910245,18.36129653364526,0.14379098611111116
1470,2.877001,17.76092820511785,0.14388853472222227
1471,2.847986,17.25299928573053,0.14398624884259265
1472,2.912921,18.410497164252664,0.14408383101851857
1473,2.915582,18.459552736699337,0.14418117476851858
1474,2.903089,18.23037210196841,0.14427969791666673
1475,2.895566,18.09373960019916,0.1443792719907408
1476,2.923862,18.61303236214978,0.14447862615740747
1477,2.889552,17.98525040424381,0.14457620138888896
1478,2.868587,17.612114691592993,0.14467382754629637
1479,2.893482,18.056071510654537,0.14477164467592601
1480,2.899806,18.17061992722034,0.14486924537037046
1481,2.875995,17.743069695679875,0.14496724305555564
1482,2.882951,17.86692074303873,0.14506569675925934
1483,2.879601,17.807166702450008,0.14516327199074083
1484,2.824494,16.852415506066503,0.14526092592592602
1485,2.8775,17.7697931199045,0.14535848263888898
1486,2.890124,17.995540910279193,0.14545615277777788
1487,2.861756,17.492216315269133,0.14555410069444455
1488,2.881264,17.836804657805573,0.14565284837962975
1489,2.841702,17.144921374669607,0.14575146759259272
1490,2.881353,17.838392204064878,0.14584987847222236
1491,2.888431,17.965100234820746,0.1459474155092594
1492,2.845871,17.216547753324715,0.14604501388888905
1493,2.889348,17.98158178737299,0.1461428333333335
1494,2.880306,17.81972518131888,0.1462405208333335
1495,2.87095,17.653781328352487,0.14633876388888906
1496,2.861588,17.489277869764496,0.1464366921296298
1497,2.879448,17.804442414357887,0.1465346296296298
1498,2.839088,17.100163074780273,0.14663267592592608
1499,2.872018,17.67264563855973,0.14673025925925942
1500,2.864971,17.548544289422967,0.14682794097222238
1501,2.878386,17.78554413327728,0.14692679050925941
1502,2.882345,17.856096669094107,0.1470244120370372
1503,2.856577,17.40185831098985,0.14712222106481498
1504,2.86334,17.51994594197894,0.14721993865740757
1505,2.881747,17.845421915355466,0.14731755671296312
1506,2.849731,17.283132052677033,0.1474151793981483
1507,2.8569,17.40748001908128,0.14751292129629645
1508,2.861176,17.48207377142832,0.14761069907407423
1509,2.855393,17.381266703386878,0.14770816782407423
1510,2.84463,17.195195269519424,0.1478059780092594
1511,2.862447,17.504307613805512,0.14790369907407422
1512,2.837216,17.06818151358521,0.14800137152777793
1513,2.866344,17.57265498893991,0.1480990833333335
1514,2.855623,17.38526485449841,0.14819663773148165
1515,2.815387,16.699637289579695,0.14829438541666684
1516,2.83524,17.03448808698306,0.1483919884259261
1517,2.847115,17.237978465869325,0.1484895810185187
1518,2.824052,16.844968384347965,0.14858715393518537
1519,2.851459,17.31302312331124,0.14868478125000018
1520,2.855478,17.382744173848273,0.14878249884259276
1521,2.854328,17.36276550798304,0.14888029050925944
1522,2.834138,17.01572642068801,0.14897791782407424
1523,2.842463,17.1579736255873,0.14907559027777795
1524,2.847723,17.248462343552426,0.14917320370370388
1525,2.836126,17.049587331405668,0.14927106365740758
1526,2.824136,16.846383421122965,0.14936890046296314
1527,2.857723,17.42181227205011,0.14946645254629648
1528,2.859737,17.45693515884091,0.14956405092592612
1529,2.859393,17.450931005919777,0.14966185300925944
1530,2.846894,17.234169293557407,0.14975939699074092
1531,2.827654,16.90575336850412,0.14985804050925944
1532,2.811783,16.639560120873657,0.14995620254629646
1533,2.849217,17.274250805478022,0.15005374537037053
1534,2.833643,17.007305720405036,0.1501513182870372
1535,2.864302,17.536808239439775,0.1502488645833335
1536,2.86478,17.54519283753753,0.150346476851852
1537,2.786383,16.222237724637505,0.15044422685185202
1538,2.82684,16.891997684585046,0.15054192129629645
1539,2.815932,16.708741072458018,0.1506402407407409
1540,2.847504,17.244685343895746,0.15073774884259275
1541,2.831174,16.965366477881247,0.15083526388888904
1542,2.866282,17.571565518104542,0.1509328067129631
1543,2.831721,16.97464907190266,0.151030445601852
1544,2.826788,16.891119323543037,0.15112821990740755
1545,2.811043,16.627251401172188,0.15122605208333348
1546,2.814543,16.685548741910722,0.15132409837962976
1547,2.849519,17.279468417040967,0.1514222476851853
1548,2.846056,17.219733109295426,0.1515203067129631
1549,2.86139,17.485815335548487,0.15161820833333348
1550,2.830865,16.96012498949125,0.15171606828703718
1551,2.810127,16.612027812356843,0.151814070601852
1552,2.831789,16.97580338728583,0.15191190509259275
1553,2.855744,17.38736859881977,0.15200982291666681
1554,2.858119,17.42871267589963,0.15210776851851868
1555,2.836928,17.063266585092965,0.15220575231481498
1556,2.815753,16.70575047547246,0.15230353240740757
1557,2.824004,16.844159845270607,0.152401445601852
1558,2.8471,17.2377198981316,0.15249926504629646
1559,2.832612,16.989780224153026,0.15259706481481497
1560,2.811064,16.627600577117946,0.15269492245370386
1561,2.813889,16.674639960593826,0.15279290509259275
1562,2.826607,16.888062307613765,0.15289071990740757
1563,2.790196,16.284211194415835,0.15299046527777793
1564,2.858176,17.429706140835634,0.1530882754629631
1565,2.833157,16.999042178028365,0.15318604629629645
1566,2.823962,16.843452405413444,0.15328378009259275
1567,2.823445,16.834746591166745,0.15338152662037052
1568,2.807135,16.5623989070081,0.15347919907407423
1569,2.829148,16.931029440561066,0.15357681018518535
1570,2.811882,16.64120751887048,0.15367439120370385
1571,2.841528,17.141938417875174,0.15377201620370384
1572,2.79786,16.409492855112912,0.15386976967592605
1573,2.828629,16.922244516166487,0.15396733333333346
1574,2.849458,17.278414401615322,0.15406505092592604
1575,2.840153,17.118384449614755,0.15416292592592604
1576,2.797408,16.402077440352382,0.15426089814814825
1577,2.839946,17.114841310761207,0.15435881712962973
1578,2.820706,16.7886993107917,0.15445672222222231
1579,2.806867,16.557960778836755,0.15455479050925935
1580,2.799588,16.437872972125763,0.15465243287037048
1581,2.790133,16.28318532142593,0.15475001157407417
1582,2.82174,16.8060678038425,0.15484776157407418
1583,2.857961,17.425959156830572,0.15494533449074085
1584,2.790569,16.290286338135225,0.15504317824074085
1585,2.803787,16.50704071678749,0.15514086689814827
1586,2.830963,16.961787163185395,0.1552385902777779
1587,2.849862,17.285396291280325,0.15533616550925938
1588,2.79701,16.39555071243614,0.1554340115740742
1589,2.826417,16.88485388058554,0.1555317303240742
1590,2.83043,16.95274893952799,0.1556295925925927
1591,2.812283,16.647881981225805,0.15572723958333345
1592,2.822039,16.811093569430362,0.15582476967592604
1593,2.801363,16.467076106765933,0.1559224074074075
1594,2.828757,16.9244107020975,0.1560202048611112
1595,2.813907,16.674940106814425,0.15611784259259268
1596,2.81144,16.6338537304541,0.15621522800925935
1597,2.850731,17.300423829176985,0.15631316087962974
1598,2.803687,16.50539009524827,0.15641182060185196
1599,2.840396,17.122544722488698,0.1565095775462964
1600,2.838927,17.09741017014001,0.15660726041666678
1601,2.822048,16.811244869953335,0.15670688425925938
1602,2.834435,17.02078084197937,0.15680593865740752
1603,2.838825,17.095666323240355,0.15690344328703715
1604,2.7978,16.4085083150781,0.15700121064814826
1605,2.784284,16.18822295863893,0.15709894328703713
1606,2.825982,16.877510566434108,0.15719683912037047
1607,2.832215,16.983036620098016,0.15729460185185196
1608,2.81145,16.634020069823094,0.15739217592592603
1609,2.812348,16.648964128724,0.15748972337962974
1610,2.800742,16.456853227036323,0.15758726157407418
1611,2.793898,16.344607068043533,0.15768495486111123
1612,2.832081,16.980761045657815,0.15778273495370382
1613,2.828107,16.91341340964838,0.15788033796296308
1614,2.827784,16.90795125930183,0.15797797222222235
1615,2.792855,16.327568530013757,0.15807592245370383
1616,2.776808,16.067651063114486,0.158173508101852
1617,2.827868,16.909371586860537,0.15827115856481494
1618,2.805102,16.52876175378185,0.15836871064814828
1619,2.785316,16.204937828121423,0.1584674467592594
1620,2.783541,16.17619957622036,0.15856553240740753
1621,2.815531,16.70204221049955,0.1586632592592594
1622,2.799993,16.444531658972547,0.15877342476851866
1623,2.78979,16.27760114660141,0.15887109259259274
1624,2.789271,16.26915526350257,0.15896866782407423
1625,2.774965,16.038065653534364,0.15906679166666682
1626,2.807659,16.571079878251204,0.159166070601852
1627,2.789617,16.27478536517516,0.1592654930555557
1628,2.830604,16.95569897448907,0.15936348148148163
1629,2.775748,16.050628376605328,0.15946099652777793
1630,2.809206,16.596735178080735,0.15955878125000014
1631,2.805636,16.537590469615694,0.15965626504629643
1632,2.791438,16.30444874963962,0.159753976851852
1633,2.798708,16.423414006788125,0.15985153356481496
1634,2.789805,16.277845312449845,0.15994919907407423
1635,2.807853,16.574294979602332,0.16004669097222238
1636,2.811099,16.628182553322667,0.16014433796296312
1637,2.815428,16.700321988744804,0.16024196875000016
1638,2.800059,16.445617033879017,0.1603394895833335
1639,2.804269,16.514999028211964,0.16043710995370386
1640,2.800739,16.456803856550696,0.1605348067129631
1641,2.798532,16.420523740273843,0.16063252893518534
1642,2.78767,16.243129185360427,0.16073001273148163
1643,2.819935,16.775760212286514,0.16082748611111125
1644,2.814085,16.677908510333513,0.1609250555555557
1645,2.82111,16.79548331558996,0.16102265162037052
1646,2.831212,16.966011174056554,0.16112018865740757
1647,2.764514,15.871324652157483,0.16121772916666682
1648,2.806544,16.55261342114995,0.16131559606481496
1649,2.798254,16.415959469137135,0.16141327893518534
1650,2.7747,16.03381612922302,0.161512726851852
1651,2.806908,16.558639669145844,0.16161032407407422
1652,2.790496,16.28909719063695,0.16170799074074088
1653,2.811354,16.63242328054351,0.16180561111111125
1654,2.830377,16.95185046764391,0.16190313194444458
1655,2.791142,16.299623347004545,0.16200082986111125
1656,2.804755,16.523027268444032,0.16209845138888904
1657,2.764324,15.868309386932834,0.16219595833333347
1658,2.793292,16.334705236718218,0.162293508101852
1659,2.780352,16.12469584212402,0.16239087152777792
1660,2.786595,16.225677203607024,0.16248824421296312
1661,2.766746,15.906789012283898,0.16258593171296312
1662,2.779949,16.118198898921623,0.1626836006944446
1663,2.788658,16.259185327423648,0.16278119212962977
1664,2.820528,16.78571118826517,0.16287877546296312
1665,2.812723,16.655208661048906,0.16297641087962977
1666,2.979564,19.67923462772095,0.16307413773148163
1667,2.89237,18.03600431856132,0.16317164120370387
1668,3.040853,20.923083015156784,0.16326939236111127
1669,3.022855,20.549877913999545,0.16336688310185202
1670,2.897644,18.131377483305293,0.16346462037037054
1671,2.903488,18.23764747177685,0.163562189814815
1672,2.818986,16.759847567589212,0.1636598333333335
1673,2.820888,16.79175513213757,0.16375760069444462
1674,2.842554,17.159535072231968,0.16385515740740758
1675,2.816715,16.72182914002752,0.1639527071759261
1676,2.847827,17.250256276919078,0.1640504988425928
1677,2.83747,17.072517382321678,0.16414801388888908
1678,2.827518,16.903454342383323,0.1642455625000002
1679,2.831449,16.970032595224396,0.16434320949074094
1680,2.783731,16.179273346138736,0.1644410312500002
1681,2.815102,16.69487857110176,0.1645389664351854
1682,2.804094,16.5121091562532,0.16463688310185207
1683,2.823381,16.833669201861735,0.16473482870370393
1684,2.820224,16.780609107619494,0.16483241435185209
1685,2.851485,17.31347326776429,0.1649301331018521
1686,2.810674,16.62111707725752,0.1650278252314817
1687,2.814083,16.67787515454985,0.1651259143518521
1688,2.827202,16.89811369467791,0.16522395486111136
1689,2.786462,16.223519332040585,0.16532190625000023
1690,2.812998,16.6597894732635,0.16541966319444468
1691,2.809283,16.598013175891733,0.16551731134259282
1692,2.792501,16.321789593686216,0.16561502199074096
1693,2.792776,16.32627870304872,0.1657126990740743
1694,2.79793,16.410641559816963,0.16581049421296318
1695,2.804431,16.517674674776057,0.16590839699074095
1696,2.791914,16.312211514635944,0.16600637962962983
1697,2.802274,16.482084448360823,0.16610428703703722
1698,2.786458,16.223454438093043,0.16620207291666686
1699,2.806499,16.551868570305267,0.1662996574074076
1700,2.788644,16.258957700422464,0.166397439814815
1701,2.78768,16.24329161746444,0.16649521412037055
1702,2.773425,16.01338604060739,0.16659285416666686
1703,2.806005,16.54369396652491,0.16669057291666686
1704,2.800352,16.450436305658783,0.16678825462962982
1705,2.768148,15.929105971011664,0.16688593518518538
1706,2.825516,16.86964747875187,0.16698373148148168
1707,2.823856,16.84166709408165,0.16708269675925946
1708,2.833906,17.01177923005023,0.16718080324074094
1709,2.769566,15.951709465368612,0.16727851273148167
1710,2.809078,16.594610931932593,0.16737637037037056
1711,2.801641,16.47165459030334,0.16747405208333352
1712,2.796702,16.390501660410628,0.1675714849537039
1713,2.77517,16.041353794016224,0.16766943865740758
1714,2.786486,16.22390870117696,0.1677673020833335
1715,2.780879,16.13319579637404,0.1678650196759261
1716,2.781289,16.139811762831,0.1679634108796298
1717,2.795267,16.366998158323938,0.1680611180555557
1718,2.766416,15.90154063793924,0.16815888657407424
1719,2.753147,15.69193678730139,0.16825668750000017
1720,2.782592,16.16085564466961,0.16835477546296312
1721,2.806703,16.555245495928315,0.16845275000000015
1722,2.75764,15.762599283712692,0.16855045138888905
1723,2.786265,16.220323613520783,0.16864813425925942
1724,2.776118,16.056568207905695,0.16874592824074092
1725,2.790303,16.285953698235936,0.16884373611111128
1726,2.7934,16.336469480151212,0.16894173379629646
1727,2.77894,16.101943838289785,0.16904007986111128
1728,2.811705,16.63826228580045,0.16913796412037052
1729,2.779319,16.108047631600268,0.16923603240740756
1730,2.778424,16.093637378520146,0.16933376736111128
1731,2.777936,16.085785599469343,0.16943151620370386
1732,2.782812,16.16441142403282,0.16952921412037053
1733,2.773788,16.019199954901737,0.16962700810185202
1734,2.814417,16.68344649521357,0.1697251782407409
1735,2.768263,15.930937923533584,0.16982297916666683
1736,2.805843,16.54101410517696,0.16992065393518535
1737,2.814899,16.691489854718178,0.1700202858796298
1738,2.789329,16.2700989018731,0.17011784027777796
1739,2.791607,16.307204434327105,0.17021556134259277
1740,2.801449,16.468492336208108,0.17031318518518537
1741,2.79107,16.298449816371175,0.170410939814815
1742,2.791002,16.297341559464826,0.17050861574074094
1743,2.740091,15.488394476109509,0.1706064201388891
1744,2.781737,16.147044018405033,0.17070415046296317
1745,2.830837,16.959650112639842,0.17080178703703724
1746,2.786092,16.217517740250674,0.1708996851851854
1747,2.799838,16.44198295409513,0.1709973136574076
1748,2.753531,15.697963648110937,0.17109502314814834
1749,2.761684,15.826472299405847,0.17119274305555574
1750,2.79177,16.30986272529473,0.17129051504629647
1751,2.804573,16.52002035111895,0.1713881145833335
1752,2.774198,16.02576917348103,0.17148582638888907
1753,2.74585,15.577849478337152,0.17158330787037054
1754,2.79177,16.30986272529473,0.17168114930555572
1755,2.766452,15.902113103706531,0.1717789120370372
1756,2.746021,15.580513518366878,0.17187653240740758
1757,2.765706,15.890254551121238,0.17197421643518535
1758,2.78152,16.143540489999616,0.17207187037037053
1759,2.76375,15.859203590958193,0.17216942592592607
1760,2.774008,16.022724566584877,0.1722669907407409
1761,2.7953,16.367538278175093,0.17236465740740756
1762,2.796718,16.390763910535192,0.17246253472222237
1763,2.774996,16.03856284127599,0.1725602777777779
1764,2.821505,16.802118841929794,0.17265793750000014
1765,2.796608,16.38896102566552,0.17275554976851865
1766,2.74596,15.579563136029218,0.17285317824074087
1767,2.785544,16.20863297517699,0.17295085879629643
1768,2.775021,16.03896381035912,0.17304831481481495
1769,2.785135,16.202004999803503,0.17314600115740753
1770,2.757892,15.766571959268285,0.17324351620370382
1771,2.78484,16.197226113248984,0.1733412337962964
1772,2.75148,15.66580011964203,0.17343882060185195
1773,2.742167,15.52058178190532,0.1735363460648149
1774,2.798313,16.41692803931835,0.1736338912037038
1775,2.782924,16.166221939499287,0.17373148148148157
1776,2.762984,15.847060092561177,0.1738291875000001
1777,2.767698,15.921939485904796,0.17392681712962973
1778,2.760029,15.800301150349792,0.17402448842592602
1779,2.762296,15.836161064912925,0.17412227314814824
1780,2.790675,16.292013200009126,0.17422002314814825
1781,2.798665,16.422707815169066,0.17431767129629638
1782,2.767635,15.920936435313603,0.17441538888888897
1783,2.77264,16.00082046519913,0.17451313541666674
1784,2.762368,15.837301309557912,0.17461106597222228
1785,2.759736,15.795672340266538,0.17470859027777785
1786,2.7685,15.934714003269232,0.17480604166666674
1787,2.784187,16.18665277716698,0.17490364930555563
1788,2.759897,15.798215648244117,0.17500121759259266
1789,2.735486,15.417234391393913,0.17509892013888895
1790,2.741987,15.517788328602919,0.1751965219907408
1791,2.766379,15.90095229182011,0.17529421990740746
1792,2.748346,15.616780356158944,0.17539203472222228
1793,2.769014,15.942906551571454,0.17548986111111117
1794,2.744584,15.558140399376967,0.1755878182870371
1795,2.755687,15.731844968675517,0.17568599537037044
1796,2.77698,16.070414936783664,0.17578460069444451
1797,2.77401,16.02275661206606,0.175882394675926
1798,2.740109,15.488673269719213,0.17598001273148156
1799,2.759375,15.789971131681762,0.1760778333333334
1800,2.789837,16.27836621183419,0.17617563888888896
1801,2.763905,15.861661958033318,0.17627351157407414
1802,2.773516,16.01484332504252,0.17637123379629638
1803,2.732614,15.373019617029517,0.17646904398148155
1804,2.766817,15.907918434397782,0.17656757754629637
1805,2.733261,15.382969179057973,0.17666516898148155
1806,2.778765,16.099126244664713,0.17676287268518526
1807,2.786706,16.227478353738604,0.17686061921296303
1808,2.781542,16.143895651797163,0.1769582997685186
1809,2.745675,15.575123593200349,0.1770561423611112
1810,2.759488,15.791755499234513,0.1771538449074075
1811,2.749451,15.634046436204864,0.1772516261574075
1812,2.778523,16.095230727490094,0.17734921180555566
1813,2.773061,16.007558228814705,0.17744679976851863
1814,2.774732,16.034329219548557,0.17754438425925936
1815,2.738828,15.468844981990445,0.17764204050925936
1816,2.762478,15.839043508521154,0.1777399050925927
1817,2.747132,15.597833088125297,0.17783795138888897
1818,2.752707,15.685033853871703,0.17793558912037044
1819,2.742871,15.53151211850683,0.17803308796296302
1820,2.752016,15.67419923926913,0.1781307395833334
1821,2.754324,15.71041707041322,0.17822857291666672
1822,2.763483,15.854969748842482,0.17832626157407414
1823,2.773121,16.008518711122615,0.1784237893518519
1824,2.761543,15.824240924127288,0.17852166666666672
1825,2.767768,15.923054060678464,0.17861926273148154
1826,2.77584,16.052105102344317,0.17871893402777783
1827,2.73285,15.376648077800667,0.1788164618055556
1828,2.747197,15.598846980227156,0.17891411111111116
1829,2.747565,15.604588412274582,0.1790117708333334
1830,2.761943,15.830571886605021,0.17910952893518525
1831,2.787549,16.241163885632027,0.17920729745370378
1832,2.75302,15.68994403787167,0.17930516435185193
1833,2.757628,15.762410133656191,0.17940317476851858
1834,2.721045,15.196193973233541,0.17950118171296303
1835,2.773129,16.008646779784574,0.1795989282407408
1836,2.76877,15.939016956922718,0.1796967708333334
1837,2.788898,16.263088000204235,0.17979441087962972
1838,2.765012,15.879230540236996,0.1798922210648149
1839,2.733954,15.393633271380267,0.17999021180555563
1840,2.763339,15.85268679757509,0.1800882210648149
1841,2.7663,15.899696166206672,0.18018638194444453
1842,2.75242,15.680532895074123,0.18028421296296304
1843,2.761532,15.824066858434483,0.18038163888888897
1844,2.737773,15.452533956113475,0.1804792812500001
1845,2.788785,16.261250375087982,0.18057706481481492
1846,2.765081,15.880326244945648,0.18067499074074084
1847,2.742305,15.522723769985003,0.18077290162037046
1848,2.783834,16.18093989711929,0.18087096643518527
1849,2.796583,16.388551306761386,0.18096864004629637
1850,2.892302,18.034777911965953,0.1810664409722223
1851,2.813402,16.666521387965908,0.18116413541666673
1852,2.80663,16.55403700711749,0.18126176041666672
1853,2.803734,16.506165866813234,0.18135942476851857
1854,2.768433,15.933646413195678,0.18145706250000004
1855,2.79735,16.4011261474486,0.1815547418981482
1856,2.769487,15.95044933009684,0.18165236458333336
1857,2.786076,16.217258262042662,0.1817500590277778
1858,2.785309,16.204824393953643,0.18184764120370372
1859,2.779679,16.11384757267439,0.18194527662037038
1860,2.779221,16.10646912028069,0.18204293865740742
1861,2.777722,16.082343609657098,0.1821405590277778
1862,2.774364,16.02842967197909,0.1822383090277778
1863,2.762521,15.839724602035423,0.1823359965277778
1864,2.767794,15.923468065466082,0.18243365972222222
1865,2.779638,16.113186918467417,0.18253118171296295
1866,2.778349,16.092430400978984,0.18262875578703702
1867,2.805583,16.53671400054744,0.18272614004629628
1868,2.754852,15.71871436091833,0.1828236898148148
1869,2.752019,15.674246261937387,0.18292120601851852
1870,2.781005,16.13522870711507,0.18301865393518518
1871,2.771565,15.983628825361041,0.18311611689814813
1872,2.793517,16.338380958899716,0.18321360532407405
1873,2.7621,15.833057481505314,0.1833111134259259
1874,2.768501,15.934729937991204,0.183408818287037
1875,3.011575,20.319377756054536,0.18350634606481478
1876,2.820371,16.78307603847329,0.18360393287037033
1877,2.793528,16.338560682078736,0.18370175578703699
1878,2.852808,17.336394151719027,0.18379934837962958
1879,2.826712,16.889835647254767,0.18389688773148144
1880,2.778058,16.087748185027763,0.18399442013888884
1881,2.793889,16.344459967241875,0.18409203240740735
1882,2.768604,15.93637129970349,0.18418963078703698
1883,2.775821,16.05180011524476,0.1842874918981481
1884,2.790111,16.28282709528936,0.18438610300925923
1885,2.792601,16.323421854257248,0.18448434490740737
1886,2.77169,15.985626903841517,0.1845819583333333
1887,2.777359,16.07650677837577,0.18467957291666662
1888,2.796455,16.386453706443405,0.18477716666666663
1889,2.76504,15.879675164916838,0.18487495370370366
1890,2.78855,16.25742943022844,0.18497247222222218
1891,2.807234,16.5640386656666,0.18507012499999997
1892,2.795696,16.37402110684861,0.18516824999999998
1893,2.770787,15.971198398198073,0.18526583796296295
1894,2.838719,17.093854278650156,0.18536350578703703
1895,2.767515,15.919026037567525,0.18546133796296296
1896,2.805028,16.5275386706667,0.185558875
1897,2.794684,16.357458979338503,0.18565658101851854
1898,2.79162,16.307416429362718,0.1857541666666667
1899,2.80792,16.5754054945678,0.18585181597222225
1900,2.770541,15.967269966609017,0.1859494918981482
1901,2.768114,15.928564390615572,0.18604723611111115
1902,2.787532,16.24088778819281,0.18614506365740746
1903,2.770351,15.964236473506325,0.1862427141203704
1904,2.794513,16.354662092993628,0.18634053935185188
1905,2.783681,16.178464402695184,0.1864381064814815
1906,2.760315,15.804820682741118,0.18653565509259262
1907,2.834539,17.022551095238505,0.18663347453703708
1908,2.782746,16.163344608084152,0.1867311319444445
1909,2.77337,16.01250532859496,0.18682864351851855
1910,2.791736,16.30930819938907,0.18692617245370374
1911,2.765817,15.892018467271948,0.18702371990740746
1912,2.790941,16.296347451950286,0.18712129976851857
1913,2.795089,16.36408509192236,0.18721870486111117
1914,2.787352,16.23796469147753,0.18731818518518525
1915,2.775207,16.041947335087045,0.18741569791666673
1916,2.729784,15.329575473970731,0.18751332638888896
1917,2.760075,15.801027980919686,0.18761091203703711
1918,2.783076,16.16867939199575,0.18770862037037045
1919,2.750309,15.64746620430438,0.18780631481481488
1920,2.777256,16.074850983452496,0.18790404166666674
1921,2.762171,15.834181668494663,0.18800186574074082
1922,2.750508,15.650580359927242,0.18809952430555563
1923,2.780796,16.131856796692194,0.18819703356481488
1924,2.743814,15.546165242296592,0.1882946180555556
1925,2.788379,16.254649647474075,0.18839212615740747
1926,2.766682,15.90577101036352,0.18848973611111117
1927,2.754729,15.716781077951278,0.18858754050925933
1928,2.764559,15.872038877836788,0.18868536921296303
1929,2.783707,16.178885048238023,0.18878438773148154
1930,2.773332,16.011896864953354,0.18888184837962968
1931,2.765477,15.886616099447647,0.18897943171296303
1932,2.753133,15.691717101724175,0.18907703240740747
1933,2.768129,15.928803320873401,0.18917471180555562
1934,2.772532,15.999092469902314,0.18927232870370378
1935,2.773254,16.010647985704814,0.1893699722222223
1936,2.751538,15.666708762399356,0.18946757638888895
1937,2.749121,15.628888052061113,0.18956545601851857
1938,2.764441,15.870166087745991,0.18966337500000005
1939,2.722891,15.224272055404464,0.18976129745370376
1940,2.734387,15.400300157863528,0.18985911342592598
1941,2.760828,15.812930635776464,0.18995688657407414
1942,2.735275,15.413981698108543,0.1900546145833334
1943,2.765622,15.888919825798189,0.19015237384259265
1944,2.749247,15.630857416022994,0.19025011226851857
1945,2.724583,15.250053328528578,0.19034806134259263
1946,2.763438,15.8542562912567,0.190445900462963
1947,2.754048,15.706081593625104,0.19054377083333338
1948,2.746563,15.588960445604334,0.1906415694444445
1949,2.775658,16.049183885054525,0.19073944791666672
1950,2.74239,15.524043257582878,0.19083722106481488
1951,2.773055,16.00746218375346,0.19093505555555562
1952,2.748903,15.625481325812412,0.19103313541666672
1953,2.738897,15.469912369118639,0.1911311030092593
1954,2.745703,15.575559702766462,0.19122894907407412
1955,2.767938,15.925761209969952,0.19132681018518524
1956,2.760287,15.804378153957435,0.19142447800925932
1957,2.744013,15.54925923702207,0.1915220949074075
1958,2.734989,15.409573929683813,0.19161974421296304
1959,2.733008,15.379077780138388,0.19171760879629637
1960,2.740322,15.491972708503418,0.1918154537037038
1961,2.775789,16.051286465859505,0.19191312962962973
1962,2.714465,15.096531266780003,0.1920108298611112
1963,2.73665,15.435190500653698,0.1921083159722223
1964,2.771175,15.977396425516117,0.19220585648148156
1965,2.753658,15.699957416095835,0.19230366550925934
1966,2.727337,15.292109860658554,0.1924012511574075
1967,2.753174,15.692360475314413,0.19249888425925935
1968,2.743165,15.536079054376346,0.19259662962962973
1969,2.71826,15.153931450896902,0.19269446990740752
1970,2.742049,15.518750461305101,0.1927921215277779
1971,2.746209,15.583442930264422,0.19289083564814827
1972,2.711139,15.046403612286603,0.192989138888889
1973,2.744697,15.559898568576783,0.19308683796296308
1974,2.732583,15.37254306080805,0.19318450578703716
1975,2.724538,15.24936709156924,0.19328233333333347
1976,2.760647,15.810068754339472,0.19337987268518533
1977,2.692754,14.772302873563937,0.19347752777777794
1978,2.770324,15.963805444940457,0.1935749918981483
1979,2.741592,15.511660012635202,0.19367265277777793
1980,2.759948,15.799021377788106,0.193771008101852
1981,2.73077,15.34469788951377,0.19386886689814828
1982,2.735598,15.418961218346256,0.19396669097222236
1983,2.735215,15.413056886951269,0.1940644942129631
1984,2.736981,15.440300394350169,0.19416417708333347
1985,2.71377,15.086042822706084,0.19426167592592605
1986,2.703934,14.938383882629335,0.19435917476851863
1987,2.74202,15.518300424067293,0.19445685995370382
1988,2.742707,15.52896515937575,0.19455440277777789
1989,2.718449,15.156795814614968,0.19465213425925937
1990,2.751997,15.673901432312759,0.19474980092592603
1991,2.70043,14.886131385342921,0.19484743402777788
1992,2.734389,15.40033095849465,0.19494511342592602
1993,2.728429,15.308817965591373,0.19504267824074084
1994,2.759598,15.79349268788305,0.1951403287037038
1995,2.710034,15.029786518929924,0.19523801388888898
1996,2.69575,14.816627057446047,0.19533557523148157
1997,2.726439,15.278383709967748,0.19543332060185195
1998,2.696224,14.823651803404546,0.19553085532407416
1999,2.724605,15.250388833392346,0.19562841898148156
2000,2.723543,15.23420151743745,0.1957260347222223
2001,2.726837,15.284465716923416,0.19582368634259267
2002,2.71736,15.140299048092547,0.19592119560185192
2003,2.751811,15.67098635775669,0.1960190208333334
2004,2.785338,16.205294340675263,0.19611648032407414
2005,2.762968,15.84680654162811,0.1962145381944445
2006,2.720176,15.182994216795631,0.19631371759259267
2007,2.732279,15.36787051798006,0.19641202199074081
2008,2.713512,15.08215112570833,0.19650940393518526
2009,2.74157,15.511318759868718,0.19660702546296305
2010,2.71522,15.107933451669588,0.19670444675925935
2011,2.706931,14.983221374546323,0.1968018125000001
2012,2.71586,15.117605623843613,0.19690003703703712
2013,2.740814,15.499596634407984,0.19699825810185193
2014,2.726958,15.28631524916961,0.1970959560185186
2015,2.727879,15.300400430744572,0.1971935960648149
2016,2.72361,15.235222243133048,0.19729118171296306
2017,2.695974,14.819946353654215,0.19738910532407417
2018,2.723444,15.23269340613997,0.19748670254629638
2019,2.741035,15.503022423799976,0.1975852361111112
2020,2.690824,14.743819824002166,0.19768475578703712
2021,2.68096,14.599101708406998,0.19778280671296306
2022,2.73353,15.387107754380564,0.1978804548611112
2023,2.738796,15.468349986870985,0.1979779687500001
2024,2.763333,15.852591681739646,0.19807552083333343
2025,2.704107,14.94096844659937,0.19817331481481493
2026,2.72418,15.2439087952438,0.19827164467592603
2027,2.708328,15.004167562312153,0.19837085069444454
2028,2.736854,15.43833960071312,0.19846871527777787
2029,2.727888,15.300538134968116,0.1985664699074075
2030,2.742779,15.530083285119272,0.19866419097222232
2031,2.754474,15.712773809724812,0.19876180902777787
2032,2.723009,15.226068625502547,0.19885947453703715
2033,2.728011,15.302420216904382,0.1989579861111112
2034,2.714768,15.101106208822552,0.1990565011574075
2035,2.739877,15.485080314319578,0.19915444907407417
2036,2.720889,15.19382355187139,0.19925219212962972
2037,2.757833,15.765641758963872,0.19935021296296304
2038,2.742833,15.530921932259938,0.19944788657407414
2039,2.720334,15.185393319405998,0.19954576504629637
2040,2.732483,15.371005883362125,0.19964423032407413
2041,2.730404,15.339082757718007,0.19974309027777784
2042,2.730006,15.332979017505307,0.19984106018518524
2043,2.718446,15.15675034429573,0.19993878356481487
2044,2.708786,15.01104104496307,0.20003650810185192
2045,2.730776,15.34478995797731,0.2001342685185186
2046,2.731905,15.362124009070481,0.20023195138888897
2047,2.753727,15.701040750532151,0.20033040509259267
2048,2.717281,15.139103011711802,0.20042880324074083
2049,2.717615,15.144160316640622,0.2005265358796297
2050,2.728737,15.313533807727184,0.20062417939814822
2051,2.739296,15.47608609573047,0.20072171990740748
2052,2.737328,15.445659108270107,0.20081933912037045
2053,2.716347,15.124969690787175,0.2009182997685186
2054,2.71225,15.063129456185717,0.20101676504629637
2055,2.724072,15.24226254199319,0.20111591550925934
2056,2.716965,15.134319810945629,0.2012138958333334
2057,2.717412,15.141086364113084,0.20131153935185192
2058,2.723458,15.232906665340463,0.20141050925925932
2059,2.710008,15.029395749560463,0.20150823148148156
2060,2.708776,15.010890935303168,0.20160613541666675
2061,2.699053,14.865647288962373,0.20170391435185192
2062,2.704625,14.948709873111074,0.20180199421296302
2063,2.700891,14.892995473962428,0.2018996331018519
2064,2.719703,15.17581435870139,0.20199844097222228
2065,2.714754,15.100894794815533,0.20209608217592598
2066,2.742954,15.532801287512441,0.20219370023148153
2067,2.720365,15.185864073895562,0.2022912708333334
2068,2.686319,14.677548304374804,0.20238900115740746
2069,2.726022,15.272013952147498,0.20248692245370375
2070,2.707665,14.99422309617314,0.20258444212962967
2071,2.722639,15.220436022206982,0.20268229513888894
2072,2.752062,15.674920269017697,0.20278020254629633
2073,2.74048,15.494420633572348,0.2028780902777778
2074,2.723958,15.240525023103862,0.20297595949074076
2075,2.689363,14.722294831075429,0.20307353009259263
2076,2.706768,14.98077930849606,0.20317200347222225
2077,2.721003,15.19555574648952,0.20326961574074076
2078,2.723619,15.235359360750264,0.20336728125000003
2079,2.715097,15.106075290134312,0.20346489467592596
2080,2.728258,15.306200381529068,0.20356268981481485
2081,2.714359,15.094931119275039,0.2036604479166667
2082,2.692222,14.76444609852267,0.2037584930555556
2083,2.699857,14.877604075366746,0.20385709490740744
2084,2.709809,15.026405197376107,0.20395517013888892
2085,2.717356,15.140238487017475,0.20405295138888893
2086,2.722335,15.215809712890879,0.20415053819444448
2087,2.707346,14.98944070183791,0.20424828125000002
2088,2.692546,14.769230554098542,0.20434772453703706
2089,2.709395,15.020185553179582,0.20444618981481483
2090,2.759607,15.79363482995688,0.20454462037037038
2091,2.716256,15.123593381168353,0.20464220949074075
2092,2.721715,15.206378834743214,0.20473960300925925
2093,2.717077,15.136014949690454,0.20483713425925926
2094,2.723437,15.232586777659327,0.20493470949074075
2095,2.726424,15.27815453593091,0.20503246990740742
2096,2.715131,15.106588905425586,0.2051308101851852
2097,2.687542,14.695509927244629,0.20522998958333336
2098,2.675286,14.516500965227706,0.20532818287037038
2099,2.710164,15.031740518184586,0.20542587037037038
2100,2.739974,15.486582439961987,0.20552347800925927
2101,2.720793,15.192365014821307,0.20562369907407407
2102,2.702275,14.913621649719643,0.2057216087962963
2103,2.702764,14.920916194077094,0.20581926851851853
2104,2.757988,15.768085622831066,0.20591696180555558
2105,2.691527,14.754188373456548,0.20601467361111114
2106,2.676096,14.52826409443372,0.2061123703703704
2107,2.717568,15.143448557832206,0.20621021990740743
2108,2.704606,14.94842585032171,0.2063082638888889
2109,2.664462,14.360221668126549,0.20640612731481484
2110,2.705685,14.964563906729921,0.20650399074074077
2111,2.70738,14.989950351485772,0.20660159953703708
2112,2.700778,14.891312660554622,0.20669921643518524
2113,2.706468,14.976285748771176,0.20679679745370375
2114,2.69618,14.822999577074281,0.20689449884259264
2115,2.684699,14.65378992560448,0.2069921145833334
2116,2.712413,15.065584946404092,0.20708979282407414
2117,2.715527,15.11257229926592,0.20718741550925932
2118,2.71254,15.06749839719384,0.20728510879629636
2119,2.693597,14.784761175322757,0.20738282986111117
2120,2.67695,14.540676531326541,0.20748058796296304
2121,2.671024,14.454763294543675,0.20757830555555562
2122,2.69497,14.805074594387545,0.20767616782407414
2123,2.723752,15.237385798300359,0.20777371296296301
2124,2.7255,15.264044041192207,0.2078711168981482
2125,2.722338,15.215855360388488,0.20796893518518522
2126,2.667075,14.397793994211469,0.20806668634259262
2127,2.70572,14.96508767563256,0.20816428935185188
2128,2.711109,15.045952226949046,0.2082619155092593
2129,2.706689,14.979595873676981,0.2083593206018519
2130,2.706834,14.981768072559282,0.20845641203703708
2131,2.710805,15.04137895264497,0.20855429513888893
2132,2.693721,14.786594599378438,0.20865177893518522
2133,2.693311,14.780533338236136,0.20874925000000003
2134,2.663733,14.349756881408698,0.20884693171296298
2135,2.693418,14.782114939917506,0.2089444976851852
2136,2.695125,14.807369558804822,0.20904212037037037
2137,2.740671,15.497380350557336,0.20913970138888888
2138,2.713115,15.076164700095536,0.20923741203703702
2139,2.684448,14.650112285896244,0.20933515277777776
2140,2.711357,15.049684085832704,0.2094331284722222
2141,2.724079,15.242369238204422,0.20953187152777775
2142,2.699575,14.873409182525178,0.209629630787037
2143,2.702107,14.911116371731726,0.20972737037037034
2144,2.721124,15.197394519978397,0.20982502662037034
2145,2.690385,14.737348707613402,0.20992268981481477
2146,2.677522,14.548996177494427,0.2100211481481481
2147,2.718833,15.162617141831074,0.21011875231481475
2148,2.704284,14.943613232071026,0.21021634490740734
2149,2.715467,15.111665572130052,0.21031392939814808
2150,2.668278,14.415124962874025,0.2104115925925925
2151,2.67611,14.52846749155482,0.21050922337962955
2152,2.675962,14.526317437473999,0.21060739004629622
2153,2.659849,14.29413052200034,0.2107049328703703
2154,2.69549,14.812775235169706,0.21080262731481472
2155,2.712841,15.072034396845094,0.21090025115740732
2156,2.726001,15.27169324322196,0.2109977951388888
2157,2.669469,14.432303604555297,0.21109531944444437
2158,2.670278,14.443984062279483,0.21119294212962955
2159,2.671043,14.455037937655373,0.21129067129629622
2160,2.673135,14.485309530066395,0.21138859490740733
2161,2.680761,14.596196776217367,0.21148622222222213
2162,2.693652,14.785574359549763,0.2115837789351851
2163,2.709979,15.028959903403525,0.21168151620370362
2164,2.692117,14.762895913068487,0.2117790289351851
2165,2.691677,14.756401667705488,0.211876480324074
2166,2.699493,14.872189612975246,0.21197402546296287
2167,2.708045,14.999921983669731,0.21207176157407398
2168,2.680445,14.591585106718242,0.2121694849537036
2169,2.681304,14.6041246632934,0.21226712731481473
2170,2.691151,14.748641841441497,0.21236475578703695
2171,2.694337,14.795705947658812,0.21246221180555547
2172,2.692917,14.774710955185652,0.2125598912037036
2173,2.677271,14.545344837716188,0.21265783333333324
2174,2.727744,15.298335016105044,0.21275582986111102
2175,2.681488,14.606812069465231,0.21285570601851844
2176,2.666843,14.39445409344828,0.21295360995370363
2177,2.708865,15.012226964048809,0.2130513715277777
2178,2.662748,14.335629329841899,0.21314930208333324
2179,2.689276,14.72101404714003,0.21324701851851843
2180,2.675124,14.514149482546578,0.21334478935185178
2181,2.692969,14.775479260131078,0.21344278009259252
2182,2.713326,15.079346106473821,0.21354082754629622
2183,2.673571,14.491626502021324,0.2136386863425925
2184,2.661072,14.311622938060841,0.21373659490740732
2185,2.701168,14.897121405123801,0.21383440856481473
2186,2.677378,14.546901272881618,0.21393211342592583
2187,2.69973,14.875714739624533,0.21402989351851842
2188,2.684856,14.656090751232881,0.21412770486111102
2189,2.696115,14.822036113414677,0.2142256585648147
2190,2.682532,14.622069544281805,0.21432355671296285
2191,2.699739,14.875848621659657,0.21442151157407396
2192,2.671932,14.467894180135016,0.21451993287037027
2193,2.679137,14.572511790067061,0.21461806828703694
2194,2.675757,14.523339847612702,0.2147158414351851
2195,2.714908,15.103220511689534,0.21481353472222214
2196,2.685932,14.671869192160106,0.21491136458333326
2197,2.699425,14.87117833846529,0.21500892708333327
2198,2.687261,14.69138106908681,0.21510653703703697
2199,2.741195,15.50550310583705,0.2152046342592592
2200,2.690048,14.732383057857914,0.21530241550925922
2201,2.692732,14.771977886475591,0.21540024537037034
2202,2.708383,15.004992814222302,0.21549795023148144
2203,2.702534,14.91748477798043,0.21559560532407404
2204,2.708919,15.013037646193087,0.21569328124999998
2205,2.683018,14.629177597197277,0.2157909097222222
2206,2.704911,14.952985815565409,0.21588859027777776
2207,2.692737,14.772051746549677,0.21598614699074073
2208,2.714632,15.099052598026852,0.21608390046296294
2209,2.66865,14.420488386895231,0.2161814699074074
2210,2.713543,15.082618679640275,0.21627924652777775
2211,2.703463,14.931349560533517,0.21637694907407404
2212,2.674839,14.510013539343957,0.2164748032407407
2213,2.670811,14.451684757837736,0.21657282407407402
2214,2.71496,15.104005899576052,0.216670849537037
2215,2.711818,15.056623589629,0.21676875925925923
2216,2.740982,15.50220078538512,0.2168665358796296
2217,2.688242,14.705800385433868,0.21696421412037034
2218,2.706797,14.981213757395487,0.21706191782407405
2219,2.72192,15.209496461950204,0.2171597222222222
2220,2.716077,15.120886500226195,0.21725758680555554
2221,2.70654,14.97736408016455,0.21735552083333332
2222,2.70447,14.946393002642845,0.21745355787037035
2223,2.715963,15.119162817416957,0.21755153124999999
2224,2.70548,14.961496485550459,0.21764910300925924
2225,2.675758,14.523354370959813,0.21774675810185184
2226,2.695941,14.819457303493914,0.21784459143518517
2227,2.694451,14.797392754282995,0.21794239814814814
2228,2.679778,14.581855764548381,0.2180400335648148
2229,2.692166,14.76361931269137,0.21813766898148146
2230,2.7087,15.009750150942441,0.21823621180555552
2231,2.676284,14.530995664843047,0.21833403124999998
2232,2.682413,14.62032962153349,0.21843165393518515
2233,2.705757,14.965641394120292,0.2185300706018518
2234,2.686786,14.684404320188039,0.21862781134259254
2235,2.651114,14.169815030241589,0.2187253206018518
2236,2.699738,14.87583374581847,0.2188230219907407
2237,2.652393,14.18794981839015,0.21892052083333327
2238,2.696366,14.82575691141976,0.2190182592592592
2239,2.699437,14.87135679367608,0.2191159143518518
2240,2.691326,14.751223079615503,0.2192134930555555
2241,2.666248,14.385891940755704,0.21931161921296288
2242,2.674145,14.499947083411895,0.21940916087962956
2243,2.682394,14.620051837909633,0.21950673611111104
2244,2.699543,14.87293324104644,0.21960443981481476
2245,2.676047,14.527552226933992,0.21970206365740735
2246,2.691993,14.761065427467718,0.21979966898148143
2247,2.704265,14.943329306116922,0.21989765624999993
2248,2.688772,14.71359652543276,0.2199954351851851
2249,2.684616,14.652573711514236,0.2200927025462962
2250,2.695762,14.816804858037543,0.2201906851851851
2251,2.679776,14.581826600866012,0.22028829166666658
2252,2.713301,15.078969127533416,0.2203859814814814
2253,2.716556,15.12813113981247,0.22048378703703694
2254,2.700192,14.882588907644777,0.22058140277777769
2255,2.705198,14.957277938384642,0.22067910300925916
2256,2.702014,14.909729702390285,0.22077660069444435
2257,2.687431,14.693878816171045,0.2208742314814814
2258,2.7236,15.235069891672374,0.22097197453703693
2259,2.690704,14.742050671774543,0.22106971180555546
2260,2.719903,15.178849825109651,0.221167298611111
2261,2.678886,14.568854548610759,0.2212650150462962
2262,2.693372,14.78143497826951,0.22136452314814806
2263,2.682668,14.624058280970855,0.22146219328703695
2264,2.682379,14.619832538776814,0.2215599039351851
2265,2.709053,15.015049528030751,0.2216576087962962
2266,2.684495,14.650800857354982,0.22175533449074064
2267,2.708837,15.011806627578554,0.22185306944444436
2268,2.702188,14.912324221075078,0.22195069097222214
2269,2.662611,14.33366548315028,0.22204828819444436
2270,2.691238,14.749925029099552,0.22214589930555548
2271,2.679737,14.581257920717912,0.22224361342592586
2272,2.696617,14.829478643462357,0.22234139467592587
2273,2.670632,14.449098137775483,0.22243897569444437
2274,2.723127,15.227865407608416,0.22253679513888883
2275,2.682546,14.62227425468839,0.2226343229166666
2276,2.684052,14.644311989965416,0.22273201736111103
2277,2.67037,14.445312969942027,0.22282966087962955
2278,2.693646,14.785485646369745,0.22292733333333326
2279,2.690904,14.744999376769568,0.22302554629629623
2280,2.67917,14.572992690890956,0.22312325578703696
2281,2.681245,14.603263045356247,0.22322070486111104
2282,2.682704,14.624584756545476,0.22331862962962956
2283,2.690814,14.743672386541114,0.22341620370370363
2284,2.674286,14.50199172009415,0.22351375462962955
2285,2.680631,14.594299393968978,0.22361139120370363
2286,2.666202,14.385230204946474,0.22370921180555547
2287,2.659261,14.28572804382408,0.22380793865740733
2288,2.688336,14.707182795642366,0.22390605555555548
2289,2.677296,14.545708475882588,0.22400359259259253
2290,2.678412,14.56195054793214,0.22410129513888882
2291,2.65526,14.228685036552147,0.22419900231481474
2292,2.681448,14.606227808667748,0.22429666087962954
2293,2.654665,14.220221487111049,0.22439463078703695
2294,2.670516,14.447422139601278,0.22449343287037027
2295,2.685832,14.670402078597787,0.22459118287037028
2296,2.678588,14.5645136767773,0.2246889386574073
2297,2.678313,14.560508986186383,0.22478676851851842
2298,2.632567,13.909429619133839,0.2248843738425925
2299,2.688021,14.702550762645235,0.22498227199074064
2300,2.656235,14.242564769733175,0.22508078472222212
2301,2.662356,14.330010864435764,0.22517871180555546
2302,2.684586,14.65213414089648,0.22527639351851841
2303,2.631338,13.892345430516219,0.22537402777777768
2304,2.672151,14.47106299593313,0.22547179166666656
2305,2.697247,14.838824158535886,0.22556967939814804
2306,2.626215,13.821356937159864,0.22566739930555543
2307,2.668847,14.423329502948194,0.2257650509259258
2308,2.69412,14.79249562780047,0.22586286805555544
2309,2.661247,14.314127691234512,0.225960736111111
2310,2.66867,14.420776799547088,0.22605845949074063
2311,2.678716,14.566378053845517,0.22615597337962953
2312,2.670085,14.441196642350134,0.2262536874999999
2313,2.666652,14.391705015261754,0.2263512777777777
2314,2.684835,14.655782976558752,0.2264491724537036
2315,2.657062,14.25434824259218,0.22654696064814805
2316,2.661242,14.314056120774985,0.22664455324074065
2317,2.686327,14.67766572523092,0.22674229861111103
2318,2.665717,14.37825505990647,0.2268409166666666
2319,2.635537,13.950802032725026,0.2269385775462962
2320,2.656017,14.239460229020603,0.22703618981481472
2321,2.66735,14.401753932026368,0.22713461111111102
2322,2.683129,14.630801526036947,0.2272319999999999
2323,2.648478,14.132512584045609,0.22732963657407398
2324,2.684304,14.648002821612145,0.2274274062499999
2325,2.666406,14.388165091256502,0.22752532175925916
2326,2.645844,14.095336528258521,0.22762300810185174
2327,2.666479,14.389215465646362,0.22772086342592582
2328,2.65089,14.166641347140589,0.2278192962962962
2329,2.650957,14.167590543908585,0.22791697800925914
2330,2.660825,14.308088403728101,0.22801473379629617
2331,2.633026,13.915815512779501,0.22811246874999988
2332,2.668154,14.41333759819753,0.22821020833333322
2333,2.670088,14.441239966005046,0.22830805902777768
2334,2.663572,14.34744675652083,0.22840585300925917
2335,2.656696,14.249132105746666,0.22850366550925916
2336,2.633116,13.91706799253639,0.22860141898148137
2337,2.631925,13.9005026311881,0.22869897800925915
2338,2.669424,14.431654165505579,0.22879669560185173
2339,2.64488,14.081755171111187,0.2288945810185184
2340,2.654241,14.214193391247143,0.22899231134259246
2341,2.664713,14.36382653615726,0.2290902546296295
2342,2.675304,14.516762264596771,0.2291883159722221
2343,2.665782,14.379189676860088,0.2292859988425925
2344,2.640955,14.026592609409706,0.22938392939814803
2345,2.666062,14.383216413686458,0.22948184490740728
2346,2.646152,14.099678560547872,0.22957970023148136
2347,2.662132,14.326801301486604,0.22967753935185173
2348,2.649108,14.14141887215974,0.2297772384259258
2349,2.652434,14.188531536257837,0.22987514120370356
2350,2.692438,14.767635563329751,0.22997287499999985
2351,2.635924,13.956202037945308,0.23007067013888874
2352,2.641461,14.033691861229308,0.23016834027777763
2353,2.6446,14.077812831616562,0.23026607870370355
2354,2.641248,14.030703003187547,0.23036382870370356
2355,2.643016,14.055531227780332,0.2304615520833332
2356,2.644227,14.072562786624626,0.23055947337962948
2357,2.674629,14.506966756424097,0.2306572407407406
2358,2.663472,14.346012083580025,0.23075484259259244
2359,2.637336,13.975922114320406,0.23085246759259243
2360,2.662961,14.33868314410883,0.23094989004629612
2361,2.658996,14.28194282745579,0.23104759490740723
2362,2.635219,13.946366382984312,0.23114528819444427
2363,2.654687,14.220534335425082,0.23124306828703686
2364,2.658772,14.278744030541066,0.23134067361111094
2365,2.656137,14.241169066776305,0.2314383541666665
2366,2.652333,14.187098566938847,0.23153587268518502
2367,2.670547,14.447870016629661,0.2316335243055554
2368,2.663598,14.34781979498598,0.23173110069444428
2369,2.670814,14.451728112957042,0.23182840972222205
2370,2.626818,13.829693728683004,0.23192616550925907
2371,2.668324,14.415788073873756,0.23202369444444426
2372,2.668546,14.418988734086295,0.2321212037037035
2373,2.628903,13.85855872140534,0.23221896412037019
2374,2.673894,14.496308053411328,0.23231654976851834
2375,2.686182,14.675537617992266,0.2324141840277776
2376,2.670114,14.441615443125345,0.23251186574074056
2377,2.667603,14.40539803673098,0.2326094016203702
2378,2.647426,14.117652998319715,0.23270706828703686
2379,2.646424,14.103514194738947,0.23280459837962944
2380,2.658418,14.27369024972624,0.23290217939814795
2381,2.632829,13.913074367135193,0.23299991087962943
2382,2.65846,14.274289757306294,0.23309761226851833
2383,2.635927,13.956243906614226,0.23319518981481463
2384,2.655221,14.228130128656494,0.2332928090277776
2385,2.641378,14.032527113142539,0.23339039699074057
2386,2.620661,13.744805899741971,0.23348794328703687
2387,2.660655,14.305656235439633,0.2335856666666665
2388,2.6409,14.025821168031019,0.23368354629629612
2389,2.662111,14.326500441818308,0.2337821076388887
2390,2.620202,13.738498481497212,0.23387939120370352
2391,2.660122,14.298033352344948,0.2339770590277776
2392,2.635612,13.951848382115095,0.23407470370370353
2393,2.631234,13.890900701718646,0.2341723692129628
2394,2.666165,14.384697961275455,0.23426973958333316
2395,2.661154,14.312796539258752,0.234366960648148
2396,2.672271,14.472799627688463,0.23446509953703687
2397,2.655012,14.225156760187435,0.23456260763888873
2398,2.658314,14.272205863129704,0.23466009143518501
2399,2.648972,14.139495769967041,0.23475755671296278
2400,2.646945,14.11086404010287,0.23485514236111094
2401,2.644955,14.082811342354946,0.2349541689814813
2402,2.663975,14.353229942797478,0.23505199421296277
2403,2.652677,14.191979768364385,0.23514966550925906
2404,2.641018,14.027476312580456,0.2352471874999998
2405,2.637831,13.982841908274704,0.23534600462962943
2406,2.641099,14.028612584180156,0.23544352546296277
2407,2.647239,14.115013244033747,0.23554145717592573
2408,2.605388,13.536476436819248,0.2356390277777776
2409,2.645158,14.085670443246364,0.23573725231481463
2410,2.680792,14.596649265330974,0.23583503356481464
2411,2.654251,14.214335533891768,0.23593263310185167
2412,2.66101,14.310735644945055,0.23603033217592576
2413,2.658839,14.27970073844047,0.23612784490740724
2414,2.661579,14.318880770595522,0.23622548148148131
2415,2.670298,14.44427294484954,0.23632295254629612
2416,2.632338,13.906244724435417,0.23642167824074056
2417,2.66755,14.404634570867055,0.23651935300925908
2418,2.663531,14.346858523262679,0.23661703703703685
2419,2.636561,13.965094970741866,0.2367147627314813
2420,2.656426,14.24528535941224,0.2368123287037035
2421,2.65206,14.1832260176571,0.23690978703703683
2422,2.666279,14.386337910318359,0.2370073321759257
2423,2.658875,14.280214816920413,0.2371049571759257
2424,2.657203,14.256358247396395,0.23720269444444422
2425,2.64118,14.029748947821577,0.23730041782407385
2426,2.639807,14.010499320409439,0.23739813425925904
2427,2.676626,14.535966115259,0.23749572685185164
2428,2.631698,13.897347575203227,0.23759338888888867
2429,2.656445,14.245556022405358,0.23769101388888866
2430,2.639345,14.004027964721683,0.2377886122685183
2431,2.658701,14.277730275703625,0.23788626388888867
2432,2.634752,13.939854950421301,0.2379840509259257
2433,2.658518,14.27511769012204,0.23808167129629607
2434,2.645165,14.085769043284568,0.23817934953703682
2435,2.622498,13.77007831378514,0.238276972222222
2436,2.640693,14.022918123524715,0.23837460300925903
2437,2.651507,14.175384861948714,0.23847370023148126
2438,2.665478,14.37481906756459,0.2385712870370368
2439,2.641795,14.03837989716938,0.23866883796296273
2440,2.642202,14.044094680667083,0.23876650810185163
2441,2.605679,13.540416124659139,0.23886432060185162
2442,2.627432,13.838187768035647,0.23896185185185162
2443,2.609804,13.596385699057471,0.23905938425925902
2444,2.605297,13.53524467350958,0.23915722685185162
2445,2.654726,14.221088947079023,0.23925493287037014
2446,2.633528,13.922803005880944,0.23935275925925903
2447,2.615957,13.68030216451761,0.23945073263888866
2448,2.639915,14.012012536048216,0.23954854166666645
2449,2.639147,14.001255441673505,0.23964628240740718
2450,2.637728,13.981401749727594,0.2397438310185183
2451,2.644215,14.072393916884408,0.23984177893518496
2452,2.634811,13.940677426126168,0.23993974768518497
2453,2.639963,14.012685128792045,0.24003784722222202
2454,2.631648,13.896652725195862,0.24013599884259237
2455,2.630845,13.8854981922019,0.24023401157407387
2456,2.649828,14.151604360083333,0.24033185416666647
2457,2.641703,14.037088425627442,0.2404295775462961
2458,2.655027,14.225370139139175,0.24052726851851833
2459,2.673522,14.490916429719642,0.24062499074074056
2460,2.637953,13.984547919052057,0.24072275115740724
2461,2.644293,14.073491606419259,0.24082083680555538
2462,2.612067,13.627189160865665,0.24091879745370354
2463,2.648976,14.139552328063239,0.24101658217592575
2464,2.642436,14.047381383351572,0.24111421064814798
2465,2.619297,13.726070764761499,0.24121186226851835
2466,2.650459,14.160536840335688,0.24130943749999983
2467,2.647524,14.119036596108739,0.2414071655092591
2468,2.651128,14.170013409040656,0.24150510185185167
2469,2.604588,13.52565158618737,0.2416027638888887
2470,2.664963,14.367417941698292,0.24170037847222203
2471,2.659897,14.294816656732499,0.24179804976851832
2472,2.639121,14.000891413764405,0.24189563425925906
2473,2.60887,13.58369260341296,0.24199341782407388
2474,2.654187,14.213425845527937,0.24209105902777758
2475,2.633148,13.917513345837767,0.2421886585648146
2476,2.617523,13.701742300952501,0.2422866238425924
2477,2.640358,14.018221232726466,0.24238425810185166
2478,2.64274,14.051652436459289,0.24248191319444426
2479,2.641724,14.037383207579577,0.24257946180555537
2480,2.603795,13.514929996151825,0.2426770925925924
2481,2.63025,13.877238778196883,0.24277463425925908
2482,2.666831,14.394281361035556,0.24287231481481464
2483,2.622632,13.771923627912466,0.24296992245370352
2484,2.650132,14.155907101792405,0.24306757523148131
2485,2.628905,13.858586438550496,0.243165153935185
2486,2.642482,14.048027577757567,0.24326273958333317
2487,2.628647,13.855011384451158,0.2433603217592591
2488,2.632501,13.908511627073048,0.24345801273148132
2489,2.636147,13.959314618039548,0.24355571759259242
2490,2.645683,14.093067361750279,0.24365406134259243
2491,2.611228,13.615760744050945,0.2437524803240739
2492,2.641441,14.033411190198802,0.243850060185185
2493,2.61862,13.716781359672177,0.2439476354166665
2494,2.635114,13.944902091390754,0.24404575231481465
2495,2.639762,14.009868862125444,0.24414350347222205
2496,2.648449,14.132102747123335,0.24424119212962947
2497,2.617846,13.70616867853721,0.24434098842592578
2498,2.612092,13.62752984485322,0.24443962731481467
2499,2.649856,14.1520006105529,0.24453818518518503
2500,2.632776,13.912336993734298,0.24463576620370353
2501,2.630175,13.876198024317272,0.24473508217592577
2502,2.626651,13.82738436266774,0.2448340127314813
2503,2.619824,13.733306310453356,0.24493194444444427
2504,2.587879,13.30152911936723,0.24502948379629613
2505,2.639374,14.004434087421412,0.24512782060185168
2506,2.598315,13.441070738972746,0.24522544444444427
2507,2.634431,13.935380975093674,0.24532326620370354
2508,2.648233,14.129050542579915,0.24542092592592576
2509,2.633384,13.920798266592788,0.24551859374999985
2510,2.644605,14.07788322085669,0.2456159907407406
2511,2.594926,13.395596050622053,0.24571368171296282
2512,2.627266,13.835890819518154,0.2458112094907406
2513,2.623129,13.7787699751319,0.2459088518518517
2514,2.606731,13.554668137666726,0.24600642129629616
2515,2.618992,13.72188495154721,0.24610407523148134
2516,2.595797,13.407268697481907,0.24620174305555542
2517,2.630465,13.88022270529486,0.2462993969907406
2518,2.658875,14.280214816920413,0.2463969432870369
2519,2.63546,13.949727862324602,0.24649468518518505
2520,2.639153,14.001339449458179,0.2465923796296295
2521,2.640556,14.020997115333856,0.2466898159722221
2522,2.652332,14.18708437984737,0.24678921759259245
2523,2.623463,13.7833728529414,0.2468867546296295
2524,2.628496,13.852919435678217,0.24698435532407395
2525,2.638151,13.987317133683232,0.24708207523148135
2526,2.635473,13.94990920996557,0.2471796932870369
2527,2.625786,13.815428846700144,0.2472773333333332
2528,2.632273,13.905340847904638,0.24737506134259246
2529,2.600726,13.473516257880515,0.24747271874999988
2530,2.62786,13.844111780048504,0.24757029629629618
2531,2.624896,13.803138585004294,0.2476677719907406
2532,2.63165,13.896680518529104,0.2477654432870369
2533,2.661029,14.311007551505414,0.24786324999999987
2534,2.625743,13.814834796031914,0.24796080902777765
2535,2.625262,13.808191458345824,0.24805844675925912
2536,2.646721,14.107703560544808,0.24815595717592578
2537,2.623912,13.789562976931206,0.2482535844907406
2538,2.621237,13.752725188476422,0.24835121990740724
2539,2.611825,13.623891780087902,0.24844855439814797
2540,2.649777,14.150882646664817,0.24854600231481463
2541,2.633484,13.922190416025762,0.24864348958333315
2542,2.636169,13.959621726339329,0.2487412175925924
2543,2.633942,13.928568239646419,0.24883881712962944
2544,2.624804,13.801868754667566,0.2489365497685183
2545,2.615684,13.676567951769929,0.24903420138888868
2546,2.603883,13.516119362322835,0.24913162037037018
2547,2.621495,13.756273849332615,0.2492291886574072
2548,2.626374,13.823554707630995,0.24932685416666647
2549,2.637503,13.978256288211597,0.24942464930555536
2550,2.633331,13.920060483836076,0.2495225462962961
2551,2.651979,14.182077222876485,0.24962022916666649
2552,2.621334,13.754059267521495,0.24971809837962944
2553,2.632855,13.9134361117714,0.2498158275462961
2554,2.633781,13.92632592067136,0.2499135474537035
2555,2.625072,13.805568151190805,0.25001116666666645
2556,2.648542,14.133417093794993,0.2501087407407405
2557,2.631372,13.89281777829072,0.2502063715277776
2558,2.620359,13.740655595087796,0.25030388078703686
2559,2.601542,13.484515134078128,0.2504014965277776
2560,2.623198,13.779720743061299,0.2504990277777776
2561,2.619585,13.730024442444005,0.2505965578703702
2562,2.606905,13.557026855125146,0.2506941469907406
2563,2.597999,13.43682403163433,0.2507916504629628
2564,2.641069,14.02819173211544,0.250889210648148
2565,2.618407,13.713859996378803,0.2509868761574073
2566,2.639986,14.013007424256392,0.251084741898148
2567,2.624694,13.800350632602793,0.25118278472222205
2568,2.623291,13.781002316682654,0.2512804965277776
2569,2.634739,13.939673733484858,0.25137828587962946
2570,2.611378,13.617803261347522,0.2514761145833332
2571,2.625471,13.811077671959433,0.25157365509259244
2572,2.629747,13.870260282330293,0.2516720891203702
2573,2.624236,13.79403151920049,0.25177020601851835
2574,2.612204,13.629056213670902,0.2518682152777776
2575,2.608912,13.584263130483288,0.251965940972222
2576,2.60327,13.50783652010424,0.2520637488425924
2577,2.617328,13.699070721691262,0.2521614537037035
2578,2.610752,13.609281184194366,0.2522595937499998
2579,2.622123,13.764915502505087,0.2523581053240739
2580,2.597941,13.436044718440796,0.25245619675925907
2581,2.621121,13.751129964879318,0.25255483101851833
2582,2.618396,13.713709144748531,0.25265269675925905
2583,2.630095,13.875087972877974,0.2527504282407405
2584,2.634248,13.932831033701982,0.2528481041666664
2585,2.636281,13.961185291530692,0.2529476666666664
2586,2.613845,13.651439855672756,0.25304615740740716
2587,2.591669,13.352037567780354,0.2531446365740738
2588,2.635188,13.945934052327596,0.25324231597222197
2589,2.596124,13.41165359123704,0.2533397372685183
2590,2.636169,13.959621726339329,0.2534372673611109
2591,2.617447,13.70070100810726,0.2535345902777775
2592,2.612734,13.636281528003313,0.253632222222222
2593,2.643297,14.059481387026722,0.2537305879629627
2594,2.617626,13.703153653092889,0.2538280729166664
2595,2.64176,14.037888562471386,0.25392554398148126
2596,2.612944,13.63914544782525,0.25402306481481457
2597,2.597116,13.424964552744887,0.2541206006944442
2598,2.622474,13.769747835871355,0.2542180416666664
2599,2.606128,13.546497136584128,0.25431614236111083
2600,2.619706,13.73168587591624,0.2544141782407405
2601,2.60435,13.522432864152975,0.2545117152777775
2602,2.623203,13.779789641837265,0.25460919675925897
2603,2.602355,13.495482502513317,0.2547067731481479
2604,2.622045,13.763841880967671,0.2548044930555553
2605,2.608979,13.585173306603592,0.2549022141203701
2606,2.592945,13.369085642075135,0.25500020023148123
2607,2.64135,14.032134207884072,0.25509808333333306
2608,2.613931,13.652613929984815,0.2551958611111108
2609,2.627161,13.834438127249783,0.25529353587962933
2610,2.596087,13.411157369234324,0.2553931284722219
2611,2.603735,13.514119124678444,0.2554910648148145
2612,2.626967,13.831754506572718,0.2555888483796293
2613,2.626654,13.82742584488305,0.25568686921296263
2614,2.595738,13.406477691963644,0.25578476273148115
2615,2.636414,13.96304225265964,0.25588250115740707
2616,2.596963,13.4229106902928,0.25598018981481446
2617,2.618162,13.7105005122333,0.2560780532407404
2618,2.645897,14.096083600891774,0.25617588657407375
2619,2.603538,13.511457105428388,0.2562736643518515
2620,2.588658,13.31189504755604,0.2563713217592589
2621,2.596906,13.422145606188558,0.2564693379629626
2622,2.590119,13.331357940401746,0.25656745138888853
2623,2.612478,13.632791086727686,0.25666519097222185
2624,2.65308,14.197700288818485,0.2567628854166663
2625,2.615093,13.668487488122636,0.2568605671296293
2626,2.647047,14.11230342164217,0.2569582557870367
2627,2.629341,13.864630099660088,0.25705591666666633
2628,2.63806,13.986044345736794,0.25715338773148116
2629,2.650651,14.163255924432749,0.2572509224537034
2630,2.622118,13.764846678099632,0.25734849768518486
2631,2.637367,13.976355374621448,0.2574461886574071
2632,2.599257,13.453738193043007,0.25754382060185155
2633,2.613375,13.645025186505928,0.257641384259259
2634,2.561989,12.961572260986129,0.25773900231481456
2635,2.608807,13.582836857735217,0.25783673148148123
2636,2.625228,13.80772198781728,0.2579344490740738
2637,2.609823,13.596644032839917,0.25803218518518495
2638,2.610285,13.602927133667624,0.2581299884259257
2639,2.594256,13.3866240072383,0.2582277974537035
2640,2.574493,13.124661268101447,0.2583255821759257
2641,2.588561,13.31060385636021,0.2584235532407405
2642,2.619772,13.732592197092325,0.2585212569444442
2643,2.623077,13.778053497721764,0.2586188599537035
2644,2.605904,13.543463061054682,0.25871640509259236
2645,2.594116,13.38475001106008,0.25881382870370345
2646,2.616061,13.681724989928362,0.25891148726851826
2647,2.619793,13.73288058455652,0.2590088993055553
2648,2.623483,13.783648523155147,0.25910641782407384
2649,2.591009,13.343228130419732,0.2592040081018516
2650,2.596087,13.411157369234324,0.25930153240740716
2651,2.617644,13.703400312078568,0.25939898495370345
2652,2.60101,13.477343279909162,0.259496415509259
2653,2.593174,13.372147513258039,0.2595939189814812
2654,2.592112,13.357953830778381,0.2596915370370368
2655,2.590923,13.342080662142358,0.2597891377314812
2656,2.580986,13.210156955095194,0.25988662847222194
2657,2.649293,14.144035276661045,0.2599842268518516
2658,2.621302,13.753619144666937,0.26008193865740714
2659,2.6349,13.941918201630784,0.2601797951388886
2660,2.610615,13.607416840382598,0.26027979745370344
2661,2.569211,13.055519571256333,0.26037736226851826
2662,2.626904,13.830883133487346,0.26047478472222196
2663,2.623718,13.786888061188904,0.26057263425925903
2664,2.600378,13.468828289976503,0.26067014699074054
2665,2.633057,13.916246909747013,0.26076758564814795
2666,2.620731,13.745768069830515,0.26086518055555535
2667,2.61389,13.652054184288552,0.2609627615740739
2668,2.604852,13.529222829589513,0.26106016203703686
2669,2.591978,13.35616398488741,0.2611586840277776
2670,2.606855,13.556349020728392,0.26125617245370353
2671,2.613013,13.64008658132988,0.2613537569444443
2672,2.601585,13.48509498069551,0.261451273148148
2673,2.600049,13.464397774328885,0.26155063425925906
2674,2.614753,13.66384099232572,0.26164876620370353
2675,2.610257,13.602546257040174,0.2617462303240739
2676,2.6063,13.548827334482896,0.2618436689814813
2677,2.613735,13.649938279876817,0.26194093981481464
2678,2.604496,13.524407283480244,0.26203854629629614
2679,2.624662,13.799909028448253,0.2621360532407406
2680,2.619609,13.730353966984907,0.262233773148148
2681,2.595518,13.403528591284386,0.26233212037037024
2682,2.611496,13.61941025694323,0.2624299247685184
2683,2.617906,13.706991073329519,0.26252759027777767
2684,2.603422,13.509889867305729,0.2626253680555554
2685,2.616557,13.688512808763273,0.262722991898148
2686,2.630672,13.88309620879221,0.2628205370370369
2687,2.601824,13.488318303567638,0.262918392361111
2688,2.637478,13.977906836172561,0.2630171319444443
2689,2.595086,13.397739517462924,0.26311462731481466
2690,2.582668,13.232395136161061,0.2632122129629628
2691,2.562457,12.967639696473434,0.26330975462962947
2692,2.606381,13.549924833945115,0.26340740856481465
2693,2.610243,13.602355822725622,0.26350494212962944
2694,2.579405,13.18928819804853,0.2636035011574072
2695,2.609566,13.593150144307383,0.2637033229166665
2696,2.627815,13.843488809035353,0.2638030104166665
2697,2.591448,13.349087093517293,0.2639007141203702
2698,2.638449,13.991485975315623,0.26399827083333316
2699,2.600746,13.473785730900397,0.2640961238425924
2700,2.605975,13.544424681069119,0.2641939328703702
2701,2.615453,13.673409029442647,0.26429234259259243
2702,2.595943,13.409226301613364,0.26438986342592574
2703,2.616971,13.694181026306175,0.2644875462962961
2704,2.613701,13.649474189864872,0.26458512847222204
2705,2.603419,13.509849337696922,0.26468278819444424
2706,2.612202,13.62902895558573,0.26478028935185166
2707,2.591022,13.343401593512935,0.2648777974537035
2708,2.588406,13.308540872647843,0.26497532638888865
2709,2.614323,13.657966803740083,0.265072728009259
2710,2.613858,13.651617325544432,0.26517013888888863
2711,2.601548,13.48459604141166,0.2652675694444442
2712,2.590075,13.330771373556935,0.2653650844907405
2713,2.600854,13.475240978341281,0.2654627453703701
2714,2.626274,13.822172421275699,0.26556044212962937
2715,2.611761,13.62301987891511,0.2656579942129627
2716,2.556988,12.896913252719207,0.2657558032407405
2717,2.582529,13.230555961062766,0.2658532870370368
2718,2.613894,13.652108792614507,0.2659510439814813
2719,2.614588,13.661586644550795,0.26604851967592574
2720,2.610571,13.606818127213408,0.2661460127314813
2721,2.610435,13.604967725778252,0.2662436423611109
2722,2.600819,13.474769353160529,0.2663414120370369
2723,2.608616,13.58024278363735,0.2664389895833332
2724,2.587808,13.300584744325462,0.26653653356481466
2725,2.580618,13.205296511712152,0.26663410648148134
2726,2.596624,13.418361094768798,0.266731710648148
2727,2.564589,12.99531619697239,0.26682906134259243
2728,2.580279,13.20082067489189,0.26692903240740723
2729,2.614971,13.666820034365836,0.26702666203703684
2730,2.588857,13.314544378270165,0.267124466435185
2731,2.612302,13.630391926628707,0.26722242592592577
2732,2.613603,13.6481366069369,0.2673204328703702
2733,2.556897,12.895739687011261,0.2674184305555554
2734,2.57894,13.183156604742361,0.2675164305555554
2735,2.577463,13.163699455079378,0.26761426504629615
2736,2.588198,13.305772984016732,0.2677120520833332
2737,2.580923,13.209324741422028,0.26780977893518504
2738,2.584126,13.251702039582018,0.26790761574074057
2739,2.601981,13.490436135786773,0.2680054398148146
2740,2.568616,13.047753847643316,0.26810336921296274
2741,2.564513,12.994328590470943,0.268201503472222
2742,2.622792,13.774127311982959,0.2682993460648146
2743,2.616609,13.689224629936522,0.268397153935185
2744,2.614231,13.656710328592881,0.26849489583333314
2745,2.619236,13.725233499981682,0.26859267939814796
2746,2.628769,13.856701798953253,0.26869059837962944
2747,2.598086,13.437993086178215,0.2687885138888887
2748,2.608231,13.575015396502243,0.2688864386574072
2749,2.61871,13.718015925549182,0.2689840856481479
2750,2.619025,13.722337781222262,0.26908173495370347
2751,2.606915,13.557162426071551,0.26917931018518493
2752,2.571959,13.09144547862699,0.2692770520833331
2753,2.599554,13.457734546715482,0.2693748877314812
2754,2.576552,13.151712785632736,0.2694725868055553
2755,2.638326,13.989765128374916,0.26957034027777754
2756,2.613405,13.645434543401848,0.2696679710648146
2757,2.582895,13.235399230808815,0.2697667650462961
2758,2.637243,13.974622414000775,0.26986444907407386
2759,2.599273,13.453953454576183,0.26996221759259237
2760,2.59917,13.452567768734406,0.27005989004629605
2761,2.586528,13.283570887044345,0.2701576273148146
2762,2.606803,13.555644108907185,0.2702554976851849
2763,2.599401,13.455675670837854,0.2703530567129627
2764,2.609499,13.592239433756859,0.2704507291666664
2765,2.597755,13.433545846525455,0.2705483124999997
2766,2.57869,13.179861227530493,0.27064584953703674
2767,2.569192,13.055271518740987,0.27074347337962934
2768,2.62437,13.79588004327241,0.2708412199074071
2769,2.596063,13.410835505319847,0.2709398009259256
2770,2.617599,13.702783672939008,0.27103736689814784
2771,2.571465,13.084979901689536,0.2711348773148145
2772,2.596869,13.42164899598847,0.27123265277777747
2773,2.601885,13.489141116079677,0.2713303206018515
2774,2.604603,13.525854472482806,0.27142791782407377
2775,2.595487,13.403113088338381,0.2715256111111108
2776,2.574349,13.1227714529488,0.2716232175925923
2777,2.595542,13.403850279830822,0.2717207777777775
2778,2.608772,13.582361466764587,0.27181827083333304
2779,2.586021,13.276837823580431,0.2719157013888886
2780,2.610115,13.600614832606057,0.27201324768518487
2781,2.59647,13.416294826266965,0.2721109884259256
2782,2.59512,13.398195048350502,0.27220872106481453
2783,2.606657,13.553665129336302,0.27230734837962933
2784,2.611094,13.61393635434808,0.2724068541666664
2785,2.557426,12.902563338002247,0.2725045104166664
2786,2.606429,13.550575245946908,0.2726021643518516
2787,2.614217,13.656519135986631,0.27269984953703674
2788,2.610723,13.60888652076267,0.2727974884259256
2789,2.58772,13.299414344366317,0.27289498379629595
2790,2.579401,13.18923544100125,0.27299228009259224
2791,2.606137,13.54661905560699,0.2730898506944441
2792,2.606421,13.55046684177856,0.27318761342592557
2793,2.608124,13.573562947562223,0.27328529513888855
2794,2.575185,13.133746676887856,0.27338282754629595
2795,2.571219,13.08176139252658,0.27348045601851817
2796,2.604049,13.518363224372374,0.2735785532407404
2797,2.601591,13.485175891508126,0.2736773182870367
2798,2.589428,13.322149154067024,0.27377498842592557
2799,2.610894,13.611213839337788,0.2738727268518515
2800,2.585577,13.270944216064446,0.27397037731481444
2801,2.591088,13.344282287080674,0.27407069097222186
2802,2.603129,13.505932049423242,0.2741685706018515
2803,2.591876,13.354801725637353,0.27426614120370335
2804,2.587893,13.301715342078458,0.27436385879629593
2805,2.622425,13.769073134757708,0.2744614502314811
2806,2.561054,12.949458854821975,0.2745589039351848
2807,2.604175,13.520066645451923,0.2746564166666663
2808,2.590305,13.333837803598787,0.2747539537037033
2809,2.552804,12.843065296149499,0.27485147800925885
2810,2.584812,13.260795825993284,0.2749491053240737
2811,2.592526,13.36348516857224,0.2750467210648144
2812,2.615168,13.669512663127831,0.2751443587962959
2813,2.594514,13.390078201804107,0.27524144791666627
2814,2.593507,13.376601179874289,0.2753390162037033
2815,2.586436,13.282348854737085,0.2754364398148144
2816,2.621449,13.755641075289464,0.27553385995370333
2817,2.587081,13.2909187332371,0.2756313287037033
2818,2.603293,13.508147203917048,0.2757289189814811
2819,2.616342,13.685570094862472,0.2758265763888885
2820,2.626534,13.825766653335151,0.2759241226851848
2821,2.57911,13.18539793187258,0.27602176157407365
2822,2.588673,13.312094727479348,0.27611922916666626
2823,2.593032,13.370248803122768,0.2762168148148144
2824,2.558431,12.915536932296103,0.2763144004629626
2825,2.600065,13.464613206416727,0.27641198611111073
2826,2.592013,13.356631458807627,0.2765094976851848
2827,2.585417,13.268821034848907,0.2766069537037033
2828,2.598424,13.442535895532878,0.276704469907407
2829,2.596658,13.418817326801925,0.27680207407407365
2830,2.600253,13.46714479166109,0.2768996099537033
2831,2.603179,13.506607362908408,0.27699721180555514
2832,2.586092,13.277780512530963,0.27709463194444406
2833,2.594834,13.39436371247382,0.2771921863425922
2834,2.594265,13.386744487396523,0.277289782407407
2835,2.548512,12.788060983590565,0.2773874259259255
2836,2.605956,13.544167339444932,0.2774850856481477
2837,2.595446,13.402563571966922,0.2775825532407403
2838,2.616797,13.691798446098089,0.2776802476851848
2839,2.577778,13.167846673560348,0.27777802430555515
2840,2.548803,12.791782850842209,0.277875719907407
2841,2.600595,13.471751342855196,0.2779734027777774
2842,2.581017,13.210566476308351,0.27807116550925887
2843,2.572468,13.098110720535775,0.27816874305555517
2844,2.602626,13.499140273877128,0.27826653935185147
2845,2.591515,13.349981512315248,0.27836519212962924
2846,2.608866,13.583638268751214,0.2784632499999996
2847,2.600621,13.472101612943597,0.2785617222222218
2848,2.587128,13.291543421097611,0.2786595173611107
2849,2.591831,13.354200773081233,0.2787570289351848
2850,2.579905,13.195884491083392,0.2788550312499996
2851,2.579731,13.193588606929659,0.27895262037037
2852,2.580466,13.20328945918223,0.2790502268518515
2853,2.583056,13.23753030163157,0.27914802083333295
2854,2.609641,13.594169668799895,0.27924581944444404
2855,2.601613,13.485472568641175,0.2793436296296292
2856,2.581801,13.220927621463964,0.2794412604166663
2857,2.584544,13.257242408891083,0.27953961342592554
2858,2.601225,13.480241220231761,0.27963698726851816
2859,2.596664,13.418897839947425,0.2797346018518515
2860,2.607437,13.564241112234315,0.2798322534722219
2861,2.579728,13.193549026223204,0.27992986805555525
2862,2.594359,13.388002900522826,0.28002736458333305
2863,2.59809,13.438046838258066,0.28012542476851826
2864,2.583886,13.248522012711009,0.28022367129629605
2865,2.587055,13.290573173842326,0.2803212349537035
2866,2.586008,13.276665225810612,0.2804186157407405
2867,2.574448,13.124070671632902,0.2805160995370368
2868,2.57041,13.071182527287984,0.2806139074074072
2869,2.579348,13.188536430046833,0.28071144444444424
2870,2.569746,13.06250614296824,0.2808093599537035
2871,2.579744,13.193760124696405,0.28090874537037014
2872,2.607878,13.570224261752312,0.2810070462962961
2873,2.60279,13.501354314428411,0.2811044444444442
2874,2.53878,12.664211204624374,0.281202028935185
2875,2.577476,13.163870584284632,0.28129967708333314
2876,2.586159,13.278670153627948,0.28139705324074055
2877,2.585253,13.266645126628537,0.28149521412037015
2878,2.583048,13.237424401812754,0.28159390509259236
2879,2.591274,13.346764554429775,0.28169207523148126
2880,2.569512,13.05944987412819,0.281789722222222
2881,2.563145,12.97656450236579,0.2818873009259257
2882,2.582579,13.23121750539929,0.28198487384259235
2883,2.592491,13.363017454776378,0.2820826006944442
2884,2.606636,13.55338050535715,0.2821809907407405
2885,2.587742,13.299706934700374,0.2822798020833331
2886,2.5775,13.164186520969883,0.28237798842592565
2887,2.595085,13.397726119730109,0.2824753796296294
2888,2.60288,13.50256949099883,0.28257305092592566
2889,2.601951,13.490031428773339,0.2826705439814812
2890,2.601653,13.486011998332446,0.2827680358796294
2891,2.593033,13.37026217337826,0.28286607754629606
2892,2.575111,13.132774815593082,0.28296449652777755
2893,2.588639,13.31164212395292,0.2830622719907405
2894,2.553817,12.856081913097878,0.28316006134259236
2895,2.603955,13.517092557951543,0.28325748263888867
2896,2.585645,13.27184667095426,0.28335496527777754
2897,2.552242,12.835849521275726,0.2834523773148146
2898,2.60393,13.51675463486165,0.2835503576388887
2899,2.57452,13.12501563873967,0.28364850231481464
2900,2.589904,13.328492006543492,0.2837459837962961
2901,2.599272,13.453940000629455,0.28384362847222205
2902,2.542702,12.713977769409677,0.2839412129629628
2903,2.590874,13.341426916206817,0.28403885995370354
2904,2.593819,13.38077533057606,0.2841367581018517
2905,2.583743,13.246627609516247,0.2842341620370369
2906,2.594925,13.395582655032698,0.2843320451388887
2907,2.575938,13.143640112546606,0.28442961342592576
2908,2.573164,13.107230178800604,0.2845274537037035
2909,2.559057,12.92362458958834,0.2846252569444443
2910,2.56744,13.03241870794797,0.28472305092592576
2911,2.589375,13.321443098872487,0.28482061805555536
2912,2.597281,13.42717985465347,0.284918060185185
2913,2.585731,13.272988098848657,0.28501546296296276
2914,2.593865,13.381390860398348,0.2851129386574072
2915,2.582578,13.231204274188398,0.28521039467592574
2916,2.584236,13.253159806982111,0.2853079328703702
2917,2.568617,13.047766895403688,0.2854052858796295
2918,2.576603,13.152383540088897,0.2855029791666665
2919,2.593603,13.37788539522891,0.2856007708333332
2920,2.581187,13.212812463512824,0.285698335648148
2921,2.581213,13.213156001102845,0.28579590624999984
2922,2.565859,13.01183073305327,0.28589348842592577
2923,2.560529,12.942662173208227,0.28599099768518504
2924,2.589571,13.324054357614862,0.28608864930555544
2925,2.596597,13.41799880391019,0.2861861724537036
2926,2.607376,13.563413718762225,0.28628361921296286
2927,2.597233,13.426535365488311,0.286381173611111
2928,2.583848,13.248018578439838,0.28647878124999987
2929,2.558972,12.922526128183492,0.28657640162037024
2930,2.577657,13.16625346050418,0.28667396759259245
2931,2.597993,13.436743410932005,0.28677141898148134
2932,2.567428,13.032262319861807,0.28686881712962947
2933,2.565722,13.01004823434679,0.2869674317129628
2934,2.56869,13.048719417153674,0.2870650740740739
2935,2.584883,13.261737375921559,0.2871626516203702
2936,2.584619,13.258236739358672,0.28726152430555535
2937,2.581083,13.211438402469033,0.2873599189814813
2938,2.57781,13.168268051395911,0.28745756828703684
2939,2.556714,12.893379982568078,0.2875550682870368
2940,2.576625,13.152672895709678,0.28765279166666646
2941,2.549893,12.805733495869937,0.28775049074074055
2942,2.574567,13.125632528971497,0.28784810879629613
2943,2.599865,13.461920553049756,0.2879455787037035
2944,2.602055,13.491434464998548,0.28804380671296276
2945,2.600932,13.476292088130338,0.2881427523148146
2946,2.590698,13.339079031689467,0.288241247685185
2947,2.589744,13.326359618418042,0.2883387442129628
2948,2.561928,12.960781629192724,0.2884361331018517
2949,2.549822,12.804824321067816,0.2885334166666665
2950,2.567993,13.039627628576307,0.2886309201388887
2951,2.587873,13.30144931043194,0.288728935185185
2952,2.590285,13.333571129509469,0.2888268067129628
2953,2.621466,13.755874923175442,0.28892469212962946
2954,2.584031,13.25044318768467,0.28902235185185166
2955,2.583895,13.24864124994569,0.2891199328703702
2956,2.568884,13.051251114287282,0.2892175787037035
2957,2.571776,13.089049963300736,0.2893151921296294
2958,2.563927,12.986716144581417,0.28941478587962943
2959,2.565598,13.008435088382846,0.28951375578703686
2960,2.62155,13.757030465201076,0.2896124490740739
2961,2.568317,13.043853152425864,0.2897100729166665
2962,2.565047,13.001269414973462,0.28980771643518505
2963,2.591604,13.351169713544014,0.2899053807870369
2964,2.529016,12.541159562140637,0.29000323958333324
2965,2.556356,12.888764978669307,0.29010116898148136
2966,2.541344,12.696723905623912,0.29019902893518507
2967,2.572824,13.102774478051868,0.29029656249999986
2968,2.584207,13.252775470920609,0.2903941770833332
2969,2.538801,12.664477155852147,0.2904915995370369
2970,2.56132,12.952903869043935,0.29058924537037023
2971,2.570833,13.076712807068741,0.2906871458333332
2972,2.577394,13.162791191152445,0.2907858425925925
2973,2.600943,13.47644032815863,0.2908845925925925
2974,2.590756,13.339852720710065,0.2909820659722221
2975,2.559922,12.934808361142194,0.29107966898148135
2976,2.554993,12.871209558739888,0.29117719560185173
2977,2.595144,13.398516608890372,0.2912747372685184
2978,2.582701,13.232831812405676,0.2913720324074073
2979,2.594729,13.392957378117856,0.2914703333333332
2980,2.589589,13.324294192751813,0.2915692719907406
2981,2.616893,13.693112921842742,0.2916680451388888
2982,2.570154,13.067836732840963,0.2917654039351851
2983,2.582856,13.234883060304202,0.291862892361111
2984,2.574965,13.130857570432308,0.29196046064814807
2985,2.600172,13.466053997110745,0.2920578981481481
2986,2.55931,12.92689468025853,0.29215640740740734
2987,2.580083,13.198233567584412,0.2922554189814814
2988,2.563108,12.976084378361554,0.2923529259259258
2989,2.566293,13.017479093196904,0.29245061689814805
2990,2.582127,13.22523834647856,0.29254802314814804
2991,2.560392,12.940889149945363,0.29264581365740727
2992,2.55854,12.916944802549255,0.2927432094907406
2993,2.568985,13.052569357219973,0.29284117708333324
2994,2.569894,13.064439536945029,0.29294036342592583
2995,2.592692,13.36570369124251,0.2930381516203703
2996,2.571239,13.082023030370797,0.2931354641203703
2997,2.539245,12.670101432206303,0.29323294097222213
2998,2.582381,13.228597983674426,0.293330486111111
2999,2.575166,13.133497138071622,0.29342799421296284
3000,2.566231,13.016672034512206,0.2935256435185184
3001,2.564549,12.994796394720627,0.29362346180555543
3002,2.555665,12.87986191843061,0.2937209618055554
3003,2.579745,13.19377331846313,0.2938186192129628
3004,2.593409,13.375290337191004,0.2939161817129628
3005,2.585325,13.267600359465629,0.29401387152777764
3006,2.587042,13.290400397514114,0.2941114097222221
3007,2.571996,13.091929871070903,0.2942088726851851
3008,2.549275,12.797821997474296,0.29430649189814806
3009,2.558705,12.919076274283256,0.2944040775462962
3010,2.595185,13.399065959332942,0.2945017627314814
3011,2.580127,13.19881430263746,0.2945992523148147
3012,2.579776,13.194182331775675,0.29469686689814806
3013,2.588236,13.306278612997016,0.2947955381944444
3014,2.579291,13.18778470489469,0.2948931504629629
3015,2.551322,12.824045970182196,0.29499083564814804
3016,2.612856,13.637945255835058,0.2950884097222221
3017,2.575313,13.135427904058742,0.2951859988425925
3018,2.603705,13.513713707186,0.295283449074074
3019,2.548333,12.78577212553341,0.2953809826388888
3020,2.552402,12.837903421506763,0.29547920949074064
3021,2.584035,13.250496189563426,0.29557683912037025
3022,2.59247,13.362736834356355,0.29567457291666654
3023,2.551281,12.823520195075881,0.29577212731481467
3024,2.583941,13.249250701460461,0.295869773148148
3025,2.562125,12.963335154687677,0.29596734722222207
3026,2.546176,12.758222937539276,0.29606493171296283
3027,2.55515,12.873230497280133,0.2961627569444443
3028,2.549954,12.806514669438739,0.2962604699074073
3029,2.567984,13.039510272455754,0.29635797453703694
3030,2.57988,13.195554598094795,0.296455673611111
3031,2.585779,13.27362521756813,0.2965541458333332
3032,2.589733,13.326213029268478,0.2966521400462962
3033,2.56771,13.035937936073534,0.2967500636574073
3034,2.583723,13.246362679613364,0.2968478564814814
3035,2.578455,13.176764324042436,0.29694541782407397
3036,2.568298,13.04360532157037,0.2970430520833332
3037,2.587631,13.298230749160437,0.29714074189814804
3038,2.615574,13.675063612035439,0.2972385138888888
3039,2.552254,12.836003552394164,0.2973364652777777
3040,2.553049,12.846212232631034,0.29743436226851844
3041,2.587743,13.299720234413961,0.2975339317129629
3042,2.536248,12.632185982894512,0.29763155324074064
3043,2.568499,13.04622734974501,0.2977291620370369
3044,2.56701,13.026815972577984,0.2978268159722221
3045,2.583989,13.249886680757513,0.2979244583333332
3046,2.562267,12.965176078982172,0.2980221932870369
3047,2.544832,12.741087403569429,0.2981200740740739
3048,2.546424,12.761387369201094,0.2982179756944443
3049,2.548717,12.790682804819694,0.2983157858796295
3050,2.564689,12.996615793570836,0.29841340393518506
3051,2.53593,12.62816958639284,0.2985111273148147
3052,2.55526,12.874646630520736,0.29860869212962954
3053,2.58719,13.292367522336596,0.2987064907407406
3054,2.560383,12.940772682467118,0.29880422685185176
3055,2.584462,13.256155359583179,0.2989020451388888
3056,2.579768,13.194076778739236,0.29899970601851844
3057,2.595553,13.40399772299484,0.29909726041666657
3058,2.586256,13.279958247104377,0.2991948715277777
3059,2.573515,13.111831624099775,0.2992924027777777
3060,2.58936,13.321243278724662,0.2993900949074073
3061,2.564436,12.993328065690179,0.29948769907407397
3062,2.571593,13.086654886313683,0.29958524305555545
3063,2.582639,13.23201140226628,0.29968294675925916
3064,2.586477,13.282893442204095,0.29978058333333324
3065,2.550891,12.818519997301747,0.29987812615740733
3066,2.56323,12.977667557227656,0.29997565624999994
3067,2.555403,12.876487836632,0.3000731168981481
3068,2.535808,12.626629043678316,0.30017066782407403
3069,2.589897,13.328398707425993,0.3002681168981481
3070,2.590018,13.330011541244069,0.3003657604166666
3071,2.557055,12.89777737485491,0.3004632581018518
3072,2.565565,13.008005817107943,0.3005609594907407
3073,2.578595,13.178609200186118,0.3006586157407407
3074,2.565347,13.00517038091359,0.3007560439814814
3075,2.556877,12.89548177479665,0.3008534907407407
3076,2.565978,13.013379233044422,0.3009512534722222
3077,2.588629,13.311509008197259,0.30104870601851846
3078,2.562039,12.962220355801412,0.3011461377314814
3079,2.568214,13.042509704739912,0.3012437152777777
3080,2.551065,12.820750613839287,0.30134112499999993
3081,2.572517,13.098752543685617,0.30143858564814807
3082,2.564932,12.999774354958344,0.30153617708333325
3083,2.552455,12.83858384841926,0.301633480324074
3084,2.572978,13.10479246070216,0.3017309953703703
3085,2.573602,13.11297240307424,0.301828480324074
3086,2.531812,12.57627371098072,0.30192588773148143
3087,2.580142,13.199012286336874,0.30202353935185183
3088,2.575558,13.138646478154465,0.30212121875
3089,2.568504,13.046292581044835,0.30221876388888885
3090,2.556349,12.888674757630229,0.3023162754629629
3091,2.558082,12.911030196377894,0.3024138483796296
3092,2.582715,13.233017073347868,0.30251153240740736
3093,2.583595,13.244667253699944,0.30260901851851846
3094,2.571928,13.091039650107529,0.30270673379629626
3095,2.558774,12.919967721300754,0.30280434375
3096,2.552511,12.839302829246044,0.30290191898148144
3097,2.568972,13.052399674921265,0.302999630787037
3098,2.548715,12.790657223479666,0.3030971967592592
3099,2.566801,13.024093652532072,0.3031947395833333
3100,2.524012,12.478560353535327,0.3032922048611111
3101,2.557293,12.900847411189956,0.3033910335648148
3102,2.540162,12.681725243922779,0.30348860185185184
3103,2.563542,12.981717221220245,0.3035863275462963
3104,2.555697,12.88027408060656,0.303683880787037
3105,2.570889,13.077445123490609,0.3037816458333333
3106,2.546175,12.758210179322717,0.30387961226851845
3107,2.532612,12.58633875543048,0.303976980324074
3108,2.55953,12.929738909941982,0.30407551967592583
3109,2.572502,13.098556063871065,0.30417304976851844
3110,2.562719,12.97103766318811,0.30427039236111103
3111,2.546244,12.759090526196712,0.30436808333333326
3112,2.555837,12.882077445210422,0.30446569560185177
3113,2.572212,13.094758033353584,0.30456325115740734
3114,2.565368,13.005443492359248,0.30466063773148144
3115,2.556172,12.886393664080865,0.30475788773148144
3116,2.591874,13.354775016060607,0.30485528240740734
3117,2.5607,12.944875557678829,0.3049527638888888
3118,2.587574,13.2974727716103,0.30505022453703695
3119,2.553695,12.85451356677555,0.3051484212962962
3120,2.561539,12.955740865631041,0.305245917824074
3121,2.56841,13.045066287178933,0.3053435937499999
3122,2.586021,13.276837823580431,0.3054411377314814
3123,2.550723,12.816366666827026,0.30553871296296287
3124,2.571008,13.079001432058824,0.30563628472222215
3125,2.54335,12.722219096905988,0.30573386342592584
3126,2.55689,12.895649417149396,0.30583133796296286
3127,2.558952,12.922267680245419,0.30592868171296284
3128,2.56877,13.049763356464062,0.30602795370370356
3129,2.546477,12.762063740655345,0.3061255416666665
3130,2.540197,12.682169112073964,0.30622331944444425
3131,2.557344,12.901505371185765,0.3063211307870368
3132,2.559531,12.929751839687352,0.30641918634259235
3133,2.573608,13.113051081144691,0.3065170439814812
3134,2.56898,13.05250409453634,0.3066148645833331
3135,2.563262,12.978082849234125,0.3067124247685183
3136,2.544394,12.735508029258837,0.3068101134259257
3137,2.55972,12.932195793731438,0.3069079756944442
3138,2.548227,12.78441690551603,0.30700576388888867
3139,2.556168,12.886342118609297,0.30710355555555535
3140,2.559445,12.928639928841996,0.30720117361111093
3141,2.548256,12.78478765898219,0.30729859374999985
3142,2.553972,12.858074760236072,0.3073960752314813
3143,2.551688,12.828740430041034,0.30749368749999983
3144,2.555387,12.876281814474796,0.30759117824074056
3145,2.566678,13.022491787529528,0.3076887129629628
3146,2.548806,12.791821226248324,0.30778617824074056
3147,2.568381,13.044687985742002,0.307883747685185
3148,2.579125,13.18559571432492,0.30798131828703684
3149,2.555433,12.876874137061574,0.30807894212962944
3150,2.557277,12.900640999282677,0.30817654861111093
3151,2.570977,13.078595989298828,0.3082742916666665
3152,2.555498,12.877711161083472,0.30837195833333314
3153,2.549293,12.798052360343508,0.3084699027777776
3154,2.564936,12.999826354159758,0.3085674224537035
3155,2.571368,13.083710720195372,0.308664940972222
3156,2.533968,12.603417407492019,0.30876242476851834
3157,2.554204,12.861058179643715,0.30886008217592575
3158,2.533237,12.594207675934136,0.30895796064814796
3159,2.562006,12.96179260958752,0.3090555416666665
3160,2.53692,12.640677664760561,0.3091531087962961
3161,2.551679,12.828624971896726,0.3092505312499998
3162,2.553752,12.855246294931408,0.3093480219907405
3163,2.547657,12.777131864313874,0.30944536805555534
3164,2.54773,12.778064628985465,0.30954302430555536
3165,2.541035,12.692801224022592,0.30964064236111094
3166,2.575779,13.141550439902089,0.30973811226851833
3167,2.559442,12.928601142980389,0.3098357361111109
3168,2.548285,12.785158423200356,0.30993345601851835
3169,2.556971,12.896694007057503,0.3100308703703702
3170,2.552331,12.83699196272101,0.31012872222222204
3171,2.561966,12.961274148252436,0.3102263865740739
3172,2.536041,12.629571391015647,0.3103238807870369
3173,2.552633,12.840869319745194,0.3104215277777776
3174,2.532651,12.586829632213979,0.31051889467592575
3175,2.569885,13.064321957518306,0.31061614930555537
3176,2.54937,12.799037848316056,0.3107141967592591
3177,2.578773,13.180955201411667,0.31081288888888875
3178,2.559483,12.929131226493888,0.3109108217592591
3179,2.535077,12.617402350614565,0.3110081643518517
3180,2.552135,12.834476158853144,0.3111056018518517
3181,2.537022,12.64196707964141,0.31120317708333317
3182,2.558941,12.922125536082728,0.3113011562499998
3183,2.556477,12.890324613587737,0.3113997488425924
3184,2.584504,13.256712129800375,0.311498403935185
3185,2.529574,12.548159481972322,0.3115958333333332
3186,2.552078,12.8337446145613,0.31169359374999983
3187,2.532634,12.586615657929016,0.3117912291666665
3188,2.577116,13.159132443790755,0.3118886643518517
3189,2.55145,12.825687553125448,0.31198710416666653
3190,2.570653,13.074359210593508,0.3120860902777776
3191,2.586277,13.280237129155815,0.3121856018518517
3192,2.559088,12.924025228160481,0.3122842673611109
3193,2.570308,13.06984933466418,0.3123817812499998
3194,2.559443,12.928614071587992,0.3124794062499998
3195,2.564433,12.993289085764452,0.3125768287037035
3196,2.537192,12.644116396731727,0.3126754085648146
3197,2.574551,13.125422520531107,0.31277317939814797
3198,2.546227,12.758873623501442,0.31287121990740724
3199,2.602146,13.49266224139784,0.3129685532407406
3200,2.529593,12.548397899267435,0.3130662430555554
3201,2.561497,12.955196735941493,0.31316716782407394
3202,2.528285,12.531995324437677,0.31326650810185175
3203,2.525854,12.501567044363718,0.3133647696759258
3204,2.544458,12.736323127855588,0.3134631307870369
3205,2.556279,12.887772581973712,0.3135607337962962
3206,2.555089,12.87244525416996,0.3136582013888888
3207,2.53968,12.675614125253123,0.3137564988425925
3208,2.567132,13.028405341076148,0.3138541284722221
3209,2.561178,12.951064687279526,0.31395162384259245
3210,2.538956,12.6664403019512,0.3140491631944443
3211,2.532306,12.58248792497843,0.31414673263888876
3212,2.539009,12.66711164107753,0.3142443807870369
3213,2.558309,12.913961332903877,0.31434196874999987
3214,2.536289,12.632703913137307,0.31443955324074063
3215,2.566943,13.025943205145863,0.314536986111111
3216,2.550428,12.812586396277633,0.3146362962962962
3217,2.521235,12.443955462563299,0.31473385185185176
3218,2.568971,13.052386622528115,0.3148313738425925
3219,2.558537,12.916906051772973,0.3149288854166666
3220,2.549444,12.799985012161457,0.31502653472222214
3221,2.566323,13.017869623427627,0.3151239872685184
3222,2.577274,13.161211750977815,0.3152215497685184
3223,2.53557,12.623624263548939,0.31531939930555547
3224,2.561445,12.954523083226345,0.3154169629629629
3225,2.571285,13.08262481727119,0.31551451967592586
3226,2.571759,13.08882745134272,0.31561215509259255
3227,2.550376,12.811920159107341,0.3157096493055555
3228,2.562862,12.972892654202642,0.3158072048611111
3229,2.541577,12.699682586966915,0.3159049606481481
3230,2.550668,12.815661786044748,0.31600251504629623
3231,2.519787,12.425949654404686,0.3161001192129629
3232,2.553767,12.85543912507206,0.3161975462962962
3233,2.557583,12.90458919947228,0.3162951087962962
3234,2.54952,12.800957847989675,0.3163928761574073
3235,2.593778,13.380226730033895,0.316490449074074
3236,2.532458,12.584400608503291,0.31658798263888877
3237,2.571383,13.083906977328098,0.3166855694444443
3238,2.577366,13.16242263815886,0.3167832569444443
3239,2.556142,12.88600707806976,0.3168810243055554
3240,2.577435,13.16333087665476,0.31697877430555543
3241,2.562227,12.964657482311019,0.3170764224537036
3242,2.528306,12.532258499102817,0.31717417013888877
3243,2.545381,12.748084180993654,0.3172719999999999
3244,2.557603,12.9048472938372,0.3173698634259258
3245,2.561725,12.958150857554353,0.3174679386574073
3246,2.547364,12.773388713076065,0.3175658807870369
3247,2.560095,12.937046276562777,0.3176638564814813
3248,2.549989,12.80696290529625,0.31776155902777764
3249,2.545551,12.750251539524681,0.3178591446759258
3250,2.536922,12.640702946141177,0.3179567280092591
3251,2.550811,12.817494556720131,0.3180543136574073
3252,2.516397,12.383897004590454,0.3181522581018517
3253,2.547756,12.778396862984843,0.31824999652777763
3254,2.550732,12.816482014646091,0.3183476782407406
3255,2.531473,12.572011076750023,0.31844539930555543
3256,2.548679,12.790196768107867,0.31854302893518505
3257,2.582797,13.234102225238502,0.31864071643518505
3258,2.563187,12.97710952952038,0.31873823495370357
3259,2.55788,12.908422431671324,0.31883605555555544
3260,2.546442,12.761617076241095,0.3189337962962962
3261,2.539897,12.678365031980883,0.31903141319444434
3262,2.585695,13.27251027987789,0.3191291377314814
3263,2.548317,12.78556755481597,0.319226923611111
3264,2.528819,12.538689197045846,0.319324611111111
3265,2.562506,12.968275126386464,0.31942238657407396
3266,2.552417,12.83809599150236,0.319519986111111
3267,2.55251,12.839289989949634,0.31961769675925916
3268,2.543979,12.73022388996144,0.3197151458333332
3269,2.529594,12.548410447671605,0.31981265046296287
3270,2.547348,12.773184340491639,0.3199100439814814
3271,2.551323,12.82405879423458,0.32000769560185177
3272,2.56409,12.98883315184439,0.32010532060185176
3273,2.560865,12.947011638367655,0.3202028900462962
3274,2.544395,12.735520764773236,0.32030055787037026
3275,2.572195,13.094535424359197,0.3203980937499999
3276,2.559975,12.935493924152599,0.3204955729166666
3277,2.583573,13.24437587422555,0.32059421874999994
3278,2.567459,13.032666326255788,0.32069164699074065
3279,2.575596,13.139145756206858,0.32079017476851845
3280,2.512218,12.33225268497396,0.3208880138888888
3281,2.53647,12.634990639488077,0.3209854641203703
3282,2.528801,12.538463502671556,0.32108323611111106
3283,2.549839,12.805042004931584,0.3211807766203703
3284,2.552152,12.83469434680244,0.3212792083333333
3285,2.504827,12.241441013308117,0.32137665393518516
3286,2.578249,13.174050190157072,0.3214739131944444
3287,2.560688,12.94472022010416,0.32157146875
3288,2.542246,12.708181517192772,0.32166903703703703
3289,2.543578,12.725120093561133,0.3217665474537037
3290,2.583141,13.238655539529141,0.32186411111111113
3291,2.556594,12.891832869798794,0.3219615763888889
3292,2.560274,12.939362215116601,0.3220592962962963
3293,2.547352,12.77323543333119,0.3221574386574074
3294,2.541093,12.69353742784329,0.32225475694444444
3295,2.548388,12.78647536233915,0.32235201157407406
3296,2.562769,12.971686231285334,0.3224502210648148
3297,2.530326,12.55759924680949,0.3225475150462963
3298,2.545092,12.744400516980436,0.3226450416666667
3299,2.556997,12.897029325460808,0.32274308796296297
3300,2.568219,13.042574917451464,0.32284248842592594
3301,2.562312,12.965759525033166,0.3229401701388889
3302,2.548898,12.792998127937787,0.32303770601851856
3303,2.546834,12.766620610763677,0.3231372638888889
3304,2.529602,12.54851083535674,0.32323472569444445
3305,2.523962,12.477936441115592,0.32333216319444447
3306,2.511697,12.325829254773955,0.32342989814814815
3307,2.539428,12.67242027293585,0.3235273472222222
3308,2.546907,12.76755260808575,0.32362483564814815
3309,2.513667,12.350135071774902,0.3237247060185185
3310,2.568523,13.046540462958745,0.3238222546296296
3311,2.529999,12.553493583168374,0.32391978356481477
3312,2.545078,12.744222096622146,0.32401715972222217
3313,2.553531,12.852405599408648,0.32411464583333327
3314,2.534559,12.610868228680634,0.32421242245370363
3315,2.574491,13.124635018805163,0.3243098993055555
3316,2.531172,12.568227470877174,0.32440747453703694
3317,2.521125,12.442586702745588,0.3245050034722221
3318,2.526313,12.507306580759918,0.32460259143518505
3319,2.545627,12.751220595465343,0.3247002013888888
3320,2.568069,13.040618677935477,0.3247978159722221
3321,2.562569,12.969092153455508,0.32489529398148137
3322,2.577317,13.16177769525082,0.3249928483796295
3323,2.569936,13.06498825492858,0.3250903842592591
3324,2.540081,12.680698065779294,0.32518793749999986
3325,2.549425,12.79974181475661,0.32528531365740726
3326,2.542763,12.714753345708449,0.3253829432870369
3327,2.49942,12.17543016290565,0.32548043749999983
3328,2.56197,12.96132599345272,0.3255780555555554
3329,2.55661,12.892039140774873,0.32567560648148136
3330,2.543118,12.71926788442939,0.3257731458333332
3331,2.554267,12.861868451832338,0.3258707407407406
3332,2.53358,12.598528230099662,0.3259683645833332
3333,2.549302,12.798167543333074,0.32606588425925914
3334,2.54402,12.730745839840827,0.326163267361111
3335,2.55045,12.81286827627902,0.32626077199074066
3336,2.547419,12.77409126877539,0.32635845833333327
3337,2.537468,12.64760665449064,0.32645601967592586
3338,2.567317,13.030815819026584,0.3265535879629629
3339,2.569172,13.055010415921647,0.3266512453703703
3340,2.541204,12.694946488699212,0.3267489467592592
3341,2.53729,12.645355580857636,0.3268465717592592
3342,2.542659,12.7134310801195,0.32694431712962957
3343,2.538837,12.664933085236438,0.3270417314814814
3344,2.560199,12.93839179934151,0.3271391608796296
3345,2.55357,12.852906853001409,0.3272375046296296
3346,2.527407,12.520997061486792,0.3273364409722222
3347,2.566227,13.0166199679282,0.32743508912037034
3348,2.511879,12.328072759851095,0.32753244097222217
3349,2.547925,12.780556594546866,0.32763030787037034
3350,2.541266,12.6957335997817,0.32772826388888887
3351,2.572876,13.103455840039981,0.3278260868055555
3352,2.54539,12.748198914267581,0.32792390393518517
3353,2.508577,12.287432597431877,0.3280215648148148
3354,2.555521,12.878007351846358,0.3281191574074074
3355,2.527672,12.52431556539043,0.3282169641203703
3356,2.528249,12.531544180726636,0.32831475462962956
3357,2.533696,12.599989744140526,0.32841259722222216
3358,2.54899,12.794175137907185,0.328511048611111
3359,2.526053,12.50405510375925,0.3286097187499999
3360,2.52694,12.515151120992426,0.32870880787037027
3361,2.56121,12.951479127980535,0.32880688194444435
3362,2.545361,12.747829221859638,0.328904548611111
3363,2.55159,12.827483275080489,0.32900225694444435
3364,2.581203,13.21302387020349,0.3291001099537036
3365,2.538177,12.656576987215857,0.3291977384259258
3366,2.568633,13.047975661344138,0.32929563194444433
3367,2.519568,12.423228669389106,0.3293937685185184
3368,2.508112,12.281720269493249,0.329491542824074
3369,2.561957,12.961157497310031,0.3295892442129629
3370,2.532742,12.587975085827857,0.32968678819444436
3371,2.528604,12.53599366864817,0.32978439351851846
3372,2.536495,12.635306518202531,0.3298833877314814
3373,2.551967,12.832320147968444,0.32998166203703694
3374,2.54482,12.740934511437942,0.3300799999999999
3375,2.54339,12.722727995847773,0.33017762384259247
3376,2.530595,12.560977695387841,0.33027515046296285
3377,2.535163,12.618487493877211,0.3303728622685184
3378,2.569532,13.05971106573758,0.33047041319444437
3379,2.540296,12.683424708967081,0.33056806712962955
3380,2.539339,12.671292477719192,0.3306657812499999
3381,2.546165,12.75808259785883,0.33076503356481474
3382,2.530653,12.561706253222148,0.3308628078703703
3383,2.539634,12.675031060413952,0.3309605358796296
3384,2.528253,12.531594307003607,0.3310590532407407
3385,2.558592,12.917616501143,0.33115662847222216
3386,2.560591,12.94346464313928,0.3312540706018518
3387,2.552412,12.838031801182876,0.3313521909722222
3388,2.567159,13.028757112769256,0.33145026504629627
3389,2.52164,12.448996285223327,0.33154806365740735
3390,2.550094,12.808307707002161,0.33164554513888883
3391,2.527582,12.523188427711505,0.3317451377314814
3392,2.5545,12.864865616337722,0.33184275347222214
3393,2.530552,12.560437584959399,0.3319408877314814
3394,2.539042,12.667529662659001,0.3320393009259258
3395,2.543036,12.718224947223872,0.33213808680555545
3396,2.549965,12.806655541874896,0.3322362546296295
3397,2.538681,12.662957509774033,0.33233433680555546
3398,2.533575,12.59846523761599,0.33243173148148136
3399,2.540731,12.688943198900022,0.3325292858796295
3400,2.523464,12.471723975800174,0.33262680902777764
3401,2.545212,12.745929936805826,0.3327251620370369
3402,2.540149,12.681560382566209,0.33282284027777764
3403,2.535086,12.617515907746732,0.3329204432870369
3404,2.558666,12.918572440133394,0.33301802546296283
3405,2.537169,12.643825585398945,0.33311556018518507
3406,2.536053,12.629722946781671,0.33321304166666654
3407,2.5016,12.202001552952776,0.3333105300925925
3408,2.564234,12.990703678492938,0.33340806365740727
3409,2.565842,13.011609533811004,0.33350590162037025
3410,2.551036,12.820378817462558,0.33360363425925915
3411,2.560788,12.94601475685193,0.3337016076388888
3412,2.551254,12.823173964704749,0.333799486111111
3413,2.555181,12.873629573611204,0.33389727430555544
3414,2.526652,12.511547276448102,0.33399487384259247
3415,2.555461,12.877234694585198,0.3340924039351851
3416,2.529544,12.547783042834475,0.33418992592592583
3417,2.566954,13.026086491309188,0.334287574074074
3418,2.563244,12.977849245845277,0.33438515509259253
3419,2.54784,12.779470293404778,0.33448265624999995
3420,2.524236,12.48135586414002,0.33458037847222216
3421,2.537685,12.650351482937781,0.334677855324074
3422,2.567422,13.032184126522468,0.3347752592592592
3423,2.53772,12.650794252988115,0.33487292129629626
3424,2.521311,12.444901239117508,0.3349703645833333
3425,2.527641,12.523927317625775,0.3350679143518518
3426,2.547907,12.780326546598598,0.33516542476851846
3427,2.549205,12.796926181288406,0.33526291203703695
3428,2.556192,12.88665139453144,0.33536033449074065
3429,2.542867,12.716075748820177,0.33545779166666656
3430,2.554002,12.858460508265072,0.3355552650462962
3431,2.557743,12.906654098931744,0.33565272916666655
3432,2.545989,12.755837372907202,0.3357502974537036
3433,2.540126,12.681268710031656,0.3358479374999999
3434,2.548974,12.793970432742624,0.33594551967592584
3435,2.524615,12.486087194543002,0.3360429039351851
3436,2.501351,12.19896363280285,0.33614052546296286
3437,2.534323,12.607892414938503,0.3362380451388888
3438,2.549138,12.796068815956318,0.33633550347222213
3439,2.538082,12.655374669513067,0.336433042824074
3440,2.518479,12.40970713717872,0.33653045601851844
3441,2.548277,12.785056142342098,0.33662774074074064
3442,2.517352,12.395729275239793,0.3367252291666666
3443,2.564514,12.994341584806032,0.336822730324074
3444,2.546274,12.759473304654142,0.3369200763888888
3445,2.50908,12.29361473070456,0.33701750231481475
3446,2.517596,12.398754202209037,0.33711502199074067
3447,2.541283,12.695949429087444,0.337212449074074
3448,2.535375,12.621162896808608,0.3373098530092592
3449,2.540731,12.688943198900022,0.3374073055555555
3450,2.507328,12.272095174332275,0.3375046574074073
3451,2.516016,12.379179638547,0.3376021273148147
3452,2.516129,12.380578564884003,0.3376996377314814
3453,2.533258,12.59447215707237,0.3377979872685184
3454,2.546256,12.759243636201683,0.3378953148148147
3455,2.505264,12.24679169206909,0.33799377083333326
3456,2.515975,12.378672102586378,0.33809211226851843
3457,2.548131,12.783189660401813,0.3381894537037036
3458,2.557063,12.897880557486635,0.33828682291666656
3459,2.542784,12.715020358332335,0.3383843067129629
3460,2.518312,12.407634889124337,0.3384829675925925
3461,2.558017,12.910191006689086,0.3385808333333332
3462,2.558368,12.914723279099714,0.33867965046296283
3463,2.538569,12.661539337952043,0.33877790162037025
3464,2.546363,12.76060894831365,0.338875429398148
3465,2.512271,12.332906311687223,0.3389726562499999
3466,2.515692,12.375169434032324,0.3390703032407406
3467,2.559489,12.92920880151397,0.33916854745370356
3468,2.538255,12.657564238723166,0.3392669652777776
3469,2.508179,12.282543172318242,0.33936586111111094
3470,2.504524,12.237732418561562,0.3394634525462961
3471,2.563395,12.979809049042816,0.33956134953703687
3472,2.5676,13.034504061765102,0.3396596874999998
3473,2.530199,12.556004532971617,0.3397572766203702
3474,2.521383,12.445797304264685,0.33985490972222204
3475,2.519142,12.417937501074816,0.3399527835648146
3476,2.524995,12.490832809286628,0.3400513923611109
3477,2.541993,12.704966753953622,0.3401494652777776
3478,2.53466,12.612141990695633,0.3402473495370369
3479,2.515189,12.368946289059174,0.3403471180555554
3480,2.505762,12.252892113210525,0.3404447453703702
3481,2.531603,12.573645544428098,0.3405423958333332
3482,2.540516,12.686215369364444,0.34064063888888874
3483,2.545223,12.746070142806264,0.3407392858796295
3484,2.522867,12.464280578661743,0.34083728240740724
3485,2.533401,12.596273295369151,0.3409352152777776
3486,2.530015,12.55369444067256,0.34103322800925906
3487,2.534744,12.613201455119732,0.34113073148148126
3488,2.540854,12.690504034902931,0.34122819444444424
3489,2.548722,12.790746758393604,0.3413264374999998
3490,2.488278,12.040524475259696,0.341425253472222
3491,2.511262,12.320468685056571,0.34152372916666646
3492,2.509566,12.299590879550223,0.3416214652777776
3493,2.561195,12.951284857250652,0.3417192905092591
3494,2.545257,12.74650351655843,0.341817153935185
3495,2.530187,12.555853861821252,0.3419147002314813
3496,2.514293,12.357868676695622,0.3420127268518517
3497,2.549287,12.79797557225971,0.34211139120370354
3498,2.501643,12.202526250300469,0.3422089189814813
3499,2.547318,12.772801150709304,0.3423064525462961
3500,2.530821,12.563816797153414,0.3424040474537035
3501,2.551414,12.82522583668448,0.342504247685185
3502,2.501616,12.202196786539488,0.34260242708333316
3503,2.536737,12.63836463239683,0.34270002314814796
3504,2.534928,12.615522497716844,0.34279745717592575
3505,2.522341,12.457726091058724,0.34289489699074055
3506,2.524853,12.48905923695432,0.3429924386574072
3507,2.535153,12.6183613096332,0.3430900335648146
3508,2.5283,12.532183305777403,0.3431874861111109
3509,2.508617,12.287924104565855,0.34328514699074053
3510,2.530882,12.5645832133535,0.34338294675925907
3511,2.528895,12.539642173637473,0.34348046064814797
3512,2.552778,12.842731380792717,0.34357797685185165
3513,2.504753,12.24053518018937,0.34367557175925906
3514,2.530028,12.55385763976108,0.3437731585648146
3515,2.51236,12.334003989194887,0.3438707986111109
3516,2.536228,12.631933341701272,0.3439682291666665
3517,2.532227,12.581493947694971,0.3440657314814813
3518,2.547569,12.77600752618142,0.344163466435185
3519,2.557075,12.89803533298198,0.34426122337962944
3520,2.472236,11.8489114191669,0.3443582800925924
3521,2.556699,12.893186583318839,0.3444558287037035
3522,2.521663,12.449282615430672,0.34455367824074057
3523,2.54048,12.685758673831712,0.34465143981481466
3524,2.53395,12.603190548020422,0.3447494930555554
3525,2.518278,12.40721303670964,0.3448474768518517
3526,2.536604,12.636683841675783,0.3449453252314813
3527,2.548197,12.784033378761798,0.345043028935185
3528,2.533895,12.602497391602254,0.34514075578703685
3529,2.519739,12.425353223135739,0.34523855439814793
3530,2.505546,12.25024577432896,0.34533634953703685
3531,2.523439,12.471412186598162,0.34543409490740723
3532,2.527599,12.523401323724382,0.34553206944444426
3533,2.528694,12.537121958850648,0.34562977314814797
3534,2.542268,12.708461100261552,0.3457274201388887
3535,2.545656,12.751590386224553,0.3458249814814813
3536,2.522109,12.454836233841998,0.34592252430555537
3537,2.540392,12.684642376186234,0.3460201979166665
3538,2.547881,12.779994262428097,0.3461177453703702
3539,2.502047,12.207457066863471,0.34621536111111095
3540,2.526808,12.513499230071652,0.3463131377314813
3541,2.527083,12.516940915569991,0.34641168634259245
3542,2.52807,12.529301235067908,0.3465092210648147
3543,2.551496,12.826277548322679,0.3466067881944443
3544,2.528447,12.534025672133959,0.34670421296296283
3545,2.540427,12.685086346438835,0.3468018831018517
3546,2.532706,12.587521926881681,0.3468993310185184
3547,2.519815,12.426297585866026,0.34699699768518505
3548,2.538242,12.657399691457622,0.3470951435185184
3549,2.546846,12.766773811130205,0.3471926296296295
3550,2.516563,12.385952902127991,0.3472903287037036
3551,2.512393,12.334411018042466,0.34738782175925914
3552,2.529309,12.544834660267929,0.34748541550925915
3553,2.532384,12.583469397313499,0.34758305555555546
3554,2.546979,12.768471904967823,0.34768071412037027
3555,2.514318,12.358177627274406,0.347778355324074
3556,2.533021,12.591487620852659,0.34787582523148136
3557,2.533016,12.591424663571944,0.3479734525462962
3558,2.503777,12.228594245977288,0.34807104513888876
3559,2.54059,12.687154184037487,0.34816859490740726
3560,2.530811,12.563691159613631,0.34826703240740725
3561,2.530609,12.56115355030656,0.3483645567129628
3562,2.544566,12.737698725034306,0.3484621284722221
3563,2.5079,12.279116820771428,0.348559429398148
3564,2.520119,12.430075754584681,0.34865777083333316
3565,2.55439,12.863450558949511,0.34875534722222207
3566,2.527399,12.520896893910967,0.34885294328703687
3567,2.514504,12.360476462098093,0.34895252199074056
3568,2.52254,12.460205425236412,0.3490502488425924
3569,2.535051,12.6170743024181,0.34914784027777757
3570,2.550692,12.815969365618555,0.3492460648148146
3571,2.496867,12.14438593451898,0.34934414699074057
3572,2.541418,12.697663497957418,0.34944254398148134
3573,2.514981,12.366373815777548,0.34954004050925913
3574,2.524497,12.48461392317877,0.3496374895833332
3575,2.538677,12.662906858045297,0.34973497222222205
3576,2.536981,12.641448769616572,0.34983249884259243
3577,2.536374,12.633777738606858,0.3499300254629628
3578,2.522142,12.45524725021945,0.350027679398148
3579,2.517827,12.401618645260182,0.3501251817129628
3580,2.515602,12.374055718901191,0.35022261226851836
3581,2.505276,12.246938654451165,0.3503201342592591
3582,2.492119,12.086861062216375,0.3504178634259258
3583,2.514555,12.361106862472733,0.35051554745370356
3584,2.542475,12.71109202400052,0.35061348263888875
3585,2.536216,12.63178175941067,0.3507121134259258
3586,2.542903,12.716533535787246,0.350809773148148
3587,2.519167,12.41824795339298,0.3509074594907406
3588,2.499094,12.17146161958025,0.3510050312499999
3589,2.521208,12.443619480301594,0.35110273148148136
3590,2.509012,12.292778793325063,0.35120029745370357
3591,2.538845,12.665034405106397,0.35129871874999985
3592,2.507391,12.272868340682747,0.351397648148148
3593,2.546546,12.762944353434245,0.35149591898148136
3594,2.485501,12.007134322477018,0.3515935347222221
3595,2.528609,12.53605634877321,0.3516910266203703
3596,2.518725,12.412760300658174,0.351788449074074
3597,2.500921,12.193719206073297,0.35188621180555546
3598,2.534566,12.610956505067202,0.35198473958333326
3599,2.471999,11.84610355990502,0.3520842106481481
3600,2.530219,12.556255655573496,0.35218268634259253
3601,2.517006,12.391441094808554,0.3522805902777777
3602,2.510107,12.306246758468973,0.35237859837962954
3603,2.524111,12.47979579216353,0.3524764837962962
3604,2.5505,12.813508935709184,0.3525742939814814
3605,2.505097,12.244746648622398,0.3526718148148147
3606,2.512846,12.33999977199084,0.35276929745370356
3607,2.526278,12.506868832690229,0.352866861111111
3608,2.520637,12.436516201757359,0.352964267361111
3609,2.527267,12.519244244598228,0.35306170138888876
3610,2.503034,12.219511775008323,0.35315924421296285
3611,2.518135,12.405438932096894,0.3532568784722221
3612,2.53329,12.594875186629837,0.35335430787037025
3613,2.522244,12.456517750233372,0.35345180439814805
3614,2.517599,12.398791398527438,0.3535493333333332
3615,2.550541,12.81403430034545,0.3536469999999999
3616,2.500471,12.188233266859465,0.353744679398148
3617,2.52168,12.449494255034063,0.35384216319444434
3618,2.495625,12.12931197005795,0.3539395694444443
3619,2.489061,12.049955897843905,0.3540372581018517
3620,2.528529,12.535053504379619,0.35413485879629614
3621,2.52841,12.533561921763527,0.3542322083333332
3622,2.516463,12.384714368765476,0.3543296412037036
3623,2.540855,12.690516725413314,0.3544271319444443
3624,2.548982,12.794072784915496,0.35452474189814803
3625,2.508749,12.28954621760476,0.3546223773148147
3626,2.529923,12.552539553909623,0.35471972916666655
3627,2.511095,12.318411338579383,0.354817204861111
3628,2.527638,12.52388974590018,0.35491490277777765
3629,2.516006,12.379055847369571,0.35501351273148135
3630,2.528227,12.531268489787266,0.35511160763888877
3631,2.524378,12.483128342515712,0.35520980902777766
3632,2.507421,12.273236532255812,0.35530731249999986
3633,2.511144,12.319014955523464,0.35540503009259244
3634,2.528237,12.53139380309873,0.35550251041666653
3635,2.518625,12.411519086689843,0.35560026388888877
3636,2.513862,12.352543582936107,0.3556981921296295
3637,2.543478,12.723847645175255,0.35579607175925915
3638,2.519128,12.41776365116675,0.35589405439814803
3639,2.490628,12.068852980733473,0.3559919282407406
3640,2.466746,11.78403913283966,0.35608972916666654
3641,2.518332,12.407883044303665,0.3561871261574073
3642,2.53689,12.64029845011887,0.35628462615740725
3643,2.511906,12.328405622309235,0.35638248611111095
3644,2.532067,12.579481069697877,0.3564804953703702
3645,2.476675,11.901625649631193,0.3565784189814813
3646,2.52099,12.440907066918685,0.35667603356481464
3647,2.534893,12.615080962156341,0.3567736643518517
3648,2.527865,12.52673299156867,0.35687182870370354
3649,2.503926,12.23041644227019,0.35697045601851835
3650,2.508005,12.28040619572861,0.3570680127314813
3651,2.513756,12.351234282710452,0.3571657766203702
3652,2.509787,12.302309389518895,0.35726328703703686
3653,2.532091,12.579782980866467,0.35736267592592574
3654,2.519882,12.427130175695728,0.357460216435185
3655,2.50809,12.281450074619475,0.3575577013888887
3656,2.515755,12.375949094265707,0.3576552291666665
3657,2.496912,12.144932444182409,0.35775287152777757
3658,2.509386,12.297377152433324,0.3578504490740739
3659,2.52018,12.430834012332333,0.3579482384259257
3660,2.515714,12.375441690754686,0.358045685185185
3661,2.530048,12.55410871942466,0.35814342013888867
3662,2.509428,12.297893653120166,0.3582408460648146
3663,2.520715,12.437486287853964,0.3583383761574072
3664,2.506043,12.256335659689961,0.3584360300925924
3665,2.522953,12.465352552885733,0.3585341261574072
3666,2.533861,12.602068913975103,0.3586326874999998
3667,2.504217,12.233976011347076,0.3587314768518517
3668,2.482471,11.970807768002473,0.35882904513888875
3669,2.49263,12.09303902655462,0.3589265219907406
3670,2.53903,12.667377653215109,0.35902414930555543
3671,2.517542,12.398084687559177,0.3591215208333332
3672,2.53335,12.595630901812262,0.35921938425925914
3673,2.510712,12.313694290409089,0.35931696180555545
3674,2.544324,12.734616574898055,0.35941439930555547
3675,2.514837,12.364593186156485,0.3595119513888888
3676,2.546586,12.763454881418872,0.3596095451388888
3677,2.523335,12.47011522717381,0.3597071030092592
3678,2.531449,12.571709352104888,0.3598048645833333
3679,2.531478,12.572073936962555,0.35990287499999996
3680,2.542572,12.712325059728112,0.3600020081018518
3681,2.517392,12.396225114327521,0.3600995104166666
3682,2.497579,12.153035816296853,0.3601970405092592
3683,2.531893,12.577292430408892,0.3602944756944444
3684,2.504388,12.236068200122057,0.36039204976851846
3685,2.52863,12.536319608720758,0.360489943287037
3686,2.505897,12.254546365305316,0.3605885509259259
3687,2.522349,12.457825753266105,0.36068823148148144
3688,2.496642,12.141653755065429,0.36078693634259257
3689,2.523306,12.469753599075855,0.36088448611111107
3690,2.530827,12.563892180280346,0.3609820219907407
3691,2.513172,12.344023267710677,0.361079917824074
3692,2.537279,12.645216482711286,0.36117790740740735
3693,2.508922,12.291672493017929,0.36127653240740737
3694,2.510531,12.311465713434826,0.3613754560185185
3695,2.530545,12.560349662204032,0.36147335300925926
3696,2.503437,12.224437230666304,0.3615707997685185
3697,2.51421,12.356843016160957,0.36166823726851854
3698,2.52716,12.51790475712791,0.3617657488425926
3699,2.504822,12.241379806256067,0.3618633321759259
3700,2.53673,12.63827616415404,0.3619620821759259
3701,2.532778,12.588428261088055,0.36206022916666664
3702,2.539433,12.672483635195618,0.36215781134259256
3703,2.525846,12.501467032227415,0.3622553819444444
3704,2.527863,12.526707938127743,0.36235293287037035
3705,2.516414,12.384107532629017,0.36245069560185184
3706,2.534036,12.604274469015486,0.36254811111111107
3707,2.539099,12.66825173242857,0.36264560995370365
3708,2.521315,12.444951018822024,0.3627432314814814
3709,2.529476,12.546929822597377,0.3628407106481481
3710,2.501652,12.202636073530924,0.3629382418981481
3711,2.511408,12.322267604802535,0.3630359537037037
3712,2.531151,12.567963540871556,0.36313348263888884
3713,2.51578,12.37625849686058,0.3632308668981481
3714,2.515621,12.374290828193383,0.3633282384259259
3715,2.519429,12.421501960613103,0.36342547222222216
3716,2.501687,12.203063173267699,0.3635229212962962
3717,2.495542,12.128305278942694,0.3636204675925925
3718,2.534234,12.60677036244565,0.36371895138888877
3719,2.504516,12.237634517093822,0.3638165196759258
3720,2.516794,12.388814387737245,0.36391395717592584
3721,2.520462,12.434340001845102,0.36401145949074065
3722,2.543552,12.724789244739753,0.3641090613425925
3723,2.529841,12.551510287866684,0.36420657870370365
3724,2.490713,12.0698788768368,0.3643040972222222
3725,2.497352,12.150277390259753,0.36440232754629626
3726,2.533516,12.59772195009417,0.3645000185185185
3727,2.52308,12.466935753191047,0.3645975358796296
3728,2.514132,12.355879219994238,0.364694994212963
3729,2.529884,12.552050014413101,0.3647923576388889
3730,2.497604,12.153339645990116,0.3648898240740741
3731,2.529062,12.541736468749248,0.3649871840277778
3732,2.529691,12.549627702520938,0.36508461458333336
3733,2.498499,12.164221753990201,0.3651820752314815
3734,2.500768,12.191853709748875,0.36527965046296296
3735,2.509817,12.30267846433667,0.36537706134259257
3736,2.52016,12.43058539813824,0.3654744537037037
3737,2.514243,12.357250798708868,0.3655729004629629
3738,2.505794,12.253284212031696,0.3656703460648148
3739,2.514477,12.360142733738966,0.36577001388888886
3740,2.549032,12.794712504547599,0.365867474537037
3741,2.50195,12.206273000956108,0.36596491087962957
3742,2.510047,12.305508405814265,0.36606235185185176
3743,2.515343,12.370851253466187,0.36615978587962955
3744,2.552612,12.840599664320866,0.36625728703703697
3745,2.5427,12.713952341479569,0.3663548217592592
3746,2.499285,12.17378659077727,0.36645255208333327
3747,2.503685,12.227469267056481,0.3665501006944444
3748,2.515904,12.377793248066798,0.3666477442129629
3749,2.524687,12.486986225185728,0.36674581249999993
3750,2.508273,12.283697785642415,0.36684365393518514
3751,2.53013,12.555138198547725,0.36694148032407403
3752,2.522814,12.463619989296841,0.3670392847222222
3753,2.501737,12.203673341680444,0.36713795370370367
3754,2.507062,12.268831231139595,0.36723672569444443
3755,2.518244,12.40679119863768,0.3673344722222222
3756,2.510979,12.316982485739171,0.3674324548611111
3757,2.5146,12.361663124797353,0.3675306493055555
3758,2.492857,12.095784458008328,0.3676287893518518
3759,2.514756,12.363591694669362,0.367726636574074
3760,2.517751,12.40067615805811,0.36782435995370366
3761,2.529513,12.547394067589297,0.36792265856481476
3762,2.521517,12.447465152846812,0.36802020486111103
3763,2.521567,12.448087541664048,0.3681180127314814
3764,2.513446,12.347405993498299,0.36821584953703695
3765,2.518363,12.408267694640086,0.36831373726851846
3766,2.517208,12.393944418736915,0.36841133333333326
3767,2.474657,11.877632386415183,0.36850974189814806
3768,2.517989,12.403627870223541,0.3686079351851851
3769,2.522284,12.457016020908727,0.36870653587962954
3770,2.491236,12.076193074508149,0.36880401041666655
3771,2.487717,12.033771635377763,0.3689015057870369
3772,2.521015,12.441218093483172,0.3689991574074073
3773,2.496271,12.137150037013658,0.3690967175925925
3774,2.521168,12.443121745477141,0.36919480671296284
3775,2.550216,12.809870415865714,0.36929325462962953
3776,2.508415,12.285442194578078,0.36939151736111103
3777,2.511122,12.318743940175622,0.36948916898148143
3778,2.515188,12.368933920119073,0.36958677430555553
3779,2.520279,12.432064725818867,0.36968432291666664
3780,2.520235,12.431517727004994,0.36978211921296295
3781,2.515222,12.36935447102168,0.36987942013888886
3782,2.512714,12.338370999522283,0.3699773368055555
3783,2.522916,12.464891343373706,0.3700749085648148
3784,2.500679,12.190768683053111,0.3701723587962963
3785,2.495439,12.127056127831352,0.3702699467592592
3786,2.492597,12.092639962851331,0.3703675891203703
3787,2.529103,12.54225069048594,0.3704655486111111
3788,2.485505,12.007182351110362,0.37056386574074074
3789,2.508558,12.287199138430394,0.37066265972222223
3790,2.531265,12.569396370384945,0.3707604803240741
3791,2.510115,12.306345208836838,0.3708578217592593
3792,2.493167,12.099534732452819,0.3709553472222223
3793,2.515517,12.373003968865097,0.37105303125000005
3794,2.539964,12.679214510895253,0.37115060300925934
3795,2.522595,12.46089075538121,0.371248738425926
3796,2.490217,12.063893701360112,0.3713478020833334
3797,2.516017,12.37919201773283,0.3714458472222223
3798,2.509401,12.297561614474072,0.37154349537037046
3799,2.508936,12.291844577637416,0.37164113773148155
3800,2.515461,12.37231110004335,0.3717390416666667
3801,2.519489,12.422247273089889,0.37183774652777785
3802,2.487436,12.030390620603049,0.37193532523148154
3803,2.486064,12.013896242402419,0.37203301851851855
3804,2.524481,12.484414170954022,0.3721305300925926
3805,2.511573,12.32430094670342,0.3722281435185185
3806,2.50959,12.299886073273646,0.3723267361111111
3807,2.526652,12.511547276448102,0.3724242060185185
3808,2.507536,12.27464803561691,0.3725217615740741
3809,2.512662,12.337729420911499,0.3726194178240741
3810,2.506727,12.26472186103509,0.3727172789351852
3811,2.504945,12.242885588575954,0.3728149594907407
3812,2.49811,12.159490791959675,0.3729128148148148
3813,2.50718,12.270279038643833,0.3730111018518518
3814,2.538313,12.658298398739447,0.3731086921296296
3815,2.502851,12.217275808950633,0.3732061782407407
3816,2.523905,12.47722521900847,0.37330396643518515
3817,2.533526,12.59784792794356,0.3734015763888889
3818,2.505132,12.245175222255094,0.3734992233796296
3819,2.490054,12.061927446940881,0.37359674768518514
3820,2.493179,12.099679927740777,0.3736943738425925
3821,2.528518,12.534915619549441,0.37379207060185177
3822,2.509355,12.296995939650422,0.3738895254629629
3823,2.492507,12.091551674228395,0.3739870752314814
3824,2.51252,12.335977587716826,0.37408464351851844
3825,2.486587,12.020181153498191,0.37418316087962955
3826,2.50949,12.298656146163697,0.3742807071759258
3827,2.52527,12.494268260662093,0.37438000810185174
3828,2.524474,12.484326780360691,0.37447751041666655
3829,2.490802,12.070953143861011,0.3745753217592591
3830,2.485753,12.010160501608835,0.3746727800925925
3831,2.528875,12.539391383301917,0.3747705520833332
3832,2.502054,12.207542519362018,0.3748682175925925
3833,2.507303,12.271788375787915,0.3749658472222221
3834,2.532336,12.582865405278353,0.3750632557870369
3835,2.518819,12.413927154967732,0.37516085648148134
3836,2.52265,12.4615761232202,0.3752583784722221
3837,2.511304,12.32098615560815,0.37535579745370357
3838,2.496098,12.13505049167316,0.3754534131944443
3839,2.515128,12.368191806347497,0.37555095486111095
3840,2.50709,12.269174763223493,0.3756485706018517
3841,2.524834,12.48882194708308,0.3757461238425924
3842,2.516374,12.383612178234861,0.3758434502314813
3843,2.521143,12.442810671321947,0.37594102546296276
3844,2.533389,12.596122140996536,0.37603841550925904
3845,2.515496,12.372744138509981,0.376135915509259
3846,2.512141,12.331303138075246,0.37623338888888863
3847,2.520895,12.439725236885144,0.376330728009259
3848,2.497899,12.156925410059877,0.3764281226851849
3849,2.534254,12.607022500374265,0.3765254398148145
3850,2.53617,12.631200710813953,0.3766229328703701
3851,2.526997,12.515864504937573,0.37672033796296267
3852,2.493474,12.103249859858558,0.3768179421296293
3853,2.488423,12.042270477890737,0.37691538425925897
3854,2.521985,12.453291929897825,0.37701290972222196
3855,2.515404,12.371605898409085,0.3771104317129627
3856,2.508832,12.290566292273335,0.37720783449074047
3857,2.491378,12.077908015682674,0.37730534606481453
3858,2.488553,12.043836074814458,0.3774028159722219
3859,2.491949,12.084806470481041,0.37750024189814785
3860,2.510753,12.314199162224797,0.377597796296296
3861,2.521904,12.452283254103428,0.3776952175925923
3862,2.511081,12.318238882027838,0.3777931249999997
3863,2.499192,12.172654481268236,0.3778914606481478
3864,2.524477,12.484364233397212,0.37798958564814783
3865,2.512657,12.337667732418613,0.37808671296296265
3866,2.50755,12.27481988189233,0.37818403124999966
3867,2.528226,12.531255958525046,0.3782817523148145
3868,2.507388,12.272831522132954,0.37837924999999967
3869,2.500089,12.183578250916176,0.378477265046296
3870,2.501803,12.204478810701186,0.37857570949074043
3871,2.533014,12.591399480747803,0.378673483796296
3872,2.500537,12.189037716801632,0.3787710752314812
3873,2.499812,12.180203867114402,0.37886874189814784
3874,2.503035,12.21952399452621,0.3789662199074071
3875,2.499188,12.172605790747696,0.379064333333333
3876,2.522357,12.457925416270779,0.3791627187499997
3877,2.469551,11.817139764540187,0.37926194791666634
3878,2.526716,12.51234804109799,0.3793602199074071
3879,2.53439,12.60873717202935,0.3794577974537034
3880,2.51401,12.354371894678112,0.3795554907407404
3881,2.514571,12.361304641764763,0.3796531331018515
3882,2.506089,12.256899464097707,0.3797506192129626
3883,2.506084,12.256838179753599,0.37984898842592557
3884,2.527312,12.519807623265155,0.3799476192129626
3885,2.517382,12.396101152696186,0.38004560879629595
3886,2.51871,12.412574110650095,0.38014333912037
3887,2.469525,11.816832522900468,0.38024081712962926
3888,2.481172,11.955267784116554,0.3803382245370367
3889,2.508824,12.290467968136296,0.38043601388888854
3890,2.5208,12.438543519120122,0.38053506597222186
3891,2.507122,12.269567383097801,0.3806350219907404
3892,2.529844,12.551547942454034,0.3807332696759256
3893,2.499485,12.17622159158739,0.3808320081018515
3894,2.493266,12.100732645687058,0.3809293634259256
3895,2.506799,12.265604952800004,0.38102680555555524
3896,2.489339,12.053306251261056,0.3811251064814812
3897,2.482639,11.972819032648998,0.38122379282407376
3898,2.504973,12.24322839417169,0.3813235972222219
3899,2.488518,12.043414547928602,0.3814220451388886
3900,2.523544,12.472721753628814,0.38152035300925896
3901,2.50506,12.24429360137782,0.3816218194444441
3902,2.508713,12.28910380190446,0.3817201828703701
3903,2.502887,12.21771563879664,0.3818176446759256
3904,2.510128,12.306505192364444,0.38191507523148116
3905,2.486491,12.019027271494677,0.38201258796296267
3906,2.500902,12.193487527609335,0.3821101423611108
3907,2.521355,12.445448826818868,0.3822077071759256
3908,2.485677,12.009247764095178,0.3823052071759256
3909,2.523409,12.47103804984464,0.38240282754629595
3910,2.48538,12.00568154711868,0.38250040509259225
3911,2.487664,12.033133862382224,0.3825980428240737
3912,2.508124,12.28186765102077,0.3826956157407404
3913,2.524225,12.481218569980632,0.38279390624999965
3914,2.501763,12.203990641312208,0.3828933356481478
3915,2.494314,12.11342086096325,0.38299110532407377
3916,2.486847,12.023306806915436,0.3830888310185182
3917,2.470719,11.830950247537189,0.38318661921296265
3918,2.475536,11.888077415200469,0.3832843171296293
3919,2.495476,12.127504837209154,0.38338184027777744
3920,2.493051,12.098131267826373,0.38347933680555524
3921,2.529613,12.548648869735114,0.383576733796296
3922,2.480773,11.95049858378943,0.3836743391203701
3923,2.529789,12.550857626301065,0.38377190162037006
3924,2.531964,12.578185449873263,0.38386952777777744
3925,2.490877,12.071858499297203,0.38396707523148116
3926,2.506145,12.257585869686876,0.38406475115740707
3927,2.522964,12.465489672517974,0.3841621620370367
3928,2.539034,12.667428322827064,0.3842598240740737
3929,2.508179,12.282543172318242,0.38435764814814777
3930,2.490034,12.06168621080431,0.38445545138888854
3931,2.488497,12.043161638878653,0.3845532048611108
3932,2.504253,12.234416442411192,0.38465084722222187
3933,2.511606,12.324707655345321,0.38474845486111076
3934,2.51042,12.310099216582612,0.3848459733796293
3935,2.51045,12.310468525098713,0.38494368518518485
3936,2.491729,12.082148105488406,0.38504159027777746
3937,2.490879,12.07188264303835,0.3851394236111108
3938,2.514422,12.359462944582988,0.38523721180555526
3939,2.533714,12.60021654599713,0.3853349247685182
3940,2.497761,12.155247870106212,0.3854326412037034
3941,2.491624,12.080879546537838,0.3855301550925923
3942,2.525334,12.495067919419583,0.38562769212962933
3943,2.514985,12.36642328137174,0.3857254108796293
3944,2.503082,12.220098325650627,0.38582310532407377
3945,2.520511,12.434949299432859,0.3859207268518515
3946,2.535723,12.625555825822008,0.3860187268518515
3947,2.513507,12.348159208236721,0.3861162881944441
3948,2.505019,12.243791595631352,0.3862137222222219
3949,2.517031,12.391750884708282,0.38631124884259227
3950,2.491145,12.07509419093833,0.3864089224537034
3951,2.470207,11.82489435145214,0.3865065648148145
3952,2.524238,12.481380826876709,0.3866040335648145
3953,2.501946,12.206224175961752,0.38670155671296264
3954,2.513123,12.34341842538932,0.3867991018518515
3955,2.511004,12.317290414150403,0.3868967256944441
3956,2.504932,12.242726432097822,0.3869943506944441
3957,2.50196,12.206395064296434,0.3870917881944441
3958,2.498209,12.160694641137631,0.387189327546296
3959,2.480353,11.945480428270665,0.38728701273148114
3960,2.51632,12.382943481232218,0.3873843981481478
3961,2.539194,12.669455273510447,0.38748181597222187
3962,2.515918,12.377966538385303,0.38757928124999963
3963,2.520858,12.439264975566267,0.3876768506944441
3964,2.506307,12.259571759450493,0.3877743055555552
3965,2.507804,12.277938082136998,0.3878719525462959
3966,2.512841,12.339938072146227,0.3879694687499996
3967,2.505548,12.250270274845013,0.38806693287037
3968,2.520053,12.429255396656984,0.3881644745370366
3969,2.517207,12.39393202479869,0.38826206249999956
3970,2.482361,11.969491051568726,0.38835951620370324
3971,2.48396,11.988645577722654,0.388456913194444
3972,2.501407,12.199646793894617,0.38855539814814766
3973,2.497091,12.14710658166942,0.38865309837962914
3974,2.509028,12.29297547935924,0.38875072106481434
3975,2.511507,12.323487569682676,0.3888482164351847
3976,2.502218,12.209544720511204,0.38894591666666617
3977,2.492875,12.096002184088103,0.3890435115740736
3978,2.498605,12.16551122983714,0.38914145949074025
3979,2.489857,12.059551481274136,0.389239668981481
3980,2.496392,12.138618721021727,0.38933721064814764
3981,2.46584,11.773367628306822,0.38943589930555506
3982,2.481912,11.964117956436695,0.3895334374999995
3983,2.503659,12.227151356988387,0.3896310914351847
3984,2.487726,12.03387993980985,0.3897284282407403
3985,2.492679,12.09363159998485,0.3898265543981477
3986,2.49499,12.121612301860342,0.3899257777777773
3987,2.477775,11.914724640970205,0.3900242280092588
3988,2.511366,12.321750080431226,0.39012145023148104
3989,2.498851,12.168504313733907,0.3902199872685181
3990,2.514292,12.357856318833129,0.3903173495370366
3991,2.482039,11.965637495905877,0.3904149097222218
3992,2.504328,12.235334058054534,0.39051308680555513
3993,2.503848,12.229462506991656,0.39061115509259214
3994,2.499512,12.176550354008638,0.3907086840277773
3995,2.477346,11.909614320341378,0.3908062974537032
3996,2.503149,12.22091709966707,0.3909037905092588
3997,2.495641,12.129506040602031,0.3910014317129625
3998,2.505827,12.253688577082682,0.3910988113425921
3999,2.492988,12.097369109564738,0.3911974918981477
4000,2.474955,11.881172448309357,0.3912967511574069
4001,2.479858,11.9395688786879,0.39139458101851804
4002,2.518067,12.404595390930233,0.39149233101851805
4003,2.511229,12.32006211629839,0.3915897395833329
4004,2.500526,12.188903638124179,0.39168731134259216
4005,2.483965,11.988705521100398,0.39178491666666626
4006,2.497,12.146001245264053,0.391883969907407
4007,2.525572,12.498042099497795,0.3919828009259255
4008,2.513289,12.345467602924959,0.39208071296296254
4009,2.503078,12.220049445355084,0.39217815277777734
